{"type": "FeatureCollection", "metadata": {"eps_meters": 250.0, "min_samples": 5, "dataset_size": 1982}, "features": [{"type": "Feature", "properties": {"cluster_id": 0, "rank": 55, "reports": 5, "radius_m": 137.2, "boundary_kind": "cluster visualization boundary (50 m-buffered convex hull; not a pothole area)"}, "geometry": {"type": "Polygon", "coordinates": [[[77.63932, 12.87749], [77.63934, 12.87745], [77.63937, 12.87741], [77.63939, 12.87738], [77.6394, 12.87733], [77.63941, 12.87729], [77.63942, 12.87725], [77.63942, 12.8772], [77.63942, 12.87716], [77.63941, 12.87712], [77.6394, 12.87707], [77.63939, 12.87703], [77.63937, 12.87699], [77.63934, 12.87695], [77.63932, 12.87692], [77.63929, 12.87689], [77.63925, 12.87686], [77.63922, 12.87683], [77.63918, 12.87681], [77.63914, 12.87679], [77.6391, 12.87677], [77.63905, 12.87676], [77.63901, 12.87675], [77.63897, 12.87675], [77.63892, 12.87675], [77.63888, 12.87676], [77.63883, 12.87677], [77.63879, 12.87678], [77.63875, 12.8768], [77.63871, 12.87682], [77.63867, 12.87685], [77.63864, 12.87688], [77.63861, 12.87691], [77.63718, 12.87855], [77.63715, 12.87859], [77.63713, 12.87862], [77.63711, 12.87866], [77.63709, 12.87871], [77.63708, 12.87875], [77.63707, 12.87879], [77.63707, 12.87884], [77.63707, 12.87888], [77.63708, 12.87893], [77.63709, 12.87897], [77.6371, 12.87901], [77.63712, 12.87906], [77.63714, 12.87909], [77.63717, 12.87913], [77.6372, 12.87916], [77.63724, 12.87919], [77.63727, 12.87922], [77.63731, 12.87924], [77.63735, 12.87926], [77.6374, 12.87928], [77.63744, 12.87929], [77.63749, 12.87929], [77.63753, 12.8793], [77.63758, 12.87929], [77.63762, 12.87929], [77.63767, 12.87927], [77.63771, 12.87926], [77.63775, 12.87924], [77.63789, 12.87916], [77.63793, 12.87914], [77.63796, 12.87911], [77.638, 12.87908], [77.63803, 12.87905], [77.63932, 12.87749]]]}}, {"type": "Feature", "properties": {"cluster_id": 0, "rank": 55, "reports": 5, "radius_m": 137.2, "boundary_kind": "cluster visualization boundary (50 m-buffered convex hull; not a pothole area)", "feature": "centroid"}, "geometry": {"type": "Point", "coordinates": [77.6382, 12.8782]}}, {"type": "Feature", "properties": {"cluster_id": 1, "rank": 32, "reports": 7, "radius_m": 229.9, "boundary_kind": "cluster visualization boundary (50 m-buffered convex hull; not a pothole area)"}, "geometry": {"type": "Polygon", "coordinates": [[[77.68254, 13.03833], [77.68251, 13.03829], [77.68248, 13.03826], [77.68244, 13.03824], [77.6824, 13.03821], [77.68236, 13.03819], [77.68232, 13.03818], [77.68227, 13.03817], [77.68223, 13.03816], [77.68218, 13.03816], [77.68214, 13.03816], [77.68209, 13.03817], [77.68117, 13.03834], [77.68112, 13.03835], [77.68108, 13.03837], [77.68104, 13.03839], [77.681, 13.03841], [77.68096, 13.03844], [77.68093, 13.03847], [77.6809, 13.0385], [77.67974, 13.03986], [77.67972, 13.03989], [77.67969, 13.03993], [77.67967, 13.03997], [77.67966, 13.04001], [77.67965, 13.04006], [77.67964, 13.0401], [77.67964, 13.04014], [77.67964, 13.04019], [77.67965, 13.04023], [77.67966, 13.04028], [77.67967, 13.04032], [77.67969, 13.04036], [77.67971, 13.0404], [77.67974, 13.04043], [77.67977, 13.04046], [77.6798, 13.04049], [77.67984, 13.04052], [77.67988, 13.04054], [77.67992, 13.04056], [77.67996, 13.04058], [77.68001, 13.04059], [77.68005, 13.0406], [77.6801, 13.0406], [77.6833, 13.04062], [77.68335, 13.04062], [77.6834, 13.04061], [77.68344, 13.0406], [77.68348, 13.04058], [77.68353, 13.04056], [77.68357, 13.04054], [77.6836, 13.04051], [77.68364, 13.04048], [77.68367, 13.04045], [77.68369, 13.04041], [77.68372, 13.04037], [77.68374, 13.04033], [77.68375, 13.04029], [77.68376, 13.04024], [77.68377, 13.0402], [77.68377, 13.04015], [77.68376, 13.04011], [77.68376, 13.04006], [77.6837, 13.03982], [77.68369, 13.03978], [77.68367, 13.03975], [77.68366, 13.03971], [77.68363, 13.03967], [77.68361, 13.03964], [77.68254, 13.03833]]]}}, {"type": "Feature", "properties": {"cluster_id": 1, "rank": 32, "reports": 7, "radius_m": 229.9, "boundary_kind": "cluster visualization boundary (50 m-buffered convex hull; not a pothole area)", "feature": "centroid"}, "geometry": {"type": "Point", "coordinates": [77.6821, 13.0395]}}, {"type": "Feature", "properties": {"cluster_id": 2, "rank": 37, "reports": 6, "radius_m": 53.4, "boundary_kind": "cluster visualization boundary (50 m-buffered convex hull; not a pothole area)"}, "geometry": {"type": "Polygon", "coordinates": [[[77.57199, 12.96141], [77.57198, 12.96137], [77.57196, 12.96133], [77.57193, 12.96129], [77.57191, 12.96126], [77.57187, 12.96123], [77.57184, 12.9612], [77.5718, 12.96117], [77.57177, 12.96115], [77.57173, 12.96113], [77.57168, 12.96112], [77.57164, 12.96111], [77.5716, 12.9611], [77.57155, 12.9611], [77.57151, 12.9611], [77.57146, 12.96111], [77.57142, 12.96112], [77.57138, 12.96113], [77.57134, 12.96115], [77.5713, 12.96117], [77.57126, 12.9612], [77.57123, 12.96123], [77.5712, 12.96126], [77.57117, 12.9613], [77.57115, 12.96133], [77.57113, 12.96137], [77.57111, 12.96141], [77.5711, 12.96146], [77.57109, 12.9615], [77.57109, 12.96154], [77.57109, 12.96159], [77.5711, 12.96163], [77.57123, 12.96234], [77.57124, 12.96239], [77.57126, 12.96243], [77.57128, 12.96247], [77.5713, 12.96251], [77.57133, 12.96254], [77.57136, 12.96257], [77.57139, 12.9626], [77.57142, 12.96263], [77.57146, 12.96265], [77.5715, 12.96267], [77.57154, 12.96269], [77.57159, 12.9627], [77.57163, 12.96271], [77.57167, 12.96271], [77.57172, 12.96271], [77.57176, 12.96271], [77.57181, 12.9627], [77.57185, 12.96268], [77.57189, 12.96267], [77.57193, 12.96264], [77.57197, 12.96262], [77.57199, 12.9626], [77.57203, 12.96257], [77.57206, 12.96254], [77.57209, 12.9625], [77.57211, 12.96246], [77.57213, 12.96242], [77.57215, 12.96238], [77.57216, 12.96233], [77.57217, 12.96229], [77.57217, 12.96224], [77.57217, 12.9622], [77.57213, 12.96188], [77.57213, 12.96184], [77.57211, 12.96179], [77.57199, 12.96141]]]}}, {"type": "Feature", "properties": {"cluster_id": 2, "rank": 37, "reports": 6, "radius_m": 53.4, "boundary_kind": "cluster visualization boundary (50 m-buffered convex hull; not a pothole area)", "feature": "centroid"}, "geometry": {"type": "Point", "coordinates": [77.5717, 12.962]}}, {"type": "Feature", "properties": {"cluster_id": 3, "rank": 10, "reports": 11, "radius_m": 244.4, "boundary_kind": "cluster visualization boundary (50 m-buffered convex hull; not a pothole area)"}, "geometry": {"type": "Polygon", "coordinates": [[[77.5767, 12.9674], [77.57668, 12.96736], [77.57665, 12.96733], [77.57662, 12.9673], [77.57659, 12.96726], [77.57655, 12.96724], [77.57651, 12.96722], [77.57647, 12.9672], [77.57643, 12.96718], [77.57638, 12.96717], [77.57634, 12.96716], [77.57629, 12.96716], [77.57625, 12.96716], [77.5762, 12.96717], [77.57616, 12.96718], [77.57494, 12.96756], [77.5749, 12.96757], [77.57486, 12.96759], [77.57482, 12.96761], [77.57479, 12.96764], [77.57476, 12.96767], [77.57292, 12.96944], [77.57289, 12.96947], [77.57286, 12.96951], [77.57284, 12.96954], [77.57282, 12.96958], [77.5728, 12.96962], [77.57279, 12.96966], [77.57278, 12.9697], [77.57278, 12.96974], [77.57278, 12.96979], [77.57278, 12.96983], [77.57279, 12.9699], [77.5728, 12.96994], [77.57282, 12.96998], [77.57283, 12.97003], [77.57286, 12.97007], [77.57288, 12.97011], [77.57369, 12.97114], [77.57372, 12.97117], [77.57376, 12.97121], [77.57379, 12.97123], [77.57383, 12.97126], [77.57387, 12.97128], [77.57391, 12.97129], [77.57396, 12.97131], [77.574, 12.97131], [77.57405, 12.97132], [77.5763, 12.97137], [77.57635, 12.97137], [77.5764, 12.97137], [77.57644, 12.97136], [77.57649, 12.97134], [77.57653, 12.97132], [77.57657, 12.9713], [77.57661, 12.97127], [77.57664, 12.97124], [77.57667, 12.97121], [77.5767, 12.97117], [77.57672, 12.97113], [77.57759, 12.96946], [77.57761, 12.96942], [77.57762, 12.96938], [77.57763, 12.96933], [77.57764, 12.96929], [77.57764, 12.96925], [77.57764, 12.96921], [77.57763, 12.96916], [77.57762, 12.96912], [77.5776, 12.96908], [77.57759, 12.96904], [77.5767, 12.9674]]]}}, {"type": "Feature", "properties": {"cluster_id": 3, "rank": 10, "reports": 11, "radius_m": 244.4, "boundary_kind": "cluster visualization boundary (50 m-buffered convex hull; not a pothole area)", "feature": "centroid"}, "geometry": {"type": "Point", "coordinates": [77.5751, 12.9695]}}, {"type": "Feature", "properties": {"cluster_id": 4, "rank": 27, "reports": 8, "radius_m": 232.1, "boundary_kind": "cluster visualization boundary (50 m-buffered convex hull; not a pothole area)"}, "geometry": {"type": "Polygon", "coordinates": [[[77.67506, 12.91488], [77.67504, 12.91484], [77.67501, 12.9148], [77.67498, 12.91477], [77.67495, 12.91474], [77.67491, 12.91471], [77.67487, 12.91469], [77.67483, 12.91467], [77.67479, 12.91466], [77.67475, 12.91465], [77.6747, 12.91464], [77.67466, 12.91464], [77.67461, 12.91464], [77.67457, 12.91465], [77.67452, 12.91466], [77.67448, 12.91467], [77.67444, 12.91469], [77.6744, 12.91472], [77.67437, 12.91474], [77.67192, 12.91673], [77.67189, 12.91676], [77.67186, 12.91679], [77.67183, 12.91682], [77.67181, 12.91686], [77.67179, 12.9169], [77.67177, 12.91694], [77.67176, 12.91699], [77.67176, 12.91703], [77.67175, 12.91707], [77.67176, 12.91712], [77.67176, 12.91716], [77.67177, 12.9172], [77.67179, 12.91725], [77.67181, 12.91729], [77.67183, 12.91732], [77.67186, 12.91736], [77.67189, 12.91739], [77.67192, 12.91742], [77.67196, 12.91745], [77.672, 12.91747], [77.67204, 12.91749], [77.67208, 12.91751], [77.67212, 12.91752], [77.67574, 12.91825], [77.67579, 12.91825], [77.67583, 12.91825], [77.67588, 12.91825], [77.67592, 12.91825], [77.67596, 12.91824], [77.676, 12.91822], [77.67605, 12.9182], [77.67608, 12.91818], [77.67612, 12.91816], [77.67615, 12.91813], [77.67618, 12.9181], [77.67621, 12.91806], [77.67624, 12.91803], [77.67626, 12.91799], [77.67627, 12.91795], [77.67628, 12.91791], [77.67629, 12.91786], [77.6763, 12.91782], [77.6763, 12.91778], [77.67629, 12.91773], [77.67628, 12.91769], [77.67627, 12.91765], [77.67562, 12.91589], [77.67561, 12.91586], [77.67559, 12.91583], [77.67506, 12.91488]]]}}, {"type": "Feature", "properties": {"cluster_id": 4, "rank": 27, "reports": 8, "radius_m": 232.1, "boundary_kind": "cluster visualization boundary (50 m-buffered convex hull; not a pothole area)", "feature": "centroid"}, "geometry": {"type": "Point", "coordinates": [77.6742, 12.9165]}}, {"type": "Feature", "properties": {"cluster_id": 5, "rank": 6, "reports": 13, "radius_m": 336.2, "boundary_kind": "cluster visualization boundary (50 m-buffered convex hull; not a pothole area)"}, "geometry": {"type": "Polygon", "coordinates": [[[77.5975, 12.88778], [77.59746, 12.88776], [77.59742, 12.88775], [77.59738, 12.88774], [77.59733, 12.88773], [77.59729, 12.88773], [77.59724, 12.88773], [77.5972, 12.88774], [77.59716, 12.88775], [77.59711, 12.88776], [77.59707, 12.88778], [77.59703, 12.8878], [77.597, 12.88783], [77.59696, 12.88786], [77.59693, 12.88789], [77.59691, 12.88792], [77.59688, 12.88796], [77.59686, 12.888], [77.59685, 12.88804], [77.59684, 12.88808], [77.59683, 12.88813], [77.59683, 12.88817], [77.59683, 12.88822], [77.59705, 12.89087], [77.59705, 12.89092], [77.59706, 12.89096], [77.59708, 12.891], [77.5971, 12.89105], [77.59831, 12.89332], [77.59833, 12.89335], [77.59836, 12.89339], [77.59839, 12.89342], [77.59842, 12.89345], [77.59845, 12.89348], [77.59849, 12.8935], [77.59853, 12.89352], [77.59857, 12.89354], [77.59862, 12.89355], [77.59866, 12.89355], [77.5987, 12.89356], [77.59875, 12.89356], [77.59879, 12.89355], [77.59884, 12.89354], [77.59888, 12.89353], [77.59892, 12.89351], [77.59896, 12.89349], [77.59899, 12.89347], [77.59903, 12.89344], [77.59906, 12.89341], [77.59909, 12.89338], [77.59911, 12.89334], [77.59977, 12.89228], [77.59979, 12.89224], [77.5998, 12.8922], [77.59982, 12.89215], [77.59983, 12.89211], [77.59983, 12.89207], [77.59983, 12.89202], [77.59983, 12.89198], [77.59935, 12.88896], [77.59934, 12.88891], [77.59933, 12.88887], [77.59931, 12.88883], [77.59929, 12.88878], [77.59926, 12.88875], [77.59923, 12.88871], [77.5992, 12.88868], [77.59916, 12.88865], [77.59912, 12.88863], [77.5975, 12.88778]]]}}, {"type": "Feature", "properties": {"cluster_id": 5, "rank": 6, "reports": 13, "radius_m": 336.2, "boundary_kind": "cluster visualization boundary (50 m-buffered convex hull; not a pothole area)", "feature": "centroid"}, "geometry": {"type": "Point", "coordinates": [77.5983, 12.891]}}, {"type": "Feature", "properties": {"cluster_id": 6, "rank": 56, "reports": 5, "radius_m": 213.1, "boundary_kind": "cluster visualization boundary (50 m-buffered convex hull; not a pothole area)"}, "geometry": {"type": "Polygon", "coordinates": [[[77.66081, 12.90114], [77.66078, 12.9011], [77.66075, 12.90107], [77.66071, 12.90105], [77.66067, 12.90102], [77.66063, 12.901], [77.66059, 12.90099], [77.66055, 12.90098], [77.6605, 12.90097], [77.66046, 12.90097], [77.66041, 12.90097], [77.66037, 12.90098], [77.66032, 12.90099], [77.66028, 12.90101], [77.66024, 12.90102], [77.6602, 12.90105], [77.66016, 12.90108], [77.66013, 12.90111], [77.6601, 12.90114], [77.66007, 12.90118], [77.66005, 12.90121], [77.66003, 12.90125], [77.66002, 12.9013], [77.66001, 12.90134], [77.66, 12.90138], [77.65998, 12.90161], [77.65998, 12.90166], [77.65998, 12.9017], [77.65999, 12.90175], [77.66, 12.90179], [77.66002, 12.90183], [77.66004, 12.90187], [77.66006, 12.90191], [77.66188, 12.90452], [77.66191, 12.90456], [77.66194, 12.90459], [77.66197, 12.90462], [77.66201, 12.90464], [77.66205, 12.90467], [77.66209, 12.90469], [77.66213, 12.9047], [77.66218, 12.90471], [77.66222, 12.90472], [77.66227, 12.90472], [77.66231, 12.90471], [77.66236, 12.90471], [77.6624, 12.9047], [77.66244, 12.90468], [77.66248, 12.90466], [77.66252, 12.90464], [77.66256, 12.90461], [77.66259, 12.90458], [77.66262, 12.90455], [77.66265, 12.90451], [77.66267, 12.90447], [77.66269, 12.90443], [77.6627, 12.90439], [77.66271, 12.90435], [77.66272, 12.9043], [77.66272, 12.90426], [77.66272, 12.90421], [77.66271, 12.90417], [77.6627, 12.90413], [77.66232, 12.90299], [77.66231, 12.90295], [77.66229, 12.90292], [77.66227, 12.90288], [77.66224, 12.90285], [77.66081, 12.90114]]]}}, {"type": "Feature", "properties": {"cluster_id": 6, "rank": 56, "reports": 5, "radius_m": 213.1, "boundary_kind": "cluster visualization boundary (50 m-buffered convex hull; not a pothole area)", "feature": "centroid"}, "geometry": {"type": "Point", "coordinates": [77.6612, 12.9026]}}, {"type": "Feature", "properties": {"cluster_id": 7, "rank": 29, "reports": 8, "radius_m": 320.1, "boundary_kind": "cluster visualization boundary (50 m-buffered convex hull; not a pothole area)"}, "geometry": {"type": "Polygon", "coordinates": [[[77.57124, 12.90411], [77.5712, 12.90411], [77.57116, 12.90412], [77.57111, 12.90412], [77.57107, 12.90414], [77.57103, 12.90415], [77.57099, 12.90417], [77.57096, 12.9042], [77.57092, 12.90422], [77.56933, 12.90561], [77.5693, 12.90564], [77.56927, 12.90568], [77.56924, 12.90571], [77.56922, 12.90575], [77.56921, 12.90579], [77.56919, 12.90583], [77.56918, 12.90588], [77.56918, 12.90592], [77.56918, 12.90597], [77.56918, 12.90601], [77.56919, 12.90605], [77.5692, 12.9061], [77.56922, 12.90614], [77.56924, 12.90618], [77.56927, 12.90621], [77.56929, 12.90625], [77.56933, 12.90628], [77.56936, 12.90631], [77.5694, 12.90633], [77.56944, 12.90636], [77.57286, 12.90796], [77.5729, 12.90798], [77.57295, 12.90799], [77.57299, 12.908], [77.57304, 12.90801], [77.57308, 12.90801], [77.57313, 12.908], [77.57318, 12.90799], [77.57322, 12.90798], [77.57326, 12.90796], [77.5733, 12.90794], [77.57334, 12.90792], [77.57337, 12.90789], [77.57341, 12.90785], [77.57344, 12.90782], [77.57346, 12.90778], [77.57348, 12.90774], [77.5735, 12.9077], [77.57351, 12.90766], [77.57419, 12.90473], [77.5742, 12.90469], [77.5742, 12.90465], [77.5742, 12.9046], [77.57419, 12.90456], [77.57418, 12.90451], [77.57417, 12.90447], [77.57415, 12.90443], [77.57413, 12.90439], [77.5741, 12.90436], [77.57407, 12.90432], [77.57404, 12.90429], [77.57401, 12.90427], [77.57397, 12.90424], [77.57393, 12.90422], [77.57389, 12.90421], [77.57384, 12.90419], [77.5738, 12.90419], [77.57375, 12.90418], [77.57124, 12.90411]]]}}, {"type": "Feature", "properties": {"cluster_id": 7, "rank": 29, "reports": 8, "radius_m": 320.1, "boundary_kind": "cluster visualization boundary (50 m-buffered convex hull; not a pothole area)", "feature": "centroid"}, "geometry": {"type": "Point", "coordinates": [77.5726, 12.9056]}}, {"type": "Feature", "properties": {"cluster_id": 8, "rank": 33, "reports": 7, "radius_m": 197.2, "boundary_kind": "cluster visualization boundary (50 m-buffered convex hull; not a pothole area)"}, "geometry": {"type": "Polygon", "coordinates": [[[77.69661, 12.9316], [77.69658, 12.93156], [77.69655, 12.93153], [77.69652, 12.9315], [77.69648, 12.93147], [77.69644, 12.93145], [77.6964, 12.93143], [77.69636, 12.93142], [77.69631, 12.93141], [77.69627, 12.9314], [77.69623, 12.9314], [77.69618, 12.9314], [77.69614, 12.93141], [77.69609, 12.93142], [77.69605, 12.93143], [77.69601, 12.93145], [77.69597, 12.93147], [77.69593, 12.9315], [77.6959, 12.93153], [77.69587, 12.93156], [77.69584, 12.9316], [77.69582, 12.93163], [77.6958, 12.93167], [77.69578, 12.93172], [77.69577, 12.93176], [77.69577, 12.9318], [77.69576, 12.93185], [77.69577, 12.93189], [77.69577, 12.93194], [77.69621, 12.93415], [77.69622, 12.93419], [77.69624, 12.93424], [77.69626, 12.93428], [77.69656, 12.9348], [77.69658, 12.93484], [77.69661, 12.93487], [77.69664, 12.9349], [77.69668, 12.93493], [77.69671, 12.93496], [77.69675, 12.93498], [77.69679, 12.935], [77.69683, 12.93501], [77.69688, 12.93502], [77.69692, 12.93503], [77.69696, 12.93503], [77.69701, 12.93503], [77.69705, 12.93502], [77.6971, 12.93501], [77.69714, 12.93499], [77.69718, 12.93498], [77.69722, 12.93495], [77.69725, 12.93493], [77.69798, 12.93435], [77.69801, 12.93432], [77.69804, 12.93428], [77.69807, 12.93425], [77.69809, 12.93421], [77.69811, 12.93417], [77.69813, 12.93413], [77.69814, 12.93409], [77.69815, 12.93404], [77.69815, 12.934], [77.69815, 12.93395], [77.69814, 12.93391], [77.69813, 12.93387], [77.69811, 12.93382], [77.6981, 12.93378], [77.69807, 12.93374], [77.69661, 12.9316]]]}}, {"type": "Feature", "properties": {"cluster_id": 8, "rank": 33, "reports": 7, "radius_m": 197.2, "boundary_kind": "cluster visualization boundary (50 m-buffered convex hull; not a pothole area)", "feature": "centroid"}, "geometry": {"type": "Point", "coordinates": [77.6968, 12.9335]}}, {"type": "Feature", "properties": {"cluster_id": 9, "rank": 38, "reports": 6, "radius_m": 39.3, "boundary_kind": "cluster visualization boundary (50 m-buffered convex hull; not a pothole area)"}, "geometry": {"type": "Polygon", "coordinates": [[[77.60133, 12.93299], [77.6013, 12.93295], [77.60127, 12.93292], [77.60124, 12.93289], [77.6012, 12.93286], [77.60116, 12.93284], [77.60112, 12.93282], [77.60108, 12.93281], [77.60104, 12.93279], [77.60099, 12.93279], [77.60095, 12.93278], [77.6009, 12.93279], [77.60086, 12.93279], [77.60082, 12.9328], [77.60077, 12.93281], [77.60073, 12.93283], [77.60069, 12.93285], [77.60066, 12.93288], [77.60062, 12.93291], [77.60059, 12.93294], [77.60056, 12.93297], [77.60054, 12.93301], [77.60029, 12.93344], [77.60027, 12.93348], [77.60025, 12.93352], [77.60024, 12.93356], [77.60023, 12.9336], [77.60023, 12.93365], [77.60023, 12.93369], [77.60024, 12.93373], [77.60024, 12.93378], [77.60026, 12.93382], [77.60028, 12.93386], [77.6003, 12.9339], [77.60032, 12.93393], [77.60035, 12.93397], [77.60038, 12.934], [77.60042, 12.93403], [77.60045, 12.93405], [77.60049, 12.93407], [77.60053, 12.93409], [77.60057, 12.9341], [77.60062, 12.93411], [77.60066, 12.93411], [77.60071, 12.93411], [77.60075, 12.93411], [77.6008, 12.9341], [77.60084, 12.93409], [77.60088, 12.93408], [77.60129, 12.93389], [77.60133, 12.93387], [77.60137, 12.93385], [77.6014, 12.93382], [77.60144, 12.93379], [77.60147, 12.93376], [77.60149, 12.93373], [77.60151, 12.93369], [77.60153, 12.93365], [77.60155, 12.93361], [77.60156, 12.93357], [77.60156, 12.93352], [77.60156, 12.93348], [77.60156, 12.93344], [77.60156, 12.93339], [77.60155, 12.93335], [77.60153, 12.93331], [77.60151, 12.93327], [77.60149, 12.93323], [77.60133, 12.93299]]]}}, {"type": "Feature", "properties": {"cluster_id": 9, "rank": 38, "reports": 6, "radius_m": 39.3, "boundary_kind": "cluster visualization boundary (50 m-buffered convex hull; not a pothole area)", "feature": "centroid"}, "geometry": {"type": "Point", "coordinates": [77.6008, 12.9336]}}, {"type": "Feature", "properties": {"cluster_id": 10, "rank": 2, "reports": 20, "radius_m": 637.9, "boundary_kind": "cluster visualization boundary (50 m-buffered convex hull; not a pothole area)"}, "geometry": {"type": "Polygon", "coordinates": [[[77.61596, 12.86529], [77.61593, 12.86525], [77.61591, 12.86521], [77.61588, 12.86518], [77.61585, 12.86515], [77.61581, 12.86512], [77.61577, 12.86509], [77.61573, 12.86507], [77.61569, 12.86506], [77.61565, 12.86504], [77.6156, 12.86504], [77.61556, 12.86503], [77.61551, 12.86503], [77.61547, 12.86504], [77.61542, 12.86505], [77.61538, 12.86506], [77.61534, 12.86508], [77.6153, 12.8651], [77.61526, 12.86512], [77.61523, 12.86515], [77.61519, 12.86519], [77.61517, 12.86522], [77.61514, 12.86526], [77.61512, 12.8653], [77.6151, 12.86534], [77.61509, 12.86538], [77.61383, 12.87075], [77.61382, 12.8708], [77.61382, 12.87084], [77.61382, 12.87089], [77.61382, 12.87094], [77.61383, 12.87098], [77.61385, 12.87102], [77.616, 12.87631], [77.61601, 12.87635], [77.61604, 12.87639], [77.61606, 12.87643], [77.61609, 12.87646], [77.61612, 12.87649], [77.61616, 12.87651], [77.6162, 12.87654], [77.61623, 12.87656], [77.61628, 12.87657], [77.61632, 12.87659], [77.61636, 12.87659], [77.6164, 12.8766], [77.61682, 12.87661], [77.61686, 12.87661], [77.6169, 12.87661], [77.61695, 12.8766], [77.61699, 12.87659], [77.61703, 12.87657], [77.61707, 12.87655], [77.61711, 12.87653], [77.61714, 12.8765], [77.61717, 12.87647], [77.6172, 12.87644], [77.61722, 12.8764], [77.61725, 12.87637], [77.61868, 12.87356], [77.61869, 12.87352], [77.61871, 12.87348], [77.61872, 12.87344], [77.61872, 12.8734], [77.6189, 12.87145], [77.6189, 12.8714], [77.6189, 12.87135], [77.61889, 12.8713], [77.61888, 12.87126], [77.61886, 12.87121], [77.6171, 12.8676], [77.6171, 12.8676], [77.61596, 12.86529]]]}}, {"type": "Feature", "properties": {"cluster_id": 10, "rank": 2, "reports": 20, "radius_m": 637.9, "boundary_kind": "cluster visualization boundary (50 m-buffered convex hull; not a pothole area)", "feature": "centroid"}, "geometry": {"type": "Point", "coordinates": [77.6166, 12.8711]}}, {"type": "Feature", "properties": {"cluster_id": 11, "rank": 39, "reports": 6, "radius_m": 215.1, "boundary_kind": "cluster visualization boundary (50 m-buffered convex hull; not a pothole area)"}, "geometry": {"type": "Polygon", "coordinates": [[[77.60499, 12.86148], [77.60502, 12.86145], [77.60505, 12.86141], [77.60507, 12.86138], [77.60509, 12.86134], [77.6051, 12.8613], [77.60511, 12.86125], [77.60511, 12.86121], [77.60511, 12.86117], [77.60511, 12.86112], [77.6051, 12.86108], [77.60509, 12.86104], [77.60508, 12.861], [77.60506, 12.86096], [77.60503, 12.86092], [77.60501, 12.86089], [77.60497, 12.86085], [77.60494, 12.86082], [77.60491, 12.8608], [77.60487, 12.86078], [77.60483, 12.86076], [77.60478, 12.86074], [77.60474, 12.86073], [77.6047, 12.86073], [77.60465, 12.86073], [77.60461, 12.86073], [77.60274, 12.86091], [77.60268, 12.86092], [77.60195, 12.86109], [77.60191, 12.8611], [77.60187, 12.86112], [77.60183, 12.86114], [77.60179, 12.86116], [77.60176, 12.86119], [77.60172, 12.86122], [77.60169, 12.86125], [77.60167, 12.86129], [77.60165, 12.86133], [77.60163, 12.86137], [77.60161, 12.86141], [77.6016, 12.86146], [77.6016, 12.8615], [77.6016, 12.86154], [77.6016, 12.86159], [77.60161, 12.86163], [77.60207, 12.86355], [77.60208, 12.86359], [77.6021, 12.86364], [77.60212, 12.86367], [77.60215, 12.86371], [77.60217, 12.86375], [77.60221, 12.86378], [77.60224, 12.86381], [77.60228, 12.86383], [77.60232, 12.86385], [77.60236, 12.86387], [77.6024, 12.86388], [77.60245, 12.86389], [77.60249, 12.8639], [77.60254, 12.8639], [77.60258, 12.8639], [77.60263, 12.86389], [77.60267, 12.86387], [77.60271, 12.86386], [77.60275, 12.86384], [77.60279, 12.86381], [77.60283, 12.86379], [77.60286, 12.86375], [77.60499, 12.86148]]]}}, {"type": "Feature", "properties": {"cluster_id": 11, "rank": 39, "reports": 6, "radius_m": 215.1, "boundary_kind": "cluster visualization boundary (50 m-buffered convex hull; not a pothole area)", "feature": "centroid"}, "geometry": {"type": "Point", "coordinates": [77.603, 12.8622]}}, {"type": "Feature", "properties": {"cluster_id": 12, "rank": 30, "reports": 8, "radius_m": 263.0, "boundary_kind": "cluster visualization boundary (50 m-buffered convex hull; not a pothole area)"}, "geometry": {"type": "Polygon", "coordinates": [[[77.59749, 12.92087], [77.59745, 12.92087], [77.5974, 12.92087], [77.59736, 12.92087], [77.59731, 12.92088], [77.59727, 12.92089], [77.59722, 12.92091], [77.59718, 12.92093], [77.59715, 12.92096], [77.59711, 12.92099], [77.59708, 12.92102], [77.59705, 12.92106], [77.59702, 12.9211], [77.597, 12.92114], [77.59699, 12.92118], [77.59697, 12.92122], [77.59657, 12.92303], [77.59657, 12.92308], [77.59656, 12.92312], [77.59656, 12.92316], [77.59657, 12.9232], [77.59658, 12.92325], [77.59659, 12.92329], [77.59661, 12.92333], [77.59663, 12.92337], [77.59666, 12.9234], [77.59669, 12.92343], [77.59672, 12.92346], [77.59675, 12.92349], [77.59679, 12.92352], [77.59683, 12.92354], [77.5999, 12.92497], [77.59994, 12.92498], [77.59998, 12.925], [77.60003, 12.925], [77.60007, 12.92501], [77.60012, 12.92501], [77.60016, 12.925], [77.60021, 12.925], [77.60025, 12.92498], [77.60029, 12.92496], [77.60033, 12.92494], [77.60037, 12.92492], [77.60041, 12.92489], [77.60044, 12.92486], [77.60047, 12.92482], [77.60049, 12.92479], [77.60051, 12.92475], [77.60053, 12.9247], [77.60054, 12.92466], [77.60055, 12.92462], [77.60092, 12.92183], [77.60092, 12.92179], [77.60092, 12.92175], [77.60092, 12.9217], [77.60091, 12.92166], [77.6009, 12.92162], [77.60088, 12.92158], [77.60086, 12.92154], [77.60083, 12.9215], [77.6008, 12.92147], [77.60077, 12.92144], [77.60074, 12.92141], [77.6007, 12.92139], [77.60066, 12.92137], [77.60062, 12.92135], [77.60058, 12.92134], [77.60053, 12.92133], [77.59749, 12.92087]]]}}, {"type": "Feature", "properties": {"cluster_id": 12, "rank": 30, "reports": 8, "radius_m": 263.0, "boundary_kind": "cluster visualization boundary (50 m-buffered convex hull; not a pothole area)", "feature": "centroid"}, "geometry": {"type": "Point", "coordinates": [77.599, 12.9231]}}, {"type": "Feature", "properties": {"cluster_id": 13, "rank": 57, "reports": 5, "radius_m": 252.7, "boundary_kind": "cluster visualization boundary (50 m-buffered convex hull; not a pothole area)"}, "geometry": {"type": "Polygon", "coordinates": [[[77.58971, 12.92201], [77.58966, 12.922], [77.58962, 12.922], [77.58957, 12.92201], [77.58953, 12.92202], [77.58949, 12.92203], [77.58944, 12.92205], [77.5894, 12.92207], [77.58937, 12.92209], [77.58933, 12.92212], [77.5893, 12.92216], [77.58927, 12.92219], [77.58925, 12.92223], [77.58923, 12.92227], [77.58921, 12.92231], [77.5892, 12.92235], [77.58919, 12.92239], [77.58919, 12.92244], [77.58919, 12.92248], [77.58919, 12.92253], [77.5892, 12.92257], [77.58921, 12.92261], [77.58923, 12.92265], [77.58963, 12.92346], [77.58966, 12.9235], [77.58968, 12.92354], [77.58971, 12.92357], [77.58975, 12.9236], [77.58978, 12.92363], [77.58982, 12.92366], [77.58986, 12.92368], [77.58991, 12.92369], [77.58995, 12.9237], [77.59, 12.92371], [77.59004, 12.92371], [77.5905, 12.92372], [77.59053, 12.92372], [77.59159, 12.92365], [77.59163, 12.92365], [77.59342, 12.92338], [77.59346, 12.92337], [77.59351, 12.92336], [77.59355, 12.92334], [77.59359, 12.92332], [77.59363, 12.9233], [77.59366, 12.92327], [77.59369, 12.92324], [77.59372, 12.9232], [77.59375, 12.92316], [77.59377, 12.92312], [77.59379, 12.92308], [77.5938, 12.92304], [77.59381, 12.923], [77.59381, 12.92295], [77.59381, 12.92291], [77.59381, 12.92286], [77.5938, 12.92282], [77.59378, 12.92278], [77.59376, 12.92274], [77.59374, 12.9227], [77.59372, 12.92266], [77.59369, 12.92263], [77.59366, 12.9226], [77.59362, 12.92257], [77.59358, 12.92254], [77.59354, 12.92252], [77.5935, 12.92251], [77.59346, 12.92249], [77.59341, 12.92249], [77.58971, 12.92201]]]}}, {"type": "Feature", "properties": {"cluster_id": 13, "rank": 57, "reports": 5, "radius_m": 252.7, "boundary_kind": "cluster visualization boundary (50 m-buffered convex hull; not a pothole area)", "feature": "centroid"}, "geometry": {"type": "Point", "coordinates": [77.591, 12.923]}}, {"type": "Feature", "properties": {"cluster_id": 14, "rank": 14, "reports": 9, "radius_m": 260.0, "boundary_kind": "cluster visualization boundary (50 m-buffered convex hull; not a pothole area)"}, "geometry": {"type": "Polygon", "coordinates": [[[77.68372, 12.92942], [77.68368, 12.9294], [77.68364, 12.92938], [77.6836, 12.92936], [77.68356, 12.92935], [77.68352, 12.92934], [77.68347, 12.92934], [77.68343, 12.92934], [77.68338, 12.92935], [77.68334, 12.92936], [77.6833, 12.92937], [77.68325, 12.92939], [77.68322, 12.92941], [77.68318, 12.92943], [77.68314, 12.92946], [77.68311, 12.92949], [77.68308, 12.92952], [77.68306, 12.92956], [77.68304, 12.9296], [77.68302, 12.92964], [77.68301, 12.92968], [77.683, 12.92972], [77.683, 12.92977], [77.68299, 12.92981], [77.68308, 12.93166], [77.68308, 12.93171], [77.68309, 12.93175], [77.68311, 12.9318], [77.68313, 12.93184], [77.68315, 12.93188], [77.68318, 12.93192], [77.68321, 12.93195], [77.68324, 12.93199], [77.68328, 12.93201], [77.68332, 12.93204], [77.68336, 12.93206], [77.68501, 12.93274], [77.68502, 12.93275], [77.68618, 12.93318], [77.68622, 12.93319], [77.68626, 12.9332], [77.68631, 12.93321], [77.68636, 12.93321], [77.6864, 12.9332], [77.68645, 12.9332], [77.68649, 12.93318], [77.68653, 12.93317], [77.68657, 12.93315], [77.68661, 12.93312], [77.68665, 12.93309], [77.68668, 12.93306], [77.68671, 12.93303], [77.68674, 12.93299], [77.68676, 12.93295], [77.68677, 12.93291], [77.68679, 12.93286], [77.6868, 12.93282], [77.6868, 12.93277], [77.6868, 12.93273], [77.68679, 12.93268], [77.68678, 12.93264], [77.68677, 12.9326], [77.68675, 12.93256], [77.686, 12.93108], [77.68598, 12.93104], [77.68595, 12.931], [77.68592, 12.93097], [77.68589, 12.93094], [77.68585, 12.93091], [77.68372, 12.92942]]]}}, {"type": "Feature", "properties": {"cluster_id": 14, "rank": 14, "reports": 9, "radius_m": 260.0, "boundary_kind": "cluster visualization boundary (50 m-buffered convex hull; not a pothole area)", "feature": "centroid"}, "geometry": {"type": "Point", "coordinates": [77.6852, 12.9314]}}, {"type": "Feature", "properties": {"cluster_id": 15, "rank": 9, "reports": 11, "radius_m": 233.4, "boundary_kind": "cluster visualization boundary (50 m-buffered convex hull; not a pothole area)"}, "geometry": {"type": "Polygon", "coordinates": [[[77.67341, 12.87415], [77.6734, 12.87411], [77.67338, 12.87407], [77.67335, 12.87404], [77.67332, 12.874], [77.67329, 12.87397], [77.67326, 12.87394], [77.67322, 12.87392], [77.67318, 12.8739], [77.67314, 12.87388], [77.6731, 12.87387], [77.67305, 12.87386], [77.67301, 12.87385], [77.67297, 12.87385], [77.67292, 12.87386], [77.67288, 12.87387], [77.67284, 12.87388], [77.67279, 12.87389], [77.67275, 12.87391], [77.67272, 12.87394], [77.67268, 12.87396], [77.67265, 12.87399], [77.67262, 12.87403], [77.67259, 12.87406], [77.67124, 12.87614], [77.67122, 12.87617], [77.6712, 12.87621], [77.67118, 12.87625], [77.67117, 12.8763], [77.67117, 12.87634], [77.67116, 12.87638], [77.67117, 12.87642], [77.6713, 12.87778], [77.6713, 12.87782], [77.67131, 12.87786], [77.67133, 12.8779], [77.67135, 12.87794], [77.67137, 12.87798], [77.6714, 12.87802], [77.67143, 12.87805], [77.67146, 12.87808], [77.67149, 12.87811], [77.67153, 12.87813], [77.67157, 12.87815], [77.67161, 12.87816], [77.67166, 12.87818], [77.6717, 12.87818], [77.67175, 12.87819], [77.67179, 12.87818], [77.67183, 12.87818], [77.67188, 12.87817], [77.67192, 12.87816], [77.67196, 12.87814], [77.672, 12.87812], [77.67204, 12.87809], [77.67399, 12.87661], [77.67402, 12.87658], [77.67405, 12.87655], [77.67408, 12.87651], [77.67411, 12.87647], [77.67413, 12.87644], [77.67414, 12.87639], [77.67416, 12.87635], [77.67416, 12.87631], [77.67417, 12.87627], [77.67417, 12.87622], [77.67416, 12.87618], [77.67415, 12.87614], [77.67414, 12.87609], [77.67341, 12.87415]]]}}, {"type": "Feature", "properties": {"cluster_id": 15, "rank": 9, "reports": 11, "radius_m": 233.4, "boundary_kind": "cluster visualization boundary (50 m-buffered convex hull; not a pothole area)", "feature": "centroid"}, "geometry": {"type": "Point", "coordinates": [77.6732, 12.8762]}}, {"type": "Feature", "properties": {"cluster_id": 16, "rank": 31, "reports": 8, "radius_m": 392.4, "boundary_kind": "cluster visualization boundary (50 m-buffered convex hull; not a pothole area)"}, "geometry": {"type": "Polygon", "coordinates": [[[77.60998, 12.89033], [77.60995, 12.8903], [77.60991, 12.89027], [77.60988, 12.89025], [77.60984, 12.89023], [77.6098, 12.89022], [77.60976, 12.89021], [77.60971, 12.8902], [77.60967, 12.8902], [77.60963, 12.8902], [77.60958, 12.8902], [77.60635, 12.89071], [77.6063, 12.89071], [77.60626, 12.89073], [77.60622, 12.89075], [77.60618, 12.89077], [77.60614, 12.89079], [77.6061, 12.89082], [77.60607, 12.89085], [77.60604, 12.89089], [77.60602, 12.89093], [77.606, 12.89097], [77.60598, 12.89101], [77.60597, 12.89105], [77.60596, 12.8911], [77.60596, 12.89114], [77.60596, 12.89119], [77.60597, 12.89123], [77.60598, 12.89127], [77.60599, 12.89132], [77.60601, 12.89136], [77.60603, 12.8914], [77.60606, 12.89143], [77.60609, 12.89147], [77.60612, 12.8915], [77.60616, 12.89152], [77.6062, 12.89155], [77.61123, 12.89424], [77.61127, 12.89426], [77.61132, 12.89427], [77.61136, 12.89428], [77.61141, 12.89429], [77.61146, 12.89429], [77.6115, 12.89429], [77.61155, 12.89428], [77.61159, 12.89427], [77.61164, 12.89425], [77.61168, 12.89423], [77.61172, 12.89421], [77.61176, 12.89418], [77.61179, 12.89415], [77.61182, 12.89411], [77.61246, 12.89328], [77.61249, 12.89325], [77.61251, 12.89321], [77.61252, 12.89317], [77.61254, 12.89313], [77.61255, 12.89309], [77.61255, 12.89304], [77.61255, 12.893], [77.61255, 12.89296], [77.61254, 12.89291], [77.61253, 12.89287], [77.61252, 12.89283], [77.6125, 12.89279], [77.61247, 12.89276], [77.61245, 12.89272], [77.61242, 12.89269], [77.60998, 12.89033]]]}}, {"type": "Feature", "properties": {"cluster_id": 16, "rank": 31, "reports": 8, "radius_m": 392.4, "boundary_kind": "cluster visualization boundary (50 m-buffered convex hull; not a pothole area)", "feature": "centroid"}, "geometry": {"type": "Point", "coordinates": [77.6099, 12.892]}}, {"type": "Feature", "properties": {"cluster_id": 17, "rank": 34, "reports": 7, "radius_m": 100.5, "boundary_kind": "cluster visualization boundary (50 m-buffered convex hull; not a pothole area)"}, "geometry": {"type": "Polygon", "coordinates": [[[77.67511, 12.92481], [77.67507, 12.92481], [77.67503, 12.92481], [77.67498, 12.92482], [77.67494, 12.92483], [77.6749, 12.92484], [77.67486, 12.92486], [77.67482, 12.92488], [77.67479, 12.92491], [77.67475, 12.92494], [77.67472, 12.92497], [77.6747, 12.92501], [77.67467, 12.92504], [77.67465, 12.92508], [77.67464, 12.92512], [77.67463, 12.92516], [77.67462, 12.92521], [77.67461, 12.92525], [77.67462, 12.92529], [77.67462, 12.92533], [77.67482, 12.92656], [77.67483, 12.92661], [77.67485, 12.92665], [77.67487, 12.92669], [77.67489, 12.92673], [77.67492, 12.92677], [77.67495, 12.9268], [77.67498, 12.92683], [77.67502, 12.92686], [77.67506, 12.92689], [77.6751, 12.92691], [77.67514, 12.92692], [77.67519, 12.92693], [77.67523, 12.92694], [77.67528, 12.92694], [77.67634, 12.92694], [77.67638, 12.92694], [77.67643, 12.92693], [77.67647, 12.92692], [77.67651, 12.92691], [77.67655, 12.92689], [77.67659, 12.92687], [77.67663, 12.92684], [77.67666, 12.92681], [77.67669, 12.92678], [77.67672, 12.92674], [77.67674, 12.9267], [77.67676, 12.92666], [77.67678, 12.92662], [77.67679, 12.92658], [77.67679, 12.92654], [77.6768, 12.92649], [77.67679, 12.92645], [77.67679, 12.9264], [77.6767, 12.92595], [77.67669, 12.9259], [77.67667, 12.92586], [77.67665, 12.92582], [77.67663, 12.92578], [77.67614, 12.92507], [77.67612, 12.92503], [77.67609, 12.925], [77.67605, 12.92497], [77.67601, 12.92494], [77.67598, 12.92492], [77.67593, 12.9249], [77.67589, 12.92489], [77.67585, 12.92488], [77.6758, 12.92487], [77.67511, 12.92481]]]}}, {"type": "Feature", "properties": {"cluster_id": 17, "rank": 34, "reports": 7, "radius_m": 100.5, "boundary_kind": "cluster visualization boundary (50 m-buffered convex hull; not a pothole area)", "feature": "centroid"}, "geometry": {"type": "Point", "coordinates": [77.6756, 12.9259]}}, {"type": "Feature", "properties": {"cluster_id": 18, "rank": 19, "reports": 9, "radius_m": 344.0, "boundary_kind": "cluster visualization boundary (50 m-buffered convex hull; not a pothole area)"}, "geometry": {"type": "Polygon", "coordinates": [[[77.67761, 12.90379], [77.67757, 12.90379], [77.67752, 12.90379], [77.67748, 12.90379], [77.67743, 12.9038], [77.67739, 12.90382], [77.67735, 12.90384], [77.67731, 12.90386], [77.67727, 12.90388], [77.67724, 12.90391], [77.67721, 12.90395], [77.67718, 12.90398], [77.67715, 12.90402], [77.67713, 12.90406], [77.67712, 12.9041], [77.67711, 12.90414], [77.6771, 12.90419], [77.6771, 12.90423], [77.6771, 12.90428], [77.6771, 12.90432], [77.67711, 12.90436], [77.67713, 12.90441], [77.67715, 12.90445], [77.67717, 12.90449], [77.67814, 12.90594], [77.67816, 12.90597], [77.67993, 12.90823], [77.67996, 12.90826], [77.67999, 12.90829], [77.68003, 12.90832], [77.68007, 12.90835], [77.68011, 12.90837], [77.68015, 12.90838], [77.6802, 12.90839], [77.68024, 12.9084], [77.68112, 12.90849], [77.68117, 12.90849], [77.68121, 12.90849], [77.68126, 12.90848], [77.6813, 12.90847], [77.68135, 12.90845], [77.68139, 12.90843], [77.68143, 12.90841], [77.68146, 12.90838], [77.6815, 12.90835], [77.68153, 12.90832], [77.68155, 12.90828], [77.68158, 12.90824], [77.6816, 12.9082], [77.68161, 12.90816], [77.68255, 12.90493], [77.68256, 12.90488], [77.68257, 12.90484], [77.68257, 12.9048], [77.68256, 12.90475], [77.68256, 12.90471], [77.68255, 12.90467], [77.68253, 12.90463], [77.68251, 12.90459], [77.68249, 12.90455], [77.68246, 12.90452], [77.68244, 12.90449], [77.6824, 12.90446], [77.68237, 12.90443], [77.68233, 12.90441], [77.68229, 12.90439], [77.68225, 12.90437], [77.68221, 12.90436], [77.68216, 12.90435], [77.67761, 12.90379]]]}}, {"type": "Feature", "properties": {"cluster_id": 18, "rank": 19, "reports": 9, "radius_m": 344.0, "boundary_kind": "cluster visualization boundary (50 m-buffered convex hull; not a pothole area)", "feature": "centroid"}, "geometry": {"type": "Point", "coordinates": [77.6801, 12.9061]}}, {"type": "Feature", "properties": {"cluster_id": 19, "rank": 58, "reports": 5, "radius_m": 51.6, "boundary_kind": "cluster visualization boundary (50 m-buffered convex hull; not a pothole area)"}, "geometry": {"type": "Polygon", "coordinates": [[[77.65183, 12.92341], [77.65179, 12.92341], [77.65175, 12.92341], [77.6517, 12.92341], [77.65166, 12.92342], [77.65161, 12.92343], [77.65157, 12.92344], [77.65153, 12.92346], [77.6515, 12.92348], [77.65146, 12.92351], [77.65143, 12.92354], [77.6514, 12.92357], [77.65137, 12.92361], [77.65135, 12.92364], [77.65133, 12.92368], [77.65131, 12.92373], [77.6513, 12.92377], [77.6513, 12.92381], [77.65129, 12.92385], [77.65129, 12.9239], [77.6513, 12.92394], [77.6514, 12.92447], [77.65141, 12.92451], [77.65142, 12.92455], [77.65144, 12.92459], [77.65146, 12.92463], [77.65149, 12.92467], [77.65152, 12.9247], [77.65155, 12.92473], [77.65158, 12.92476], [77.65162, 12.92478], [77.65191, 12.92494], [77.65195, 12.92496], [77.65199, 12.92498], [77.65203, 12.92499], [77.65208, 12.925], [77.65212, 12.925], [77.65216, 12.925], [77.65221, 12.925], [77.65225, 12.92499], [77.65229, 12.92498], [77.65233, 12.92496], [77.65237, 12.92494], [77.65241, 12.92492], [77.65244, 12.92489], [77.65248, 12.92486], [77.6525, 12.92483], [77.65253, 12.92479], [77.65255, 12.92476], [77.65285, 12.92418], [77.65286, 12.92414], [77.65288, 12.9241], [77.65289, 12.92406], [77.65289, 12.92401], [77.65289, 12.92397], [77.65289, 12.92393], [77.65288, 12.92388], [77.65287, 12.92384], [77.65286, 12.9238], [77.65284, 12.92376], [77.65281, 12.92372], [77.65278, 12.92369], [77.65275, 12.92365], [77.65272, 12.92362], [77.65268, 12.9236], [77.65264, 12.92358], [77.6526, 12.92356], [77.65256, 12.92354], [77.65252, 12.92353], [77.65183, 12.92341]]]}}, {"type": "Feature", "properties": {"cluster_id": 19, "rank": 58, "reports": 5, "radius_m": 51.6, "boundary_kind": "cluster visualization boundary (50 m-buffered convex hull; not a pothole area)", "feature": "centroid"}, "geometry": {"type": "Point", "coordinates": [77.6521, 12.9242]}}, {"type": "Feature", "properties": {"cluster_id": 20, "rank": 7, "reports": 13, "radius_m": 432.2, "boundary_kind": "cluster visualization boundary (50 m-buffered convex hull; not a pothole area)"}, "geometry": {"type": "Polygon", "coordinates": [[[77.6306, 13.04681], [77.63057, 13.04677], [77.63054, 13.04674], [77.63051, 13.04671], [77.63047, 13.04669], [77.63043, 13.04667], [77.63039, 13.04665], [77.63035, 13.04663], [77.63031, 13.04662], [77.63027, 13.04661], [77.63022, 13.04661], [77.63018, 13.04661], [77.63013, 13.04662], [77.63009, 13.04663], [77.63005, 13.04664], [77.63001, 13.04666], [77.62997, 13.04668], [77.62674, 13.04867], [77.6267, 13.0487], [77.62667, 13.04873], [77.62663, 13.04876], [77.62661, 13.0488], [77.62658, 13.04884], [77.62656, 13.04888], [77.62654, 13.04892], [77.62653, 13.04897], [77.62653, 13.04901], [77.62652, 13.04906], [77.62653, 13.0491], [77.62653, 13.04915], [77.62654, 13.04919], [77.62678, 13.04994], [77.6268, 13.04998], [77.62682, 13.05002], [77.62684, 13.05005], [77.62687, 13.05009], [77.6269, 13.05012], [77.6278, 13.05101], [77.62784, 13.05104], [77.62788, 13.05107], [77.62792, 13.05109], [77.62797, 13.05111], [77.62802, 13.05113], [77.6315, 13.052], [77.63155, 13.05201], [77.6316, 13.05202], [77.63165, 13.05201], [77.63169, 13.05201], [77.63324, 13.05176], [77.63329, 13.05175], [77.63333, 13.05173], [77.63337, 13.05172], [77.63341, 13.05169], [77.63345, 13.05167], [77.63349, 13.05164], [77.63352, 13.0516], [77.63355, 13.05157], [77.63357, 13.05153], [77.63359, 13.05149], [77.63361, 13.05145], [77.63362, 13.0514], [77.63363, 13.05136], [77.63363, 13.05131], [77.63363, 13.05127], [77.63362, 13.05122], [77.63361, 13.05118], [77.63359, 13.05114], [77.63357, 13.0511], [77.63355, 13.05106], [77.6306, 13.04681]]]}}, {"type": "Feature", "properties": {"cluster_id": 20, "rank": 7, "reports": 13, "radius_m": 432.2, "boundary_kind": "cluster visualization boundary (50 m-buffered convex hull; not a pothole area)", "feature": "centroid"}, "geometry": {"type": "Point", "coordinates": [77.6296, 13.0496]}}, {"type": "Feature", "properties": {"cluster_id": 21, "rank": 21, "reports": 8, "radius_m": 265.9, "boundary_kind": "cluster visualization boundary (50 m-buffered convex hull; not a pothole area)"}, "geometry": {"type": "Polygon", "coordinates": [[[77.64928, 13.05982], [77.64925, 13.05979], [77.64922, 13.05975], [77.64919, 13.05972], [77.64916, 13.05969], [77.64912, 13.05967], [77.64908, 13.05965], [77.64904, 13.05963], [77.649, 13.05962], [77.64895, 13.05961], [77.64891, 13.05961], [77.64887, 13.0596], [77.64882, 13.05961], [77.64878, 13.05962], [77.64873, 13.05963], [77.64869, 13.05964], [77.64865, 13.05966], [77.64861, 13.05969], [77.64858, 13.05971], [77.64855, 13.05974], [77.64852, 13.05978], [77.64849, 13.05981], [77.64847, 13.05985], [77.64845, 13.05989], [77.64844, 13.05993], [77.64843, 13.05998], [77.64842, 13.06002], [77.64808, 13.06407], [77.64808, 13.06411], [77.64809, 13.06416], [77.64809, 13.0642], [77.6481, 13.06424], [77.64812, 13.06428], [77.64814, 13.06432], [77.64816, 13.06436], [77.64819, 13.06439], [77.64822, 13.06443], [77.64825, 13.06445], [77.64829, 13.06448], [77.64833, 13.0645], [77.64837, 13.06452], [77.64841, 13.06454], [77.64845, 13.06455], [77.6485, 13.06455], [77.64854, 13.06456], [77.64859, 13.06455], [77.64863, 13.06455], [77.64867, 13.06454], [77.64871, 13.06452], [77.64876, 13.06451], [77.64879, 13.06448], [77.64883, 13.06446], [77.64886, 13.06443], [77.64889, 13.0644], [77.64892, 13.06436], [77.64895, 13.06433], [77.6503, 13.06196], [77.65032, 13.06192], [77.65034, 13.06188], [77.65035, 13.06184], [77.65036, 13.0618], [77.65036, 13.06175], [77.65036, 13.06171], [77.65036, 13.06166], [77.65035, 13.06162], [77.65033, 13.06158], [77.65032, 13.06156], [77.65031, 13.06153], [77.65029, 13.06149], [77.64928, 13.05982]]]}}, {"type": "Feature", "properties": {"cluster_id": 21, "rank": 21, "reports": 8, "radius_m": 265.9, "boundary_kind": "cluster visualization boundary (50 m-buffered convex hull; not a pothole area)", "feature": "centroid"}, "geometry": {"type": "Point", "coordinates": [77.6491, 13.0618]}}, {"type": "Feature", "properties": {"cluster_id": 22, "rank": 13, "reports": 10, "radius_m": 356.0, "boundary_kind": "cluster visualization boundary (50 m-buffered convex hull; not a pothole area)"}, "geometry": {"type": "Polygon", "coordinates": [[[77.7696, 12.97725], [77.76957, 12.97722], [77.76955, 12.97718], [77.76952, 12.97715], [77.76948, 12.97712], [77.76945, 12.97709], [77.76941, 12.97707], [77.76936, 12.97705], [77.76932, 12.97703], [77.76928, 12.97702], [77.76923, 12.97702], [77.76918, 12.97701], [77.76914, 12.97702], [77.76909, 12.97702], [77.76905, 12.97704], [77.76901, 12.97705], [77.76652, 12.97812], [77.76648, 12.97814], [77.76644, 12.97817], [77.7664, 12.9782], [77.76637, 12.97823], [77.76634, 12.97827], [77.76631, 12.9783], [77.76629, 12.97835], [77.76614, 12.97865], [77.76612, 12.9787], [77.76611, 12.97874], [77.7661, 12.97878], [77.7661, 12.97883], [77.7661, 12.97887], [77.7661, 12.97892], [77.76611, 12.97896], [77.76613, 12.97901], [77.76615, 12.97905], [77.76617, 12.97909], [77.7662, 12.97912], [77.76745, 12.9807], [77.76748, 12.98073], [77.76751, 12.98076], [77.77004, 12.98292], [77.77007, 12.98295], [77.77011, 12.98297], [77.77015, 12.98299], [77.77019, 12.98301], [77.77023, 12.98302], [77.77028, 12.98303], [77.77032, 12.98303], [77.77037, 12.98303], [77.77041, 12.98303], [77.77045, 12.98302], [77.7705, 12.983], [77.77054, 12.98299], [77.77058, 12.98297], [77.77061, 12.98294], [77.77065, 12.98292], [77.77068, 12.98288], [77.77071, 12.98285], [77.77073, 12.98282], [77.77076, 12.98278], [77.77077, 12.98274], [77.77079, 12.9827], [77.7708, 12.98265], [77.7708, 12.98261], [77.7708, 12.98257], [77.7708, 12.98252], [77.77029, 12.97861], [77.77029, 12.97857], [77.77028, 12.97853], [77.77026, 12.97849], [77.77024, 12.97845], [77.7696, 12.97725]]]}}, {"type": "Feature", "properties": {"cluster_id": 22, "rank": 13, "reports": 10, "radius_m": 356.0, "boundary_kind": "cluster visualization boundary (50 m-buffered convex hull; not a pothole area)", "feature": "centroid"}, "geometry": {"type": "Point", "coordinates": [77.7687, 12.9798]}}, {"type": "Feature", "properties": {"cluster_id": 23, "rank": 4, "reports": 15, "radius_m": 338.1, "boundary_kind": "cluster visualization boundary (50 m-buffered convex hull; not a pothole area)"}, "geometry": {"type": "Polygon", "coordinates": [[[77.63321, 13.056], [77.6332, 13.05595], [77.63318, 13.05591], [77.63316, 13.05588], [77.63313, 13.05584], [77.6331, 13.05581], [77.63307, 13.05578], [77.63303, 13.05575], [77.633, 13.05573], [77.63296, 13.05571], [77.63291, 13.05569], [77.63287, 13.05568], [77.63283, 13.05568], [77.63278, 13.05567], [77.63274, 13.05567], [77.63269, 13.05568], [77.63265, 13.05569], [77.63261, 13.0557], [77.63257, 13.05572], [77.63253, 13.05574], [77.63249, 13.05577], [77.63246, 13.0558], [77.63243, 13.05583], [77.6324, 13.05586], [77.63237, 13.0559], [77.63235, 13.05594], [77.63003, 13.06096], [77.63001, 13.061], [77.63, 13.06105], [77.62999, 13.06109], [77.62999, 13.06114], [77.62999, 13.06118], [77.62999, 13.06123], [77.63, 13.06127], [77.63002, 13.06131], [77.63004, 13.06135], [77.63006, 13.06139], [77.63009, 13.06143], [77.63012, 13.06146], [77.63015, 13.06149], [77.63019, 13.06152], [77.63023, 13.06154], [77.63027, 13.06156], [77.63031, 13.06158], [77.63035, 13.06159], [77.6333, 13.06218], [77.63334, 13.06218], [77.63338, 13.06218], [77.63343, 13.06218], [77.63347, 13.06218], [77.63352, 13.06217], [77.63356, 13.06215], [77.6336, 13.06213], [77.63364, 13.06211], [77.63367, 13.06209], [77.63371, 13.06206], [77.63374, 13.06202], [77.63377, 13.06199], [77.63379, 13.06195], [77.63381, 13.06191], [77.63383, 13.06187], [77.63384, 13.06183], [77.63384, 13.06179], [77.63385, 13.06174], [77.63385, 13.0617], [77.63348, 13.05691], [77.63348, 13.05686], [77.63346, 13.05682], [77.63321, 13.056]]]}}, {"type": "Feature", "properties": {"cluster_id": 23, "rank": 4, "reports": 15, "radius_m": 338.1, "boundary_kind": "cluster visualization boundary (50 m-buffered convex hull; not a pothole area)", "feature": "centroid"}, "geometry": {"type": "Point", "coordinates": [77.6326, 13.059]}}, {"type": "Feature", "properties": {"cluster_id": 24, "rank": 18, "reports": 9, "radius_m": 293.6, "boundary_kind": "cluster visualization boundary (50 m-buffered convex hull; not a pothole area)"}, "geometry": {"type": "Polygon", "coordinates": [[[77.61368, 12.99513], [77.61369, 12.99509], [77.6137, 12.99504], [77.6137, 12.995], [77.61369, 12.99495], [77.61369, 12.99491], [77.61367, 12.99487], [77.61366, 12.99483], [77.61364, 12.99479], [77.61361, 12.99475], [77.61358, 12.99472], [77.61355, 12.99469], [77.61352, 12.99466], [77.61348, 12.99463], [77.61344, 12.99461], [77.6134, 12.99459], [77.61336, 12.99458], [77.61332, 12.99457], [77.61327, 12.99456], [77.61323, 12.99456], [77.61318, 12.99457], [77.61314, 12.99457], [77.61089, 12.99507], [77.61084, 12.99508], [77.6108, 12.9951], [77.61076, 12.99512], [77.61072, 12.99514], [77.61069, 12.99517], [77.61066, 12.9952], [77.61063, 12.99523], [77.6106, 12.99527], [77.61058, 12.99531], [77.60947, 12.99744], [77.60945, 12.99748], [77.60943, 12.99752], [77.60942, 12.99756], [77.60942, 12.9976], [77.60942, 12.99765], [77.60942, 12.99769], [77.60942, 12.99773], [77.60944, 12.99777], [77.60945, 12.99782], [77.60947, 12.99786], [77.60949, 12.99789], [77.60952, 12.99793], [77.61117, 12.99992], [77.6112, 12.99995], [77.61123, 12.99998], [77.61127, 13.00001], [77.61131, 13.00003], [77.61135, 13.00005], [77.6114, 13.00007], [77.61144, 13.00008], [77.61149, 13.00008], [77.61153, 13.00008], [77.61158, 13.00008], [77.61162, 13.00007], [77.61167, 13.00006], [77.61171, 13.00005], [77.61175, 13.00003], [77.61179, 13.0], [77.61183, 12.99998], [77.61186, 12.99994], [77.61189, 12.99991], [77.61192, 12.99987], [77.61273, 12.9986], [77.61275, 12.99856], [77.61277, 12.99852], [77.61278, 12.99848], [77.61368, 12.99513]]]}}, {"type": "Feature", "properties": {"cluster_id": 24, "rank": 18, "reports": 9, "radius_m": 293.6, "boundary_kind": "cluster visualization boundary (50 m-buffered convex hull; not a pothole area)", "feature": "centroid"}, "geometry": {"type": "Point", "coordinates": [77.6115, 12.997]}}, {"type": "Feature", "properties": {"cluster_id": 25, "rank": 59, "reports": 5, "radius_m": 166.2, "boundary_kind": "cluster visualization boundary (50 m-buffered convex hull; not a pothole area)"}, "geometry": {"type": "Polygon", "coordinates": [[[77.70061, 12.9721], [77.70057, 12.97209], [77.70053, 12.97208], [77.70048, 12.97207], [77.70044, 12.97207], [77.70039, 12.97208], [77.70035, 12.97209], [77.70031, 12.9721], [77.70027, 12.97211], [77.70023, 12.97213], [77.70019, 12.97216], [77.70016, 12.97218], [77.70012, 12.97221], [77.70009, 12.97225], [77.70007, 12.97228], [77.70005, 12.97232], [77.70003, 12.97236], [77.70001, 12.9724], [77.7, 12.97244], [77.7, 12.97248], [77.69999, 12.97253], [77.7, 12.97257], [77.7, 12.97261], [77.70001, 12.97266], [77.70003, 12.9727], [77.70035, 12.97345], [77.70037, 12.97349], [77.70039, 12.97353], [77.70042, 12.97357], [77.70045, 12.9736], [77.70048, 12.97363], [77.70052, 12.97366], [77.70056, 12.97368], [77.70061, 12.9737], [77.70065, 12.97371], [77.7007, 12.97372], [77.70074, 12.97373], [77.70272, 12.97385], [77.70276, 12.97386], [77.70281, 12.97385], [77.70285, 12.97384], [77.70289, 12.97383], [77.70293, 12.97382], [77.70297, 12.9738], [77.70301, 12.97377], [77.70305, 12.97374], [77.70308, 12.97371], [77.70311, 12.97368], [77.70314, 12.97364], [77.70316, 12.97361], [77.70318, 12.97357], [77.70319, 12.97352], [77.7032, 12.97348], [77.7032, 12.97344], [77.70321, 12.97339], [77.7032, 12.97335], [77.7032, 12.97331], [77.70318, 12.97326], [77.70317, 12.97322], [77.70315, 12.97318], [77.70312, 12.97315], [77.7031, 12.97311], [77.70307, 12.97308], [77.70303, 12.97305], [77.703, 12.97302], [77.70296, 12.973], [77.70292, 12.97298], [77.70167, 12.9725], [77.70167, 12.9725], [77.70109, 12.97227], [77.70108, 12.97227], [77.70061, 12.9721]]]}}, {"type": "Feature", "properties": {"cluster_id": 25, "rank": 59, "reports": 5, "radius_m": 166.2, "boundary_kind": "cluster visualization boundary (50 m-buffered convex hull; not a pothole area)", "feature": "centroid"}, "geometry": {"type": "Point", "coordinates": [77.7013, 12.973]}}, {"type": "Feature", "properties": {"cluster_id": 26, "rank": 28, "reports": 8, "radius_m": 265.0, "boundary_kind": "cluster visualization boundary (50 m-buffered convex hull; not a pothole area)"}, "geometry": {"type": "Polygon", "coordinates": [[[77.63286, 12.89348], [77.63282, 12.89345], [77.63279, 12.89343], [77.63275, 12.8934], [77.63271, 12.89339], [77.63267, 12.89337], [77.63262, 12.89336], [77.63258, 12.89335], [77.63253, 12.89335], [77.63249, 12.89335], [77.63244, 12.89336], [77.6324, 12.89337], [77.63236, 12.89338], [77.63232, 12.8934], [77.63228, 12.89342], [77.63224, 12.89345], [77.63221, 12.89348], [77.63218, 12.89351], [77.63215, 12.89355], [77.63091, 12.89531], [77.63088, 12.89535], [77.63086, 12.89539], [77.63085, 12.89544], [77.63083, 12.89548], [77.63083, 12.89553], [77.63083, 12.89557], [77.63083, 12.89562], [77.63084, 12.89566], [77.63148, 12.89857], [77.63149, 12.89861], [77.6315, 12.89865], [77.63152, 12.89869], [77.63155, 12.89873], [77.63157, 12.89876], [77.6316, 12.8988], [77.63164, 12.89883], [77.63167, 12.89885], [77.63171, 12.89887], [77.63175, 12.89889], [77.63179, 12.89891], [77.63184, 12.89892], [77.63188, 12.89892], [77.63192, 12.89893], [77.63197, 12.89892], [77.63201, 12.89892], [77.63206, 12.89891], [77.6321, 12.89889], [77.63214, 12.89888], [77.63218, 12.89885], [77.63221, 12.89883], [77.63225, 12.8988], [77.63228, 12.89877], [77.63475, 12.89593], [77.63478, 12.8959], [77.63481, 12.89586], [77.63483, 12.89582], [77.63484, 12.89578], [77.63485, 12.89573], [77.63486, 12.89569], [77.63486, 12.89564], [77.63486, 12.8956], [77.63486, 12.89555], [77.63485, 12.89551], [77.63483, 12.89547], [77.63481, 12.89543], [77.63479, 12.89539], [77.63476, 12.89535], [77.63473, 12.89532], [77.63286, 12.89348]]]}}, {"type": "Feature", "properties": {"cluster_id": 26, "rank": 28, "reports": 8, "radius_m": 265.0, "boundary_kind": "cluster visualization boundary (50 m-buffered convex hull; not a pothole area)", "feature": "centroid"}, "geometry": {"type": "Point", "coordinates": [77.6325, 12.8962]}}, {"type": "Feature", "properties": {"cluster_id": 27, "rank": 8, "reports": 13, "radius_m": 471.6, "boundary_kind": "cluster visualization boundary (50 m-buffered convex hull; not a pothole area)"}, "geometry": {"type": "Polygon", "coordinates": [[[77.70495, 12.94806], [77.70492, 12.94802], [77.70488, 12.94799], [77.70485, 12.94796], [77.70481, 12.94794], [77.70476, 12.94792], [77.70472, 12.9479], [77.70467, 12.94789], [77.70463, 12.94789], [77.70458, 12.94789], [77.70453, 12.94789], [77.70449, 12.9479], [77.70444, 12.94791], [77.7044, 12.94792], [77.70095, 12.94944], [77.70091, 12.94946], [77.70087, 12.94948], [77.70084, 12.94951], [77.7008, 12.94954], [77.70077, 12.94958], [77.70075, 12.94962], [77.70072, 12.94966], [77.70071, 12.9497], [77.70069, 12.94974], [77.70069, 12.94979], [77.70068, 12.94983], [77.70068, 12.94988], [77.70069, 12.94993], [77.7007, 12.94997], [77.70159, 12.95313], [77.70161, 12.95317], [77.70162, 12.95321], [77.70164, 12.95325], [77.70167, 12.95328], [77.70338, 12.95547], [77.70341, 12.95551], [77.70344, 12.95554], [77.70347, 12.95556], [77.70351, 12.95559], [77.70355, 12.95561], [77.70359, 12.95563], [77.70364, 12.95564], [77.70368, 12.95565], [77.70372, 12.95565], [77.70377, 12.95565], [77.70381, 12.95565], [77.70386, 12.95564], [77.7039, 12.95562], [77.70394, 12.95561], [77.70398, 12.95559], [77.70402, 12.95556], [77.70405, 12.95553], [77.70408, 12.9555], [77.70411, 12.95547], [77.70414, 12.95543], [77.70416, 12.9554], [77.70418, 12.95535], [77.7062, 12.94996], [77.70622, 12.94992], [77.70623, 12.94987], [77.70623, 12.94983], [77.70623, 12.94978], [77.70623, 12.94973], [77.70622, 12.94969], [77.7062, 12.94965], [77.70618, 12.9496], [77.70616, 12.94956], [77.70613, 12.94953], [77.70495, 12.94806]]]}}, {"type": "Feature", "properties": {"cluster_id": 27, "rank": 8, "reports": 13, "radius_m": 471.6, "boundary_kind": "cluster visualization boundary (50 m-buffered convex hull; not a pothole area)", "feature": "centroid"}, "geometry": {"type": "Point", "coordinates": [77.7038, 12.951]}}, {"type": "Feature", "properties": {"cluster_id": 28, "rank": 60, "reports": 5, "radius_m": 84.7, "boundary_kind": "cluster visualization boundary (50 m-buffered convex hull; not a pothole area)"}, "geometry": {"type": "Polygon", "coordinates": [[[77.64332, 13.05822], [77.64332, 13.05817], [77.64332, 13.05813], [77.64332, 13.05808], [77.64331, 13.05804], [77.64329, 13.058], [77.64327, 13.05796], [77.64325, 13.05792], [77.64323, 13.05788], [77.6432, 13.05785], [77.64317, 13.05782], [77.64313, 13.05779], [77.64309, 13.05777], [77.64305, 13.05775], [77.64301, 13.05773], [77.64297, 13.05772], [77.64292, 13.05771], [77.64288, 13.05771], [77.64283, 13.05771], [77.64279, 13.05771], [77.64274, 13.05772], [77.6427, 13.05773], [77.64266, 13.05775], [77.64262, 13.05777], [77.64258, 13.0578], [77.64255, 13.05783], [77.64251, 13.05786], [77.64249, 13.05789], [77.64246, 13.05793], [77.64244, 13.05797], [77.64242, 13.05801], [77.64241, 13.05805], [77.6424, 13.0581], [77.64223, 13.05936], [77.64223, 13.0594], [77.64223, 13.05945], [77.64224, 13.05949], [77.64225, 13.05953], [77.64226, 13.05957], [77.64228, 13.05962], [77.6423, 13.05965], [77.64233, 13.05969], [77.64235, 13.05972], [77.64239, 13.05976], [77.64242, 13.05978], [77.64246, 13.05981], [77.6425, 13.05983], [77.64254, 13.05984], [77.64259, 13.05986], [77.64263, 13.05986], [77.64268, 13.05987], [77.64272, 13.05987], [77.64277, 13.05986], [77.64281, 13.05985], [77.64285, 13.05984], [77.64289, 13.05982], [77.64293, 13.0598], [77.64297, 13.05977], [77.64301, 13.05975], [77.64304, 13.05971], [77.64307, 13.05968], [77.64309, 13.05964], [77.64311, 13.0596], [77.64313, 13.05956], [77.64314, 13.05952], [77.64315, 13.05948], [77.64332, 13.05822]]]}}, {"type": "Feature", "properties": {"cluster_id": 28, "rank": 60, "reports": 5, "radius_m": 84.7, "boundary_kind": "cluster visualization boundary (50 m-buffered convex hull; not a pothole area)", "feature": "centroid"}, "geometry": {"type": "Point", "coordinates": [77.6428, 13.0587]}}, {"type": "Feature", "properties": {"cluster_id": 29, "rank": 61, "reports": 5, "radius_m": 20.6, "boundary_kind": "cluster visualization boundary (50 m-buffered convex hull; not a pothole area)"}, "geometry": {"type": "Polygon", "coordinates": [[[77.67956, 12.99336], [77.67952, 12.99333], [77.67949, 12.9933], [77.67945, 12.99328], [77.67941, 12.99326], [77.67937, 12.99324], [77.67933, 12.99323], [77.67928, 12.99322], [77.67924, 12.99322], [77.67919, 12.99322], [77.67915, 12.99322], [77.67911, 12.99323], [77.67906, 12.99324], [77.67902, 12.99326], [77.67898, 12.99328], [77.67894, 12.99331], [77.67891, 12.99333], [77.67888, 12.99337], [77.67885, 12.9934], [77.67883, 12.99344], [77.6788, 12.99348], [77.67879, 12.99352], [77.67878, 12.99356], [77.67877, 12.9936], [77.67876, 12.99364], [77.67875, 12.99398], [77.67875, 12.99402], [77.67875, 12.99407], [77.67876, 12.99411], [77.67877, 12.99416], [77.67879, 12.9942], [77.67881, 12.99424], [77.67884, 12.99428], [77.67887, 12.99431], [77.6789, 12.99434], [77.67894, 12.99437], [77.67898, 12.99439], [77.67902, 12.99441], [77.67906, 12.99443], [77.6791, 12.99444], [77.67915, 12.99445], [77.67919, 12.99445], [77.67924, 12.99445], [77.67929, 12.99445], [77.67933, 12.99444], [77.67937, 12.99442], [77.67942, 12.9944], [77.67946, 12.99438], [77.67949, 12.99435], [77.67953, 12.99432], [77.67956, 12.99429], [77.67958, 12.99427], [77.67961, 12.99423], [77.67964, 12.99418], [77.67966, 12.99413], [77.67974, 12.99391], [77.67975, 12.99387], [77.67976, 12.99382], [77.67977, 12.99378], [77.67977, 12.99373], [77.67976, 12.99369], [77.67975, 12.99364], [77.67974, 12.9936], [77.67972, 12.99356], [77.6797, 12.99352], [77.67967, 12.99348], [77.67964, 12.99345], [77.67956, 12.99336]]]}}, {"type": "Feature", "properties": {"cluster_id": 29, "rank": 61, "reports": 5, "radius_m": 20.6, "boundary_kind": "cluster visualization boundary (50 m-buffered convex hull; not a pothole area)", "feature": "centroid"}, "geometry": {"type": "Point", "coordinates": [77.6792, 12.9938]}}, {"type": "Feature", "properties": {"cluster_id": 30, "rank": 17, "reports": 9, "radius_m": 367.4, "boundary_kind": "cluster visualization boundary (50 m-buffered convex hull; not a pothole area)"}, "geometry": {"type": "Polygon", "coordinates": [[[77.59987, 12.85918], [77.59986, 12.85913], [77.59984, 12.85909], [77.59982, 12.85905], [77.5998, 12.85901], [77.59978, 12.85898], [77.59975, 12.85894], [77.59971, 12.85891], [77.59968, 12.85889], [77.59964, 12.85886], [77.5996, 12.85884], [77.59956, 12.85883], [77.59952, 12.85882], [77.59947, 12.85881], [77.59943, 12.85881], [77.59938, 12.85881], [77.59934, 12.85881], [77.59929, 12.85882], [77.59925, 12.85883], [77.59921, 12.85885], [77.59917, 12.85887], [77.59914, 12.8589], [77.5991, 12.85893], [77.59907, 12.85896], [77.59904, 12.85899], [77.59902, 12.85903], [77.599, 12.85907], [77.59898, 12.85911], [77.59839, 12.86076], [77.59837, 12.8608], [77.59836, 12.86085], [77.59836, 12.86089], [77.59816, 12.86432], [77.59816, 12.86436], [77.59816, 12.86441], [77.59817, 12.86445], [77.59818, 12.8645], [77.5982, 12.86454], [77.59822, 12.86458], [77.59825, 12.86462], [77.59828, 12.86465], [77.59831, 12.86468], [77.59835, 12.86471], [77.59839, 12.86474], [77.60019, 12.86576], [77.60023, 12.86578], [77.60027, 12.8658], [77.60031, 12.86581], [77.60036, 12.86582], [77.6004, 12.86582], [77.60045, 12.86582], [77.60049, 12.86582], [77.60053, 12.86581], [77.60058, 12.8658], [77.60062, 12.86578], [77.60066, 12.86576], [77.60069, 12.86574], [77.60073, 12.86571], [77.60076, 12.86568], [77.60079, 12.86565], [77.60081, 12.86561], [77.60083, 12.86557], [77.60085, 12.86554], [77.60087, 12.86549], [77.60088, 12.86545], [77.60088, 12.86541], [77.60088, 12.86537], [77.60087, 12.8645], [77.60087, 12.86446], [77.60086, 12.86442], [77.59987, 12.85918]]]}}, {"type": "Feature", "properties": {"cluster_id": 30, "rank": 17, "reports": 9, "radius_m": 367.4, "boundary_kind": "cluster visualization boundary (50 m-buffered convex hull; not a pothole area)", "feature": "centroid"}, "geometry": {"type": "Point", "coordinates": [77.5995, 12.8626]}}, {"type": "Feature", "properties": {"cluster_id": 31, "rank": 22, "reports": 8, "radius_m": 380.0, "boundary_kind": "cluster visualization boundary (50 m-buffered convex hull; not a pothole area)"}, "geometry": {"type": "Polygon", "coordinates": [[[77.75761, 12.96442], [77.75757, 12.96442], [77.75753, 12.96442], [77.75748, 12.96442], [77.75626, 12.96467], [77.75622, 12.96468], [77.75618, 12.9647], [77.75614, 12.96471], [77.7561, 12.96474], [77.75606, 12.96476], [77.75603, 12.96479], [77.756, 12.96483], [77.75597, 12.96486], [77.75595, 12.9649], [77.75593, 12.96494], [77.75591, 12.96499], [77.7559, 12.96503], [77.7559, 12.96507], [77.75589, 12.96512], [77.7559, 12.96516], [77.75591, 12.96521], [77.75592, 12.96525], [77.75593, 12.96529], [77.75595, 12.96533], [77.75598, 12.96537], [77.756, 12.9654], [77.75604, 12.96544], [77.75607, 12.96547], [77.75611, 12.96549], [77.75615, 12.96551], [77.75721, 12.96605], [77.75727, 12.96607], [77.76107, 12.96739], [77.76111, 12.9674], [77.76115, 12.96741], [77.7612, 12.96741], [77.76124, 12.96741], [77.76129, 12.96741], [77.76133, 12.9674], [77.76137, 12.96739], [77.76141, 12.96737], [77.76145, 12.96735], [77.76149, 12.96733], [77.76153, 12.9673], [77.76156, 12.96727], [77.76159, 12.96724], [77.76161, 12.9672], [77.76163, 12.96716], [77.76165, 12.96712], [77.76167, 12.96708], [77.76167, 12.96704], [77.76168, 12.967], [77.76168, 12.96695], [77.76168, 12.96691], [77.76167, 12.96687], [77.76166, 12.96682], [77.76164, 12.96678], [77.76162, 12.96674], [77.7616, 12.96671], [77.76157, 12.96667], [77.7599, 12.96473], [77.75987, 12.96469], [77.75983, 12.96467], [77.7598, 12.96464], [77.75976, 12.96462], [77.75972, 12.9646], [77.75967, 12.96458], [77.75963, 12.96457], [77.75958, 12.96457], [77.75761, 12.96442]]]}}, {"type": "Feature", "properties": {"cluster_id": 31, "rank": 22, "reports": 8, "radius_m": 380.0, "boundary_kind": "cluster visualization boundary (50 m-buffered convex hull; not a pothole area)", "feature": "centroid"}, "geometry": {"type": "Point", "coordinates": [77.7581, 12.9654]}}, {"type": "Feature", "properties": {"cluster_id": 32, "rank": 23, "reports": 8, "radius_m": 270.2, "boundary_kind": "cluster visualization boundary (50 m-buffered convex hull; not a pothole area)"}, "geometry": {"type": "Polygon", "coordinates": [[[77.59439, 12.98999], [77.59436, 12.98996], [77.59433, 12.98992], [77.5943, 12.98989], [77.59426, 12.98987], [77.59423, 12.98984], [77.59419, 12.98982], [77.59414, 12.98981], [77.5941, 12.9898], [77.59406, 12.98979], [77.59401, 12.98979], [77.59397, 12.98979], [77.59392, 12.9898], [77.59388, 12.98981], [77.59383, 12.98982], [77.59379, 12.98984], [77.59375, 12.98986], [77.59372, 12.98989], [77.59368, 12.98992], [77.59365, 12.98995], [77.59363, 12.98998], [77.5936, 12.99002], [77.59358, 12.99006], [77.59357, 12.9901], [77.59356, 12.99014], [77.59355, 12.99019], [77.59354, 12.99023], [77.59355, 12.99028], [77.59355, 12.99032], [77.59388, 12.99208], [77.59389, 12.99213], [77.59391, 12.99217], [77.59392, 12.99221], [77.59395, 12.99225], [77.59397, 12.99229], [77.594, 12.99232], [77.59404, 12.99235], [77.5955, 12.99355], [77.59554, 12.99357], [77.59558, 12.9936], [77.59562, 12.99362], [77.59566, 12.99363], [77.5957, 12.99364], [77.59575, 12.99365], [77.59579, 12.99365], [77.59584, 12.99365], [77.59588, 12.99364], [77.59592, 12.99363], [77.59597, 12.99362], [77.59601, 12.9936], [77.59605, 12.99358], [77.59608, 12.99355], [77.59612, 12.99352], [77.59615, 12.99349], [77.59618, 12.99346], [77.5962, 12.99342], [77.59622, 12.99338], [77.59623, 12.99334], [77.59625, 12.9933], [77.59625, 12.99325], [77.59626, 12.99321], [77.59626, 12.99316], [77.59625, 12.99312], [77.59624, 12.99308], [77.59623, 12.99303], [77.59594, 12.99231], [77.59592, 12.99227], [77.59589, 12.99223], [77.59439, 12.98999]]]}}, {"type": "Feature", "properties": {"cluster_id": 32, "rank": 23, "reports": 8, "radius_m": 270.2, "boundary_kind": "cluster visualization boundary (50 m-buffered convex hull; not a pothole area)", "feature": "centroid"}, "geometry": {"type": "Point", "coordinates": [77.5952, 12.9924]}}, {"type": "Feature", "properties": {"cluster_id": 33, "rank": 20, "reports": 9, "radius_m": 303.4, "boundary_kind": "cluster visualization boundary (50 m-buffered convex hull; not a pothole area)"}, "geometry": {"type": "Polygon", "coordinates": [[[77.65755, 12.89409], [77.65755, 12.89405], [77.65754, 12.894], [77.65752, 12.89396], [77.6575, 12.89392], [77.65748, 12.89388], [77.65745, 12.89384], [77.65742, 12.89381], [77.65739, 12.89378], [77.65735, 12.89375], [77.65731, 12.89373], [77.65727, 12.89371], [77.65723, 12.8937], [77.65718, 12.89369], [77.65714, 12.89368], [77.65709, 12.89368], [77.65705, 12.89368], [77.657, 12.89369], [77.65696, 12.8937], [77.65508, 12.89428], [77.65504, 12.89429], [77.65501, 12.89431], [77.65316, 12.89528], [77.65312, 12.89531], [77.65308, 12.89533], [77.65305, 12.89536], [77.65302, 12.8954], [77.65299, 12.89543], [77.65297, 12.89547], [77.65295, 12.89551], [77.65293, 12.89556], [77.65292, 12.8956], [77.65292, 12.89565], [77.65292, 12.89569], [77.65292, 12.89574], [77.65293, 12.89578], [77.65294, 12.89583], [77.65296, 12.89587], [77.65298, 12.89591], [77.653, 12.89595], [77.65481, 12.89839], [77.65483, 12.89842], [77.65487, 12.89845], [77.6549, 12.89848], [77.65494, 12.89851], [77.65498, 12.89853], [77.65502, 12.89855], [77.65507, 12.89856], [77.65511, 12.89857], [77.65741, 12.89889], [77.65746, 12.89889], [77.6575, 12.89889], [77.65755, 12.89889], [77.65759, 12.89888], [77.65764, 12.89886], [77.65768, 12.89884], [77.65772, 12.89882], [77.65776, 12.8988], [77.65779, 12.89877], [77.65782, 12.89874], [77.65785, 12.8987], [77.65788, 12.89866], [77.6579, 12.89862], [77.65791, 12.89858], [77.65792, 12.89854], [77.65793, 12.89849], [77.65793, 12.89845], [77.65793, 12.8984], [77.65755, 12.89409]]]}}, {"type": "Feature", "properties": {"cluster_id": 33, "rank": 20, "reports": 9, "radius_m": 303.4, "boundary_kind": "cluster visualization boundary (50 m-buffered convex hull; not a pothole area)", "feature": "centroid"}, "geometry": {"type": "Point", "coordinates": [77.6557, 12.8964]}}, {"type": "Feature", "properties": {"cluster_id": 34, "rank": 40, "reports": 6, "radius_m": 272.5, "boundary_kind": "cluster visualization boundary (50 m-buffered convex hull; not a pothole area)"}, "geometry": {"type": "Polygon", "coordinates": [[[77.61843, 12.91572], [77.61838, 12.91571], [77.61834, 12.91572], [77.61829, 12.91572], [77.61825, 12.91573], [77.61821, 12.91575], [77.61817, 12.91577], [77.61813, 12.91579], [77.61809, 12.91582], [77.61806, 12.91585], [77.61803, 12.91588], [77.618, 12.91591], [77.61797, 12.91595], [77.61795, 12.91599], [77.61794, 12.91603], [77.61793, 12.91608], [77.61792, 12.91612], [77.61792, 12.91617], [77.61792, 12.91621], [77.61793, 12.91625], [77.61794, 12.9163], [77.61795, 12.91634], [77.61797, 12.91638], [77.618, 12.91642], [77.61802, 12.91645], [77.61805, 12.91649], [77.61809, 12.91652], [77.61812, 12.91654], [77.61816, 12.91657], [77.62206, 12.9186], [77.6221, 12.91862], [77.62215, 12.91863], [77.62219, 12.91864], [77.62224, 12.91865], [77.62228, 12.91865], [77.62233, 12.91865], [77.62237, 12.91864], [77.62242, 12.91863], [77.62246, 12.91861], [77.6225, 12.91859], [77.62254, 12.91857], [77.62258, 12.91854], [77.62261, 12.91851], [77.62264, 12.91848], [77.62267, 12.91844], [77.62269, 12.9184], [77.62271, 12.91836], [77.62272, 12.91832], [77.62273, 12.91827], [77.62274, 12.91823], [77.62274, 12.91819], [77.62273, 12.91814], [77.62273, 12.9181], [77.62234, 12.91644], [77.62232, 12.91639], [77.62231, 12.91635], [77.62229, 12.91632], [77.62227, 12.91628], [77.62224, 12.91625], [77.62221, 12.91621], [77.62218, 12.91619], [77.62214, 12.91616], [77.6221, 12.91614], [77.62206, 12.91612], [77.62202, 12.91611], [77.62198, 12.9161], [77.62194, 12.91609], [77.61843, 12.91572]]]}}, {"type": "Feature", "properties": {"cluster_id": 34, "rank": 40, "reports": 6, "radius_m": 272.5, "boundary_kind": "cluster visualization boundary (50 m-buffered convex hull; not a pothole area)", "feature": "centroid"}, "geometry": {"type": "Point", "coordinates": [77.6208, 12.9168]}}, {"type": "Feature", "properties": {"cluster_id": 35, "rank": 62, "reports": 5, "radius_m": 119.6, "boundary_kind": "cluster visualization boundary (50 m-buffered convex hull; not a pothole area)"}, "geometry": {"type": "Polygon", "coordinates": [[[77.65544, 13.01831], [77.6554, 13.01831], [77.65535, 13.01831], [77.65531, 13.01831], [77.65526, 13.01832], [77.65522, 13.01834], [77.65518, 13.01836], [77.65514, 13.01838], [77.65511, 13.01841], [77.65507, 13.01844], [77.65504, 13.01847], [77.65501, 13.0185], [77.65499, 13.01854], [77.65497, 13.01858], [77.65495, 13.01862], [77.65494, 13.01867], [77.65462, 13.02016], [77.65462, 13.02021], [77.65461, 13.02025], [77.65461, 13.02029], [77.65462, 13.02034], [77.65463, 13.02038], [77.65465, 13.02042], [77.65466, 13.02046], [77.65469, 13.0205], [77.65471, 13.02054], [77.65474, 13.02057], [77.65477, 13.0206], [77.65481, 13.02063], [77.65484, 13.02065], [77.65488, 13.02067], [77.65493, 13.02068], [77.65497, 13.0207], [77.65501, 13.0207], [77.65506, 13.02071], [77.6551, 13.02071], [77.65514, 13.0207], [77.65519, 13.02069], [77.65523, 13.02068], [77.65527, 13.02067], [77.65531, 13.02064], [77.65535, 13.02062], [77.65538, 13.02059], [77.65541, 13.02056], [77.65544, 13.02053], [77.65547, 13.02049], [77.65636, 13.01905], [77.65638, 13.01901], [77.6564, 13.01897], [77.65641, 13.01893], [77.65642, 13.01888], [77.65643, 13.01884], [77.65643, 13.01879], [77.65642, 13.01875], [77.65641, 13.0187], [77.6564, 13.01866], [77.65638, 13.01862], [77.65636, 13.01858], [77.65633, 13.01854], [77.6563, 13.01851], [77.65627, 13.01848], [77.65623, 13.01845], [77.65619, 13.01843], [77.65615, 13.01841], [77.65611, 13.01839], [77.65606, 13.01838], [77.65602, 13.01837], [77.65544, 13.01831]]]}}, {"type": "Feature", "properties": {"cluster_id": 35, "rank": 62, "reports": 5, "radius_m": 119.6, "boundary_kind": "cluster visualization boundary (50 m-buffered convex hull; not a pothole area)", "feature": "centroid"}, "geometry": {"type": "Point", "coordinates": [77.6555, 13.0192]}}, {"type": "Feature", "properties": {"cluster_id": 36, "rank": 11, "reports": 10, "radius_m": 298.6, "boundary_kind": "cluster visualization boundary (50 m-buffered convex hull; not a pothole area)"}, "geometry": {"type": "Polygon", "coordinates": [[[77.69842, 12.91105], [77.6984, 12.91101], [77.69838, 12.91097], [77.69835, 12.91094], [77.69832, 12.91091], [77.69829, 12.91088], [77.69825, 12.91085], [77.69821, 12.91083], [77.69817, 12.91081], [77.69813, 12.9108], [77.69809, 12.91078], [77.69804, 12.91078], [77.698, 12.91078], [77.69795, 12.91078], [77.69791, 12.91079], [77.69787, 12.9108], [77.69782, 12.91081], [77.69778, 12.91083], [77.69774, 12.91085], [77.69771, 12.91088], [77.69767, 12.91091], [77.69764, 12.91094], [77.69762, 12.91098], [77.6976, 12.91102], [77.69758, 12.91106], [77.69756, 12.9111], [77.69616, 12.91568], [77.69614, 12.91573], [77.69614, 12.91577], [77.69614, 12.91581], [77.69614, 12.91586], [77.69615, 12.9159], [77.69616, 12.91594], [77.69617, 12.91599], [77.69619, 12.91603], [77.69621, 12.91606], [77.69624, 12.9161], [77.69627, 12.91613], [77.6963, 12.91616], [77.69634, 12.91619], [77.69638, 12.91621], [77.69642, 12.91623], [77.69646, 12.91624], [77.69651, 12.91626], [77.69776, 12.9165], [77.69781, 12.91651], [77.69785, 12.91651], [77.69789, 12.91651], [77.69794, 12.9165], [77.69798, 12.91649], [77.69802, 12.91648], [77.69806, 12.91646], [77.6981, 12.91644], [77.69814, 12.91641], [77.69948, 12.91538], [77.69951, 12.91535], [77.69954, 12.91532], [77.69957, 12.91529], [77.69959, 12.91525], [77.69962, 12.91521], [77.69963, 12.91517], [77.69964, 12.91512], [77.69965, 12.91508], [77.69965, 12.91503], [77.69965, 12.91499], [77.69965, 12.91495], [77.69964, 12.9149], [77.69871, 12.91171], [77.69869, 12.91166], [77.69842, 12.91105]]]}}, {"type": "Feature", "properties": {"cluster_id": 36, "rank": 11, "reports": 10, "radius_m": 298.6, "boundary_kind": "cluster visualization boundary (50 m-buffered convex hull; not a pothole area)", "feature": "centroid"}, "geometry": {"type": "Point", "coordinates": [77.6982, 12.9136]}}, {"type": "Feature", "properties": {"cluster_id": 37, "rank": 5, "reports": 14, "radius_m": 333.8, "boundary_kind": "cluster visualization boundary (50 m-buffered convex hull; not a pothole area)"}, "geometry": {"type": "Polygon", "coordinates": [[[77.71462, 12.94966], [77.71457, 12.94966], [77.71453, 12.94966], [77.71448, 12.94967], [77.71444, 12.94968], [77.7144, 12.9497], [77.71436, 12.94972], [77.71432, 12.94975], [77.71429, 12.94978], [77.71425, 12.94981], [77.71422, 12.94984], [77.71325, 12.95114], [77.71323, 12.95118], [77.71321, 12.95122], [77.71319, 12.95126], [77.71318, 12.9513], [77.71317, 12.95135], [77.71316, 12.95139], [77.71316, 12.95144], [77.71317, 12.95148], [77.71318, 12.95152], [77.71319, 12.95157], [77.71321, 12.95161], [77.71323, 12.95165], [77.71326, 12.95168], [77.71329, 12.95172], [77.71332, 12.95175], [77.71335, 12.95178], [77.71339, 12.9518], [77.71343, 12.95182], [77.71347, 12.95184], [77.71352, 12.95185], [77.71669, 12.95258], [77.71673, 12.95259], [77.71678, 12.95259], [77.71683, 12.95259], [77.71687, 12.95259], [77.71692, 12.95257], [77.71696, 12.95256], [77.71701, 12.95254], [77.71705, 12.95252], [77.71708, 12.95249], [77.71712, 12.95246], [77.71715, 12.95242], [77.71789, 12.95153], [77.71793, 12.95148], [77.7182, 12.95103], [77.71822, 12.95099], [77.71824, 12.95095], [77.71825, 12.95091], [77.71826, 12.95086], [77.71826, 12.95082], [77.71826, 12.95078], [77.71826, 12.95073], [77.71825, 12.95069], [77.71824, 12.95065], [77.71822, 12.95061], [77.7182, 12.95057], [77.71818, 12.95053], [77.71815, 12.9505], [77.71812, 12.95047], [77.71808, 12.95044], [77.71734, 12.94988], [77.7173, 12.94985], [77.71726, 12.94983], [77.71722, 12.94981], [77.71718, 12.9498], [77.71713, 12.94979], [77.71709, 12.94979], [77.71624, 12.94974], [77.71624, 12.94974], [77.71462, 12.94966]]]}}, {"type": "Feature", "properties": {"cluster_id": 37, "rank": 5, "reports": 14, "radius_m": 333.8, "boundary_kind": "cluster visualization boundary (50 m-buffered convex hull; not a pothole area)", "feature": "centroid"}, "geometry": {"type": "Point", "coordinates": [77.7167, 12.951]}}, {"type": "Feature", "properties": {"cluster_id": 38, "rank": 15, "reports": 9, "radius_m": 265.5, "boundary_kind": "cluster visualization boundary (50 m-buffered convex hull; not a pothole area)"}, "geometry": {"type": "Polygon", "coordinates": [[[77.69941, 12.93828], [77.69943, 12.93824], [77.69945, 12.9382], [77.69946, 12.93816], [77.69947, 12.93812], [77.69947, 12.93807], [77.69947, 12.93803], [77.69947, 12.93799], [77.69946, 12.93794], [77.69944, 12.9379], [77.69942, 12.93786], [77.6994, 12.93782], [77.69938, 12.93778], [77.69935, 12.93775], [77.69931, 12.93772], [77.69928, 12.93769], [77.69924, 12.93767], [77.6992, 12.93765], [77.69916, 12.93763], [77.69912, 12.93762], [77.69907, 12.93761], [77.69903, 12.93761], [77.69898, 12.93761], [77.69894, 12.93761], [77.69889, 12.93762], [77.69872, 12.93767], [77.6987, 12.93768], [77.69682, 12.93826], [77.69678, 12.93827], [77.695, 12.93899], [77.69496, 12.93901], [77.69492, 12.93903], [77.69489, 12.93906], [77.69485, 12.93909], [77.69482, 12.93912], [77.6948, 12.93915], [77.69477, 12.93919], [77.69475, 12.93923], [77.69474, 12.93927], [77.69473, 12.93932], [77.69472, 12.93936], [77.69472, 12.9394], [77.69472, 12.93945], [77.69472, 12.93949], [77.69473, 12.93953], [77.69475, 12.93957], [77.69477, 12.93961], [77.69479, 12.93965], [77.69482, 12.93969], [77.69485, 12.93972], [77.69488, 12.93975], [77.69491, 12.93978], [77.69495, 12.9398], [77.69499, 12.93982], [77.69503, 12.93984], [77.69508, 12.93985], [77.69779, 12.94044], [77.69783, 12.94045], [77.69787, 12.94045], [77.69792, 12.94045], [77.69796, 12.94044], [77.69801, 12.94043], [77.69805, 12.94042], [77.69809, 12.9404], [77.69813, 12.94038], [77.69817, 12.94036], [77.6982, 12.94033], [77.69823, 12.94029], [77.69826, 12.94026], [77.69829, 12.94022], [77.69941, 12.93828]]]}}, {"type": "Feature", "properties": {"cluster_id": 38, "rank": 15, "reports": 9, "radius_m": 265.5, "boundary_kind": "cluster visualization boundary (50 m-buffered convex hull; not a pothole area)", "feature": "centroid"}, "geometry": {"type": "Point", "coordinates": [77.6975, 12.9387]}}, {"type": "Feature", "properties": {"cluster_id": 39, "rank": 63, "reports": 5, "radius_m": 100.4, "boundary_kind": "cluster visualization boundary (50 m-buffered convex hull; not a pothole area)"}, "geometry": {"type": "Polygon", "coordinates": [[[77.59425, 12.88996], [77.59423, 12.88992], [77.5942, 12.88988], [77.59418, 12.88985], [77.59415, 12.88981], [77.59411, 12.88978], [77.59408, 12.88976], [77.59404, 12.88974], [77.59399, 12.88972], [77.59395, 12.8897], [77.59391, 12.88969], [77.59386, 12.88969], [77.59382, 12.88968], [77.59377, 12.88969], [77.59373, 12.88969], [77.59368, 12.8897], [77.59364, 12.88972], [77.5936, 12.88974], [77.59356, 12.88976], [77.59353, 12.88979], [77.59349, 12.88982], [77.59346, 12.88985], [77.59344, 12.88989], [77.59341, 12.88993], [77.59339, 12.88997], [77.59338, 12.89001], [77.59337, 12.89006], [77.59336, 12.8901], [77.59336, 12.89014], [77.59337, 12.89019], [77.59348, 12.89112], [77.59349, 12.89116], [77.5935, 12.8912], [77.59351, 12.89125], [77.59353, 12.89129], [77.59356, 12.89132], [77.59359, 12.89136], [77.59362, 12.89139], [77.5941, 12.89184], [77.59413, 12.89187], [77.59417, 12.8919], [77.59421, 12.89192], [77.59425, 12.89194], [77.59429, 12.89195], [77.59433, 12.89196], [77.59438, 12.89197], [77.59442, 12.89197], [77.59447, 12.89197], [77.59451, 12.89196], [77.59456, 12.89195], [77.5946, 12.89193], [77.59464, 12.89191], [77.59468, 12.89189], [77.59471, 12.89186], [77.59475, 12.89183], [77.59477, 12.8918], [77.5948, 12.89176], [77.59482, 12.89173], [77.59484, 12.89169], [77.59486, 12.89165], [77.59487, 12.8916], [77.59487, 12.89156], [77.59488, 12.89151], [77.59487, 12.89147], [77.59487, 12.89143], [77.59486, 12.89138], [77.59484, 12.89134], [77.59425, 12.88996]]]}}, {"type": "Feature", "properties": {"cluster_id": 39, "rank": 63, "reports": 5, "radius_m": 100.4, "boundary_kind": "cluster visualization boundary (50 m-buffered convex hull; not a pothole area)", "feature": "centroid"}, "geometry": {"type": "Point", "coordinates": [77.5941, 12.891]}}, {"type": "Feature", "properties": {"cluster_id": 40, "rank": 41, "reports": 6, "radius_m": 160.9, "boundary_kind": "cluster visualization boundary (50 m-buffered convex hull; not a pothole area)"}, "geometry": {"type": "Polygon", "coordinates": [[[77.66524, 13.0233], [77.66528, 13.02327], [77.66531, 13.02324], [77.66534, 13.02321], [77.66537, 13.02318], [77.66539, 13.02314], [77.66542, 13.0231], [77.66543, 13.02306], [77.66545, 13.02302], [77.66545, 13.02298], [77.66546, 13.02293], [77.66546, 13.02289], [77.66546, 13.02285], [77.66545, 13.0228], [77.66543, 13.02276], [77.66542, 13.02272], [77.6654, 13.02268], [77.66537, 13.02264], [77.66534, 13.02261], [77.66531, 13.02258], [77.66528, 13.02255], [77.66524, 13.02252], [77.6652, 13.0225], [77.66516, 13.02249], [77.66512, 13.02247], [77.66507, 13.02246], [77.66503, 13.02246], [77.66498, 13.02246], [77.66494, 13.02246], [77.66322, 13.02269], [77.66317, 13.02269], [77.66313, 13.02271], [77.66309, 13.02272], [77.66305, 13.02274], [77.66301, 13.02277], [77.66297, 13.02279], [77.66294, 13.02282], [77.66291, 13.02286], [77.66261, 13.02325], [77.66258, 13.02328], [77.66256, 13.02332], [77.66254, 13.02336], [77.66253, 13.0234], [77.66252, 13.02344], [77.66247, 13.02369], [77.66247, 13.02374], [77.66247, 13.02378], [77.66247, 13.02383], [77.66248, 13.02387], [77.66249, 13.02391], [77.66251, 13.02395], [77.66253, 13.02399], [77.66255, 13.02403], [77.66258, 13.02406], [77.66261, 13.0241], [77.66264, 13.02413], [77.66268, 13.02415], [77.66272, 13.02417], [77.66276, 13.02419], [77.6628, 13.02421], [77.66285, 13.02422], [77.66289, 13.02422], [77.66294, 13.02422], [77.66298, 13.02422], [77.66303, 13.02421], [77.664, 13.02401], [77.66404, 13.02399], [77.66409, 13.02397], [77.66414, 13.02395], [77.66524, 13.0233]]]}}, {"type": "Feature", "properties": {"cluster_id": 40, "rank": 41, "reports": 6, "radius_m": 160.9, "boundary_kind": "cluster visualization boundary (50 m-buffered convex hull; not a pothole area)", "feature": "centroid"}, "geometry": {"type": "Point", "coordinates": [77.6636, 13.0234]}}, {"type": "Feature", "properties": {"cluster_id": 41, "rank": 42, "reports": 6, "radius_m": 229.7, "boundary_kind": "cluster visualization boundary (50 m-buffered convex hull; not a pothole area)"}, "geometry": {"type": "Polygon", "coordinates": [[[77.63527, 13.00294], [77.63523, 13.00292], [77.63519, 13.0029], [77.63515, 13.00289], [77.63511, 13.00287], [77.63506, 13.00287], [77.63502, 13.00286], [77.63497, 13.00287], [77.63493, 13.00287], [77.63488, 13.00288], [77.63484, 13.0029], [77.6348, 13.00292], [77.63476, 13.00294], [77.63473, 13.00296], [77.63469, 13.00299], [77.63466, 13.00302], [77.63463, 13.00306], [77.63461, 13.0031], [77.63459, 13.00314], [77.63457, 13.00318], [77.63456, 13.00322], [77.63456, 13.00326], [77.63455, 13.00331], [77.63455, 13.00335], [77.63456, 13.00339], [77.63457, 13.00344], [77.63458, 13.00348], [77.6346, 13.00352], [77.63462, 13.00356], [77.63564, 13.00513], [77.63566, 13.00516], [77.63569, 13.0052], [77.63573, 13.00523], [77.63576, 13.00526], [77.6358, 13.00528], [77.63584, 13.0053], [77.63589, 13.00532], [77.63824, 13.00606], [77.63828, 13.00607], [77.63833, 13.00608], [77.63837, 13.00608], [77.63842, 13.00608], [77.63846, 13.00607], [77.63851, 13.00606], [77.63855, 13.00605], [77.63859, 13.00603], [77.63863, 13.00601], [77.63866, 13.00599], [77.6387, 13.00596], [77.63873, 13.00593], [77.63876, 13.00589], [77.63878, 13.00585], [77.6388, 13.00582], [77.63882, 13.00577], [77.63883, 13.00573], [77.63884, 13.00569], [77.63884, 13.00565], [77.63884, 13.0056], [77.63884, 13.00556], [77.63883, 13.00552], [77.63881, 13.00547], [77.6388, 13.00543], [77.63878, 13.00539], [77.63875, 13.00536], [77.63872, 13.00532], [77.63869, 13.00529], [77.63865, 13.00527], [77.6372, 13.00422], [77.63718, 13.00421], [77.63527, 13.00294]]]}}, {"type": "Feature", "properties": {"cluster_id": 41, "rank": 42, "reports": 6, "radius_m": 229.7, "boundary_kind": "cluster visualization boundary (50 m-buffered convex hull; not a pothole area)", "feature": "centroid"}, "geometry": {"type": "Point", "coordinates": [77.6366, 13.0046]}}, {"type": "Feature", "properties": {"cluster_id": 42, "rank": 43, "reports": 6, "radius_m": 211.4, "boundary_kind": "cluster visualization boundary (50 m-buffered convex hull; not a pothole area)"}, "geometry": {"type": "Polygon", "coordinates": [[[77.67382, 13.01864], [77.67378, 13.01862], [77.67374, 13.0186], [77.67369, 13.01859], [77.67365, 13.01858], [77.6736, 13.01858], [77.67356, 13.01858], [77.67352, 13.01859], [77.67347, 13.01859], [77.67343, 13.01861], [77.67339, 13.01862], [77.67335, 13.01865], [77.67331, 13.01867], [77.67328, 13.0187], [77.67325, 13.01873], [77.67322, 13.01876], [77.67319, 13.0188], [77.67317, 13.01884], [77.67315, 13.01888], [77.67314, 13.01892], [77.67313, 13.01897], [77.67313, 13.01901], [77.67313, 13.01905], [77.67313, 13.0191], [77.67314, 13.01914], [77.67315, 13.01918], [77.67317, 13.01922], [77.67319, 13.01926], [77.67322, 13.0193], [77.67325, 13.01933], [77.67411, 13.02027], [77.67414, 13.02031], [77.67418, 13.02034], [77.67422, 13.02036], [77.67427, 13.02039], [77.67594, 13.02108], [77.67599, 13.0211], [77.67603, 13.02111], [77.67608, 13.02112], [77.67613, 13.02112], [77.67617, 13.02112], [77.67622, 13.02111], [77.67627, 13.0211], [77.6765, 13.02102], [77.67654, 13.02101], [77.67658, 13.02098], [77.67662, 13.02096], [77.67666, 13.02093], [77.67669, 13.0209], [77.67672, 13.02087], [77.67675, 13.02083], [77.67677, 13.02079], [77.67679, 13.02075], [77.6768, 13.02071], [77.67681, 13.02066], [77.67682, 13.02062], [77.67682, 13.02057], [77.67681, 13.02053], [77.6768, 13.02048], [77.67679, 13.02044], [77.67677, 13.0204], [77.67675, 13.02036], [77.67672, 13.02032], [77.67669, 13.02028], [77.67666, 13.02025], [77.67663, 13.02023], [77.67659, 13.0202], [77.67382, 13.01864]]]}}, {"type": "Feature", "properties": {"cluster_id": 42, "rank": 43, "reports": 6, "radius_m": 211.4, "boundary_kind": "cluster visualization boundary (50 m-buffered convex hull; not a pothole area)", "feature": "centroid"}, "geometry": {"type": "Point", "coordinates": [77.6752, 13.0201]}}, {"type": "Feature", "properties": {"cluster_id": 43, "rank": 35, "reports": 7, "radius_m": 50.5, "boundary_kind": "cluster visualization boundary (50 m-buffered convex hull; not a pothole area)"}, "geometry": {"type": "Polygon", "coordinates": [[[77.61467, 12.8598], [77.6147, 12.85982], [77.61474, 12.85984], [77.61478, 12.85986], [77.61483, 12.85987], [77.61487, 12.85988], [77.61492, 12.85989], [77.61496, 12.85989], [77.61501, 12.85989], [77.61505, 12.85988], [77.61509, 12.85987], [77.61514, 12.85985], [77.61518, 12.85983], [77.61522, 12.85981], [77.61525, 12.85978], [77.61528, 12.85975], [77.61531, 12.85971], [77.61534, 12.85968], [77.61536, 12.85964], [77.61538, 12.8596], [77.61539, 12.85956], [77.6154, 12.85951], [77.61541, 12.85947], [77.61541, 12.85942], [77.6154, 12.85938], [77.6154, 12.85934], [77.61538, 12.85929], [77.61537, 12.85925], [77.61535, 12.85921], [77.61532, 12.85918], [77.61529, 12.85914], [77.61526, 12.85911], [77.61523, 12.85908], [77.61459, 12.85859], [77.61455, 12.85857], [77.61451, 12.85855], [77.61447, 12.85853], [77.61442, 12.85852], [77.61438, 12.85851], [77.61434, 12.8585], [77.61429, 12.8585], [77.61425, 12.8585], [77.6142, 12.85851], [77.61416, 12.85852], [77.61412, 12.85854], [77.61408, 12.85856], [77.61404, 12.85858], [77.614, 12.85861], [77.61397, 12.85864], [77.61394, 12.85868], [77.61391, 12.85871], [77.61389, 12.85875], [77.61387, 12.85879], [77.61386, 12.85883], [77.61385, 12.85888], [77.61385, 12.85892], [77.61384, 12.85896], [77.61385, 12.85901], [77.61386, 12.85905], [77.61387, 12.8591], [77.61388, 12.85914], [77.61391, 12.85918], [77.61393, 12.85921], [77.61396, 12.85925], [77.61399, 12.85928], [77.61402, 12.85931], [77.61467, 12.8598]]]}}, {"type": "Feature", "properties": {"cluster_id": 43, "rank": 35, "reports": 7, "radius_m": 50.5, "boundary_kind": "cluster visualization boundary (50 m-buffered convex hull; not a pothole area)", "feature": "centroid"}, "geometry": {"type": "Point", "coordinates": [77.6146, 12.8592]}}, {"type": "Feature", "properties": {"cluster_id": 44, "rank": 16, "reports": 9, "radius_m": 305.4, "boundary_kind": "cluster visualization boundary (50 m-buffered convex hull; not a pothole area)"}, "geometry": {"type": "Polygon", "coordinates": [[[77.67998, 12.97823], [77.67997, 12.97819], [77.67995, 12.97815], [77.67994, 12.97811], [77.67992, 12.97807], [77.67989, 12.97804], [77.67986, 12.978], [77.67983, 12.97797], [77.67979, 12.97795], [77.67976, 12.97792], [77.67972, 12.9779], [77.67968, 12.97789], [77.67963, 12.97787], [77.67959, 12.97787], [77.67955, 12.97786], [77.6795, 12.97786], [77.67946, 12.97787], [77.67941, 12.97787], [77.67937, 12.97789], [77.67933, 12.9779], [77.67929, 12.97792], [77.67925, 12.97795], [77.67922, 12.97798], [77.67919, 12.97801], [77.67916, 12.97804], [77.67746, 12.98023], [77.67744, 12.98027], [77.67742, 12.9803], [77.6774, 12.98034], [77.67739, 12.98038], [77.67738, 12.98042], [77.67737, 12.98046], [77.67727, 12.98144], [77.67726, 12.98148], [77.67727, 12.98153], [77.67727, 12.98157], [77.67728, 12.98161], [77.6773, 12.98166], [77.67732, 12.9817], [77.67734, 12.98173], [77.67854, 12.98349], [77.67857, 12.98353], [77.6786, 12.98356], [77.67863, 12.98359], [77.67866, 12.98362], [77.6787, 12.98364], [77.67874, 12.98366], [77.67878, 12.98367], [77.67883, 12.98368], [77.67887, 12.98369], [77.67892, 12.98369], [77.67896, 12.98369], [77.67901, 12.98369], [77.67905, 12.98368], [77.67909, 12.98366], [77.67913, 12.98364], [77.67917, 12.98362], [77.67921, 12.9836], [77.67924, 12.98357], [77.67927, 12.98354], [77.6793, 12.9835], [77.67932, 12.98346], [77.67934, 12.98343], [77.67936, 12.98338], [77.67937, 12.98334], [77.68021, 12.97973], [77.68022, 12.97969], [77.68022, 12.97964], [77.68022, 12.9796], [77.68022, 12.97956], [77.67998, 12.97823]]]}}, {"type": "Feature", "properties": {"cluster_id": 44, "rank": 16, "reports": 9, "radius_m": 305.4, "boundary_kind": "cluster visualization boundary (50 m-buffered convex hull; not a pothole area)", "feature": "centroid"}, "geometry": {"type": "Point", "coordinates": [77.6788, 12.9805]}}, {"type": "Feature", "properties": {"cluster_id": 45, "rank": 44, "reports": 6, "radius_m": 269.0, "boundary_kind": "cluster visualization boundary (50 m-buffered convex hull; not a pothole area)"}, "geometry": {"type": "Polygon", "coordinates": [[[77.64548, 13.0655], [77.64552, 13.06549], [77.64556, 13.06547], [77.6456, 13.06544], [77.64563, 13.06542], [77.64567, 13.06539], [77.64569, 13.06535], [77.64572, 13.06532], [77.64574, 13.06528], [77.64576, 13.06524], [77.64577, 13.0652], [77.64578, 13.06515], [77.64579, 13.06511], [77.64579, 13.06507], [77.64579, 13.06502], [77.64578, 13.06498], [77.64577, 13.06494], [77.64575, 13.0649], [77.64574, 13.06486], [77.64571, 13.06482], [77.64568, 13.06478], [77.64565, 13.06475], [77.64562, 13.06472], [77.64559, 13.0647], [77.64555, 13.06467], [77.64551, 13.06466], [77.64546, 13.06464], [77.64542, 13.06463], [77.64538, 13.06462], [77.64533, 13.06462], [77.64529, 13.06462], [77.64524, 13.06463], [77.6452, 13.06464], [77.64183, 13.06563], [77.64179, 13.06564], [77.64175, 13.06566], [77.64171, 13.06568], [77.64167, 13.06571], [77.64164, 13.06574], [77.64161, 13.06577], [77.64158, 13.06581], [77.64156, 13.06585], [77.64154, 13.06589], [77.64152, 13.06593], [77.64151, 13.06597], [77.64151, 13.06602], [77.6415, 13.06606], [77.64151, 13.06611], [77.64151, 13.06615], [77.64152, 13.06619], [77.64154, 13.06624], [77.64156, 13.06628], [77.64158, 13.06631], [77.64161, 13.06635], [77.64164, 13.06638], [77.64168, 13.06641], [77.64171, 13.06644], [77.64175, 13.06646], [77.64179, 13.06648], [77.64184, 13.06649], [77.64188, 13.0665], [77.64193, 13.06651], [77.64197, 13.06651], [77.64202, 13.06651], [77.64206, 13.0665], [77.64322, 13.06625], [77.64327, 13.06624], [77.64548, 13.0655]]]}}, {"type": "Feature", "properties": {"cluster_id": 45, "rank": 44, "reports": 6, "radius_m": 269.0, "boundary_kind": "cluster visualization boundary (50 m-buffered convex hull; not a pothole area)", "feature": "centroid"}, "geometry": {"type": "Point", "coordinates": [77.643, 13.0658]}}, {"type": "Feature", "properties": {"cluster_id": 46, "rank": 45, "reports": 6, "radius_m": 300.9, "boundary_kind": "cluster visualization boundary (50 m-buffered convex hull; not a pothole area)"}, "geometry": {"type": "Polygon", "coordinates": [[[77.7033, 12.94203], [77.70334, 12.94202], [77.70338, 12.94199], [77.70342, 12.94197], [77.70345, 12.94194], [77.70348, 12.94191], [77.70351, 12.94187], [77.70353, 12.94183], [77.70355, 12.94179], [77.70357, 12.94175], [77.70358, 12.94171], [77.70359, 12.94167], [77.70359, 12.94162], [77.70359, 12.94158], [77.70358, 12.94153], [77.70357, 12.94149], [77.70356, 12.94145], [77.70354, 12.94141], [77.70352, 12.94137], [77.70349, 12.94133], [77.70346, 12.9413], [77.70343, 12.94127], [77.70339, 12.94124], [77.70335, 12.94122], [77.70331, 12.9412], [77.70327, 12.94118], [77.70323, 12.94117], [77.70318, 12.94116], [77.70314, 12.94116], [77.70309, 12.94116], [77.70305, 12.94117], [77.703, 12.94118], [77.69772, 12.94269], [77.69767, 12.9427], [77.69763, 12.94272], [77.6976, 12.94274], [77.69756, 12.94277], [77.69753, 12.9428], [77.6975, 12.94283], [77.69747, 12.94287], [77.69744, 12.9429], [77.69742, 12.94294], [77.69741, 12.94298], [77.6974, 12.94302], [77.69739, 12.94307], [77.69739, 12.94311], [77.69739, 12.94315], [77.69739, 12.9432], [77.6974, 12.94324], [77.69741, 12.94328], [77.69743, 12.94332], [77.69745, 12.94336], [77.69748, 12.9434], [77.69751, 12.94343], [77.69754, 12.94346], [77.69757, 12.94349], [77.69761, 12.94351], [77.69765, 12.94353], [77.69769, 12.94355], [77.69773, 12.94356], [77.69778, 12.94357], [77.69782, 12.94358], [77.69787, 12.94358], [77.69791, 12.94357], [77.69796, 12.94356], [77.70153, 12.94271], [77.70158, 12.94269], [77.7033, 12.94203]]]}}, {"type": "Feature", "properties": {"cluster_id": 46, "rank": 45, "reports": 6, "radius_m": 300.9, "boundary_kind": "cluster visualization boundary (50 m-buffered convex hull; not a pothole area)", "feature": "centroid"}, "geometry": {"type": "Point", "coordinates": [77.7005, 12.9424]}}, {"type": "Feature", "properties": {"cluster_id": 47, "rank": 1, "reports": 23, "radius_m": 325.7, "boundary_kind": "cluster visualization boundary (50 m-buffered convex hull; not a pothole area)"}, "geometry": {"type": "Polygon", "coordinates": [[[77.70852, 12.93244], [77.70851, 12.9324], [77.70849, 12.93236], [77.70847, 12.93232], [77.70845, 12.93229], [77.70842, 12.93225], [77.70839, 12.93222], [77.70835, 12.93219], [77.70832, 12.93217], [77.70828, 12.93215], [77.70824, 12.93213], [77.70819, 12.93212], [77.70815, 12.93211], [77.7081, 12.9321], [77.70806, 12.9321], [77.70801, 12.9321], [77.70797, 12.93211], [77.70476, 12.93286], [77.70472, 12.93287], [77.70376, 12.9332], [77.70372, 12.93322], [77.70367, 12.93324], [77.70364, 12.93326], [77.7036, 12.93329], [77.70357, 12.93333], [77.70354, 12.93336], [77.70351, 12.9334], [77.70349, 12.93344], [77.70347, 12.93349], [77.70346, 12.93353], [77.70345, 12.93358], [77.70332, 12.93472], [77.70332, 12.93477], [77.70332, 12.93482], [77.70338, 12.9353], [77.70339, 12.93534], [77.7034, 12.93539], [77.70342, 12.93543], [77.70344, 12.93547], [77.70347, 12.93551], [77.7035, 12.93554], [77.70353, 12.93558], [77.70357, 12.93561], [77.70361, 12.93563], [77.7053, 12.9366], [77.70534, 12.93662], [77.70538, 12.93664], [77.70542, 12.93665], [77.70547, 12.93666], [77.70551, 12.93666], [77.70556, 12.93666], [77.7056, 12.93666], [77.70731, 12.93639], [77.70737, 12.93638], [77.70882, 12.93593], [77.70887, 12.93591], [77.70891, 12.93589], [77.70895, 12.93587], [77.70898, 12.93584], [77.70902, 12.93581], [77.70905, 12.93578], [77.70907, 12.93574], [77.7091, 12.9357], [77.70912, 12.93566], [77.70913, 12.93562], [77.70914, 12.93558], [77.70915, 12.93553], [77.70917, 12.93513], [77.70917, 12.93509], [77.70917, 12.93504], [77.70916, 12.93499], [77.70852, 12.93244]]]}}, {"type": "Feature", "properties": {"cluster_id": 47, "rank": 1, "reports": 23, "radius_m": 325.7, "boundary_kind": "cluster visualization boundary (50 m-buffered convex hull; not a pothole area)", "feature": "centroid"}, "geometry": {"type": "Point", "coordinates": [77.7065, 12.935]}}, {"type": "Feature", "properties": {"cluster_id": 48, "rank": 12, "reports": 10, "radius_m": 250.3, "boundary_kind": "cluster visualization boundary (50 m-buffered convex hull; not a pothole area)"}, "geometry": {"type": "Polygon", "coordinates": [[[77.62627, 13.06203], [77.62623, 13.06202], [77.62618, 13.06201], [77.62614, 13.06201], [77.62609, 13.06201], [77.62604, 13.06202], [77.626, 13.06203], [77.62596, 13.06205], [77.62592, 13.06207], [77.62588, 13.06209], [77.62584, 13.06212], [77.62581, 13.06215], [77.62578, 13.06219], [77.62575, 13.06223], [77.62573, 13.06227], [77.62571, 13.06231], [77.6257, 13.06235], [77.62569, 13.06239], [77.62523, 13.06533], [77.62522, 13.06537], [77.62522, 13.06541], [77.62523, 13.06546], [77.62523, 13.0655], [77.62525, 13.06554], [77.62526, 13.06558], [77.62528, 13.06562], [77.62531, 13.06566], [77.62533, 13.06569], [77.62537, 13.06572], [77.6254, 13.06575], [77.62544, 13.06578], [77.62547, 13.0658], [77.62552, 13.06582], [77.62556, 13.06583], [77.62844, 13.06663], [77.62849, 13.06664], [77.62853, 13.06665], [77.62858, 13.06665], [77.62862, 13.06664], [77.62866, 13.06664], [77.62871, 13.06663], [77.62875, 13.06661], [77.62879, 13.06659], [77.62883, 13.06657], [77.62886, 13.06654], [77.6289, 13.06651], [77.62893, 13.06648], [77.62895, 13.06644], [77.62898, 13.0664], [77.629, 13.06636], [77.62901, 13.06632], [77.62902, 13.06628], [77.62903, 13.06623], [77.62903, 13.06619], [77.62903, 13.06615], [77.62902, 13.0661], [77.62832, 13.06285], [77.62831, 13.06281], [77.6283, 13.06276], [77.62828, 13.06272], [77.62825, 13.06269], [77.62823, 13.06265], [77.62819, 13.06262], [77.62816, 13.06259], [77.62812, 13.06256], [77.62808, 13.06254], [77.62804, 13.06252], [77.628, 13.06251], [77.62627, 13.06203]]]}}, {"type": "Feature", "properties": {"cluster_id": 48, "rank": 12, "reports": 10, "radius_m": 250.3, "boundary_kind": "cluster visualization boundary (50 m-buffered convex hull; not a pothole area)", "feature": "centroid"}, "geometry": {"type": "Point", "coordinates": [77.6271, 13.0645]}}, {"type": "Feature", "properties": {"cluster_id": 49, "rank": 64, "reports": 5, "radius_m": 37.0, "boundary_kind": "cluster visualization boundary (50 m-buffered convex hull; not a pothole area)"}, "geometry": {"type": "Polygon", "coordinates": [[[77.60625, 12.89847], [77.60624, 12.89843], [77.60624, 12.89839], [77.60623, 12.89834], [77.60622, 12.8983], [77.6062, 12.89826], [77.60618, 12.89822], [77.60615, 12.89819], [77.60612, 12.89815], [77.60609, 12.89812], [77.60605, 12.89809], [77.60601, 12.89807], [77.60597, 12.89805], [77.60593, 12.89803], [77.60589, 12.89802], [77.60584, 12.89801], [77.6058, 12.89801], [77.60575, 12.89801], [77.60571, 12.89801], [77.60567, 12.89802], [77.60562, 12.89804], [77.60558, 12.89806], [77.60554, 12.89808], [77.6055, 12.8981], [77.60547, 12.89813], [77.60544, 12.89816], [77.60541, 12.8982], [77.60539, 12.89823], [77.60537, 12.89827], [77.60535, 12.89831], [77.60534, 12.89836], [77.60523, 12.8988], [77.60522, 12.89885], [77.60522, 12.89889], [77.60522, 12.89893], [77.60522, 12.89898], [77.60523, 12.89902], [77.60524, 12.89906], [77.60526, 12.8991], [77.60528, 12.89914], [77.60531, 12.89917], [77.60533, 12.89921], [77.60537, 12.89924], [77.60546, 12.89932], [77.60549, 12.89935], [77.60553, 12.89937], [77.60557, 12.8994], [77.60561, 12.89941], [77.60566, 12.89943], [77.6057, 12.89943], [77.60575, 12.89944], [77.60579, 12.89944], [77.60584, 12.89943], [77.60588, 12.89943], [77.60593, 12.89941], [77.60597, 12.8994], [77.60601, 12.89937], [77.60605, 12.89935], [77.60608, 12.89932], [77.60611, 12.89929], [77.60614, 12.89925], [77.60617, 12.89922], [77.60619, 12.89918], [77.6062, 12.89913], [77.60622, 12.89909], [77.60622, 12.89905], [77.60623, 12.899], [77.60625, 12.89847]]]}}, {"type": "Feature", "properties": {"cluster_id": 49, "rank": 64, "reports": 5, "radius_m": 37.0, "boundary_kind": "cluster visualization boundary (50 m-buffered convex hull; not a pothole area)", "feature": "centroid"}, "geometry": {"type": "Point", "coordinates": [77.6058, 12.8987]}}, {"type": "Feature", "properties": {"cluster_id": 50, "rank": 3, "reports": 19, "radius_m": 430.3, "boundary_kind": "cluster visualization boundary (50 m-buffered convex hull; not a pothole area)"}, "geometry": {"type": "Polygon", "coordinates": [[[77.60217, 12.9014], [77.60214, 12.90138], [77.6021, 12.90136], [77.60206, 12.90134], [77.60201, 12.90132], [77.60197, 12.90131], [77.60192, 12.90131], [77.60188, 12.90131], [77.60183, 12.90131], [77.60179, 12.90132], [77.5996, 12.9018], [77.59956, 12.90181], [77.59952, 12.90182], [77.59948, 12.90184], [77.59944, 12.90187], [77.59941, 12.90189], [77.59938, 12.90192], [77.59935, 12.90195], [77.59932, 12.90199], [77.5993, 12.90203], [77.59928, 12.90207], [77.59926, 12.90211], [77.59925, 12.90215], [77.59925, 12.90219], [77.59924, 12.90224], [77.59925, 12.90228], [77.59925, 12.90232], [77.60023, 12.90728], [77.60024, 12.90733], [77.60025, 12.90737], [77.60028, 12.90742], [77.6003, 12.90746], [77.60071, 12.90803], [77.60074, 12.90806], [77.60084, 12.90817], [77.60087, 12.90821], [77.60091, 12.90823], [77.60094, 12.90826], [77.60098, 12.90828], [77.60103, 12.9083], [77.60107, 12.90831], [77.60111, 12.90832], [77.60116, 12.90833], [77.6012, 12.90833], [77.60125, 12.90832], [77.60129, 12.90831], [77.60134, 12.9083], [77.60138, 12.90828], [77.60489, 12.90669], [77.60493, 12.90667], [77.60496, 12.90664], [77.605, 12.90661], [77.60503, 12.90658], [77.60506, 12.90655], [77.60508, 12.90652], [77.6051, 12.90648], [77.60512, 12.90644], [77.60514, 12.9064], [77.60515, 12.90635], [77.60515, 12.90631], [77.60515, 12.90627], [77.60515, 12.90622], [77.60495, 12.90447], [77.60494, 12.90444], [77.60493, 12.9044], [77.60492, 12.90437], [77.60451, 12.9033], [77.60449, 12.90326], [77.60446, 12.90321], [77.60443, 12.90317], [77.6044, 12.90314], [77.60436, 12.90311], [77.60217, 12.9014]]]}}, {"type": "Feature", "properties": {"cluster_id": 50, "rank": 3, "reports": 19, "radius_m": 430.3, "boundary_kind": "cluster visualization boundary (50 m-buffered convex hull; not a pothole area)", "feature": "centroid"}, "geometry": {"type": "Point", "coordinates": [77.6023, 12.9052]}}, {"type": "Feature", "properties": {"cluster_id": 51, "rank": 46, "reports": 6, "radius_m": 191.8, "boundary_kind": "cluster visualization boundary (50 m-buffered convex hull; not a pothole area)"}, "geometry": {"type": "Polygon", "coordinates": [[[77.71797, 12.95448], [77.71799, 12.95444], [77.71799, 12.95439], [77.718, 12.95435], [77.71799, 12.9543], [77.71799, 12.95426], [77.71798, 12.95422], [77.71796, 12.95417], [77.71794, 12.95413], [77.71792, 12.9541], [77.71789, 12.95406], [77.71786, 12.95403], [77.71782, 12.954], [77.71779, 12.95397], [77.71775, 12.95395], [77.71771, 12.95393], [77.71766, 12.95391], [77.71762, 12.9539], [77.71757, 12.9539], [77.71753, 12.9539], [77.71748, 12.9539], [77.71744, 12.95391], [77.71739, 12.95392], [77.71735, 12.95393], [77.71731, 12.95395], [77.71727, 12.95398], [77.71724, 12.95401], [77.71537, 12.95557], [77.71534, 12.9556], [77.71531, 12.95564], [77.71528, 12.95567], [77.71526, 12.95571], [77.71524, 12.95575], [77.71523, 12.9558], [77.71522, 12.95584], [77.71521, 12.95588], [77.71521, 12.95593], [77.71521, 12.95597], [77.71522, 12.95602], [77.71524, 12.95606], [77.71525, 12.9561], [77.71527, 12.95614], [77.7153, 12.95618], [77.71533, 12.95622], [77.71536, 12.95625], [77.7154, 12.95628], [77.71543, 12.9563], [77.71547, 12.95632], [77.71552, 12.95634], [77.71556, 12.95635], [77.71561, 12.95636], [77.71565, 12.95637], [77.7157, 12.95637], [77.71574, 12.95636], [77.71579, 12.95635], [77.71583, 12.95634], [77.71587, 12.95632], [77.71591, 12.9563], [77.71759, 12.95528], [77.71762, 12.95525], [77.71765, 12.95523], [77.71768, 12.9552], [77.71771, 12.95517], [77.71773, 12.95513], [77.71775, 12.9551], [77.71777, 12.95506], [77.71787, 12.9548], [77.71788, 12.95477], [77.71797, 12.95448]]]}}, {"type": "Feature", "properties": {"cluster_id": 51, "rank": 46, "reports": 6, "radius_m": 191.8, "boundary_kind": "cluster visualization boundary (50 m-buffered convex hull; not a pothole area)", "feature": "centroid"}, "geometry": {"type": "Point", "coordinates": [77.7171, 12.9549]}}, {"type": "Feature", "properties": {"cluster_id": 52, "rank": 47, "reports": 6, "radius_m": 209.7, "boundary_kind": "cluster visualization boundary (50 m-buffered convex hull; not a pothole area)"}, "geometry": {"type": "Polygon", "coordinates": [[[77.71406, 13.00303], [77.71402, 13.00301], [77.71398, 13.003], [77.71393, 13.00299], [77.71389, 13.00299], [77.71384, 13.00299], [77.7138, 13.003], [77.71376, 13.00301], [77.71371, 13.00302], [77.71367, 13.00304], [77.71363, 13.00306], [77.7136, 13.00309], [77.71356, 13.00312], [77.71353, 13.00315], [77.71351, 13.00319], [77.71348, 13.00322], [77.71346, 13.00326], [77.71345, 13.0033], [77.71343, 13.00335], [77.71343, 13.00339], [77.71342, 13.00343], [77.71343, 13.00348], [77.71343, 13.00352], [77.71344, 13.00357], [77.71346, 13.00361], [77.71347, 13.00365], [77.7135, 13.00369], [77.71364, 13.00391], [77.71367, 13.00394], [77.7137, 13.00398], [77.71373, 13.00401], [77.71376, 13.00403], [77.7138, 13.00406], [77.71384, 13.00408], [77.71388, 13.00409], [77.71623, 13.0049], [77.71627, 13.00491], [77.71632, 13.00492], [77.71636, 13.00493], [77.71641, 13.00492], [77.71646, 13.00492], [77.7165, 13.00491], [77.71654, 13.0049], [77.71659, 13.00488], [77.71663, 13.00486], [77.71666, 13.00483], [77.7167, 13.0048], [77.71673, 13.00477], [77.71676, 13.00473], [77.71678, 13.0047], [77.7168, 13.00466], [77.71682, 13.00462], [77.71683, 13.00457], [77.71684, 13.00453], [77.71684, 13.00448], [77.71684, 13.00444], [77.71684, 13.00439], [77.71682, 13.00435], [77.71681, 13.00431], [77.71679, 13.00427], [77.71677, 13.00423], [77.71674, 13.00419], [77.71671, 13.00416], [77.71668, 13.00413], [77.71664, 13.0041], [77.7166, 13.00408], [77.71656, 13.00406], [77.71406, 13.00303]]]}}, {"type": "Feature", "properties": {"cluster_id": 52, "rank": 47, "reports": 6, "radius_m": 209.7, "boundary_kind": "cluster visualization boundary (50 m-buffered convex hull; not a pothole area)", "feature": "centroid"}, "geometry": {"type": "Point", "coordinates": [77.7146, 13.0038]}}, {"type": "Feature", "properties": {"cluster_id": 53, "rank": 65, "reports": 5, "radius_m": 93.2, "boundary_kind": "cluster visualization boundary (50 m-buffered convex hull; not a pothole area)"}, "geometry": {"type": "Polygon", "coordinates": [[[77.75754, 12.96835], [77.75758, 12.96833], [77.75762, 12.96831], [77.75766, 12.96828], [77.75769, 12.96825], [77.75772, 12.96822], [77.75775, 12.96818], [77.75777, 12.96814], [77.75779, 12.9681], [77.7578, 12.96806], [77.75781, 12.96802], [77.75782, 12.96797], [77.75782, 12.96793], [77.75782, 12.96789], [77.75781, 12.96784], [77.7578, 12.9678], [77.75778, 12.96776], [77.75776, 12.96772], [77.75774, 12.96768], [77.75771, 12.96765], [77.75768, 12.96761], [77.75765, 12.96758], [77.75761, 12.96756], [77.75757, 12.96754], [77.75753, 12.96752], [77.75749, 12.9675], [77.75745, 12.96749], [77.7574, 12.96749], [77.75736, 12.96749], [77.75731, 12.96749], [77.75727, 12.96749], [77.75722, 12.96751], [77.75599, 12.96788], [77.75594, 12.9679], [77.7559, 12.96792], [77.75587, 12.96794], [77.75583, 12.96796], [77.7558, 12.96799], [77.75577, 12.96803], [77.75574, 12.96806], [77.75572, 12.9681], [77.7557, 12.96814], [77.75568, 12.96818], [77.75567, 12.96822], [77.75566, 12.96826], [77.75566, 12.96831], [77.75566, 12.96835], [77.75567, 12.9684], [77.75568, 12.96844], [77.75569, 12.96848], [77.75571, 12.96852], [77.75573, 12.96856], [77.75576, 12.96859], [77.75579, 12.96863], [77.75582, 12.96866], [77.75586, 12.96868], [77.75589, 12.96871], [77.75593, 12.96873], [77.75598, 12.96874], [77.75602, 12.96875], [77.75606, 12.96876], [77.75611, 12.96877], [77.75615, 12.96876], [77.75657, 12.96874], [77.75661, 12.96873], [77.75665, 12.96873], [77.75669, 12.96872], [77.75672, 12.9687], [77.75754, 12.96835]]]}}, {"type": "Feature", "properties": {"cluster_id": 53, "rank": 65, "reports": 5, "radius_m": 93.2, "boundary_kind": "cluster visualization boundary (50 m-buffered convex hull; not a pothole area)", "feature": "centroid"}, "geometry": {"type": "Point", "coordinates": [77.7569, 12.9681]}}, {"type": "Feature", "properties": {"cluster_id": 54, "rank": 66, "reports": 5, "radius_m": 43.1, "boundary_kind": "cluster visualization boundary (50 m-buffered convex hull; not a pothole area)"}, "geometry": {"type": "Polygon", "coordinates": [[[77.58919, 12.85584], [77.58917, 12.85579], [77.58915, 12.85576], [77.58912, 12.85572], [77.5891, 12.85568], [77.58906, 12.85565], [77.58903, 12.85563], [77.58899, 12.8556], [77.58895, 12.85558], [77.58891, 12.85556], [77.58886, 12.85555], [77.58882, 12.85555], [77.58877, 12.85554], [77.58873, 12.85554], [77.58868, 12.85555], [77.58864, 12.85556], [77.58859, 12.85557], [77.58855, 12.85559], [77.58851, 12.85561], [77.58847, 12.85564], [77.58844, 12.85567], [77.58841, 12.8557], [77.58838, 12.85574], [77.58836, 12.85577], [77.58834, 12.85581], [77.58832, 12.85586], [77.58831, 12.8559], [77.5883, 12.85594], [77.5883, 12.85599], [77.5883, 12.85603], [77.58831, 12.85608], [77.58839, 12.85653], [77.5884, 12.85657], [77.58842, 12.85661], [77.58843, 12.85664], [77.58845, 12.85668], [77.58848, 12.85672], [77.5885, 12.85675], [77.58853, 12.85678], [77.58857, 12.8568], [77.58869, 12.85689], [77.58872, 12.85692], [77.58876, 12.85694], [77.58881, 12.85695], [77.58885, 12.85697], [77.58889, 12.85698], [77.58894, 12.85698], [77.58898, 12.85698], [77.58903, 12.85698], [77.58907, 12.85697], [77.58912, 12.85696], [77.58916, 12.85694], [77.5892, 12.85692], [77.58924, 12.85689], [77.58927, 12.85686], [77.5893, 12.85683], [77.58933, 12.8568], [77.58936, 12.85676], [77.58938, 12.85672], [77.5894, 12.85668], [77.58941, 12.85664], [77.58942, 12.85659], [77.58942, 12.85655], [77.58942, 12.8565], [77.58942, 12.85646], [77.58941, 12.85642], [77.58939, 12.85637], [77.58919, 12.85584]]]}}, {"type": "Feature", "properties": {"cluster_id": 54, "rank": 66, "reports": 5, "radius_m": 43.1, "boundary_kind": "cluster visualization boundary (50 m-buffered convex hull; not a pothole area)", "feature": "centroid"}, "geometry": {"type": "Point", "coordinates": [77.5889, 12.8564]}}, {"type": "Feature", "properties": {"cluster_id": 55, "rank": 26, "reports": 8, "radius_m": 415.5, "boundary_kind": "cluster visualization boundary (50 m-buffered convex hull; not a pothole area)"}, "geometry": {"type": "Polygon", "coordinates": [[[77.62556, 12.88515], [77.62555, 12.8851], [77.62553, 12.88506], [77.62552, 12.88502], [77.6255, 12.88498], [77.62547, 12.88495], [77.62544, 12.88491], [77.62541, 12.88488], [77.62537, 12.88485], [77.62534, 12.88483], [77.6253, 12.88481], [77.62526, 12.88479], [77.62521, 12.88478], [77.62517, 12.88477], [77.62512, 12.88477], [77.62508, 12.88477], [77.62503, 12.88477], [77.62499, 12.88478], [77.62495, 12.8848], [77.62491, 12.88481], [77.62487, 12.88483], [77.62483, 12.88486], [77.62479, 12.88489], [77.62476, 12.88492], [77.62473, 12.88495], [77.62471, 12.88499], [77.62469, 12.88503], [77.62467, 12.88507], [77.62466, 12.88511], [77.62465, 12.88515], [77.62395, 12.88957], [77.62395, 12.88961], [77.62395, 12.88965], [77.62395, 12.8897], [77.62396, 12.88974], [77.62397, 12.88978], [77.62399, 12.88982], [77.62401, 12.88986], [77.62403, 12.8899], [77.62406, 12.88993], [77.62552, 12.89159], [77.62555, 12.89163], [77.62558, 12.89165], [77.62562, 12.89168], [77.62566, 12.8917], [77.6257, 12.89172], [77.62574, 12.89173], [77.62579, 12.89174], [77.62583, 12.89175], [77.62587, 12.89175], [77.62592, 12.89175], [77.62596, 12.89174], [77.62601, 12.89173], [77.62605, 12.89172], [77.62609, 12.8917], [77.62613, 12.89167], [77.62616, 12.89165], [77.6262, 12.89162], [77.62623, 12.89158], [77.62625, 12.89155], [77.62628, 12.89151], [77.62629, 12.89147], [77.62631, 12.89143], [77.62632, 12.89139], [77.62633, 12.89135], [77.62633, 12.8913], [77.62633, 12.89126], [77.62611, 12.88898], [77.62611, 12.88896], [77.62586, 12.88697], [77.62586, 12.88695], [77.62556, 12.88515]]]}}, {"type": "Feature", "properties": {"cluster_id": 55, "rank": 26, "reports": 8, "radius_m": 415.5, "boundary_kind": "cluster visualization boundary (50 m-buffered convex hull; not a pothole area)", "feature": "centroid"}, "geometry": {"type": "Point", "coordinates": [77.6255, 12.8889]}}, {"type": "Feature", "properties": {"cluster_id": 56, "rank": 67, "reports": 5, "radius_m": 191.0, "boundary_kind": "cluster visualization boundary (50 m-buffered convex hull; not a pothole area)"}, "geometry": {"type": "Polygon", "coordinates": [[[77.53794, 12.93168], [77.53791, 12.93165], [77.53788, 12.93162], [77.53784, 12.93159], [77.5378, 12.93157], [77.53776, 12.93155], [77.53772, 12.93153], [77.53768, 12.93152], [77.53763, 12.93151], [77.53759, 12.93151], [77.53754, 12.93151], [77.5375, 12.93152], [77.53745, 12.93153], [77.53741, 12.93154], [77.53737, 12.93156], [77.53733, 12.93158], [77.53729, 12.93161], [77.53726, 12.93164], [77.53723, 12.93167], [77.5372, 12.93171], [77.53718, 12.93174], [77.53716, 12.93178], [77.53619, 12.93399], [77.53617, 12.93403], [77.53616, 12.93407], [77.53615, 12.93412], [77.53615, 12.93416], [77.53615, 12.93421], [77.53616, 12.93425], [77.53617, 12.9343], [77.53618, 12.93434], [77.53641, 12.93488], [77.53643, 12.93492], [77.53645, 12.93495], [77.53648, 12.93499], [77.53651, 12.93502], [77.53654, 12.93505], [77.53658, 12.93508], [77.53662, 12.9351], [77.53666, 12.93512], [77.5367, 12.93513], [77.53674, 12.93515], [77.53679, 12.93515], [77.53683, 12.93516], [77.53687, 12.93515], [77.53692, 12.93515], [77.53696, 12.93514], [77.537, 12.93512], [77.53926, 12.93425], [77.5393, 12.93423], [77.53934, 12.93421], [77.53938, 12.93418], [77.53941, 12.93416], [77.53944, 12.93412], [77.53947, 12.93409], [77.53949, 12.93405], [77.53951, 12.93401], [77.53953, 12.93397], [77.53954, 12.93393], [77.53955, 12.93388], [77.53955, 12.93384], [77.53955, 12.93379], [77.53954, 12.93375], [77.53953, 12.93371], [77.53952, 12.93366], [77.5395, 12.93362], [77.53948, 12.93359], [77.53945, 12.93355], [77.53794, 12.93168]]]}}, {"type": "Feature", "properties": {"cluster_id": 56, "rank": 67, "reports": 5, "radius_m": 191.0, "boundary_kind": "cluster visualization boundary (50 m-buffered convex hull; not a pothole area)", "feature": "centroid"}, "geometry": {"type": "Point", "coordinates": [77.5374, 12.9337]}}, {"type": "Feature", "properties": {"cluster_id": 57, "rank": 68, "reports": 5, "radius_m": 185.4, "boundary_kind": "cluster visualization boundary (50 m-buffered convex hull; not a pothole area)"}, "geometry": {"type": "Polygon", "coordinates": [[[77.55703, 12.88572], [77.557, 12.88569], [77.55697, 12.88565], [77.55693, 12.88562], [77.55689, 12.8856], [77.55685, 12.88558], [77.55681, 12.88556], [77.55677, 12.88555], [77.55672, 12.88554], [77.55667, 12.88553], [77.55663, 12.88554], [77.55658, 12.88554], [77.55654, 12.88555], [77.55649, 12.88556], [77.55467, 12.88625], [77.55463, 12.88627], [77.55459, 12.88629], [77.55456, 12.88632], [77.55452, 12.88635], [77.55449, 12.88638], [77.55447, 12.88641], [77.55444, 12.88645], [77.55442, 12.88649], [77.5544, 12.88653], [77.55439, 12.88657], [77.55438, 12.88661], [77.55424, 12.88765], [77.55423, 12.88769], [77.55423, 12.88774], [77.55424, 12.88778], [77.55425, 12.88782], [77.55426, 12.88786], [77.55428, 12.8879], [77.5543, 12.88794], [77.55432, 12.88798], [77.55435, 12.88801], [77.55438, 12.88804], [77.55441, 12.88807], [77.55445, 12.8881], [77.55449, 12.88812], [77.55453, 12.88813], [77.55457, 12.88815], [77.55462, 12.88816], [77.55466, 12.88816], [77.5547, 12.88816], [77.55475, 12.88816], [77.55479, 12.88815], [77.55483, 12.88814], [77.55488, 12.88813], [77.55492, 12.88811], [77.55495, 12.88808], [77.55712, 12.88662], [77.55715, 12.8866], [77.55719, 12.88657], [77.55722, 12.88653], [77.55724, 12.8865], [77.55726, 12.88646], [77.55728, 12.88642], [77.5573, 12.88637], [77.55731, 12.88633], [77.55731, 12.88628], [77.55731, 12.88624], [77.55731, 12.8862], [77.5573, 12.88615], [77.55729, 12.88611], [77.55727, 12.88607], [77.55725, 12.88603], [77.55723, 12.88599], [77.55703, 12.88572]]]}}, {"type": "Feature", "properties": {"cluster_id": 57, "rank": 68, "reports": 5, "radius_m": 185.4, "boundary_kind": "cluster visualization boundary (50 m-buffered convex hull; not a pothole area)", "feature": "centroid"}, "geometry": {"type": "Point", "coordinates": [77.5559, 12.8866]}}, {"type": "Feature", "properties": {"cluster_id": 58, "rank": 48, "reports": 6, "radius_m": 201.1, "boundary_kind": "cluster visualization boundary (50 m-buffered convex hull; not a pothole area)"}, "geometry": {"type": "Polygon", "coordinates": [[[77.59877, 13.03479], [77.59872, 13.03478], [77.59867, 13.03478], [77.59863, 13.03478], [77.59858, 13.03479], [77.59853, 13.0348], [77.59849, 13.03481], [77.59688, 13.03542], [77.59683, 13.03544], [77.59679, 13.03546], [77.59676, 13.03549], [77.59672, 13.03552], [77.59669, 13.03555], [77.59666, 13.03559], [77.59664, 13.03563], [77.59662, 13.03567], [77.5966, 13.03571], [77.59659, 13.03575], [77.59659, 13.0358], [77.59658, 13.03584], [77.59658, 13.03589], [77.59659, 13.03593], [77.5966, 13.03598], [77.59662, 13.03602], [77.59664, 13.03606], [77.59666, 13.0361], [77.59669, 13.03613], [77.59672, 13.03617], [77.59675, 13.0362], [77.59679, 13.03622], [77.59683, 13.03625], [77.59687, 13.03626], [77.59691, 13.03628], [77.59696, 13.03629], [77.597, 13.0363], [77.59998, 13.03655], [77.60003, 13.03655], [77.60007, 13.03655], [77.60012, 13.03654], [77.60016, 13.03653], [77.60021, 13.03651], [77.60025, 13.03649], [77.60029, 13.03646], [77.60084, 13.03608], [77.60087, 13.03605], [77.6009, 13.03602], [77.60093, 13.03599], [77.60096, 13.03595], [77.60098, 13.03591], [77.601, 13.03587], [77.60101, 13.03583], [77.60102, 13.03578], [77.60103, 13.03574], [77.60103, 13.0357], [77.60102, 13.03565], [77.60102, 13.03561], [77.601, 13.03556], [77.60099, 13.03552], [77.60097, 13.03548], [77.60094, 13.03545], [77.60091, 13.03541], [77.60088, 13.03538], [77.60085, 13.03535], [77.60081, 13.03533], [77.60077, 13.03531], [77.60073, 13.03529], [77.60068, 13.03527], [77.59877, 13.03479]]]}}, {"type": "Feature", "properties": {"cluster_id": 58, "rank": 48, "reports": 6, "radius_m": 201.1, "boundary_kind": "cluster visualization boundary (50 m-buffered convex hull; not a pothole area)", "feature": "centroid"}, "geometry": {"type": "Point", "coordinates": [77.5987, 13.0357]}}, {"type": "Feature", "properties": {"cluster_id": 59, "rank": 54, "reports": 6, "radius_m": 206.0, "boundary_kind": "cluster visualization boundary (50 m-buffered convex hull; not a pothole area)"}, "geometry": {"type": "Polygon", "coordinates": [[[77.67422, 12.92066], [77.67417, 12.92065], [77.67413, 12.92065], [77.67408, 12.92065], [77.67403, 12.92066], [77.67399, 12.92067], [77.67395, 12.92068], [77.6739, 12.9207], [77.67386, 12.92072], [77.67383, 12.92075], [77.67379, 12.92078], [77.67376, 12.92081], [77.67373, 12.92085], [77.67235, 12.92286], [77.67233, 12.9229], [77.67231, 12.92294], [77.67229, 12.92298], [77.67228, 12.92302], [77.67227, 12.92307], [77.67227, 12.92311], [77.67227, 12.92315], [77.67228, 12.9232], [77.67229, 12.92324], [77.6723, 12.92328], [77.67232, 12.92332], [77.67234, 12.92336], [77.67237, 12.92339], [77.67239, 12.92343], [77.67243, 12.92346], [77.67246, 12.92348], [77.6725, 12.92351], [77.67254, 12.92353], [77.67258, 12.92354], [77.67262, 12.92355], [77.67266, 12.92356], [77.67271, 12.92357], [77.67275, 12.92357], [77.67615, 12.92341], [77.6762, 12.92341], [77.67624, 12.9234], [77.67628, 12.92339], [77.67633, 12.92337], [77.67636, 12.92335], [77.6764, 12.92332], [77.67644, 12.9233], [77.67647, 12.92327], [77.6765, 12.92323], [77.67652, 12.9232], [77.67654, 12.92316], [77.67656, 12.92312], [77.67658, 12.92308], [77.67659, 12.92303], [77.67659, 12.92299], [77.67659, 12.92295], [77.67659, 12.9229], [77.67658, 12.92286], [77.67623, 12.92136], [77.67622, 12.92132], [77.6762, 12.92128], [77.67618, 12.92124], [77.67615, 12.9212], [77.67612, 12.92116], [77.67609, 12.92113], [77.67605, 12.9211], [77.67601, 12.92107], [77.67597, 12.92105], [77.67593, 12.92104], [77.67588, 12.92102], [77.67422, 12.92066]]]}}, {"type": "Feature", "properties": {"cluster_id": 59, "rank": 54, "reports": 6, "radius_m": 206.0, "boundary_kind": "cluster visualization boundary (50 m-buffered convex hull; not a pothole area)", "feature": "centroid"}, "geometry": {"type": "Point", "coordinates": [77.6743, 12.9224]}}, {"type": "Feature", "properties": {"cluster_id": 60, "rank": 69, "reports": 5, "radius_m": 171.5, "boundary_kind": "cluster visualization boundary (50 m-buffered convex hull; not a pothole area)"}, "geometry": {"type": "Polygon", "coordinates": [[[77.58592, 12.9052], [77.58588, 12.90518], [77.58584, 12.90516], [77.58579, 12.90514], [77.58575, 12.90513], [77.5857, 12.90513], [77.58565, 12.90513], [77.58561, 12.90513], [77.58556, 12.90514], [77.58551, 12.90516], [77.58535, 12.90522], [77.58531, 12.90524], [77.58527, 12.90526], [77.58523, 12.90529], [77.58519, 12.90532], [77.58516, 12.90535], [77.58513, 12.90539], [77.58511, 12.90542], [77.58509, 12.90547], [77.58507, 12.90551], [77.58506, 12.90555], [77.58506, 12.9056], [77.58505, 12.90564], [77.58505, 12.90569], [77.58511, 12.90629], [77.58512, 12.90634], [77.58513, 12.90638], [77.58514, 12.90642], [77.58516, 12.90646], [77.58519, 12.9065], [77.58521, 12.90654], [77.58524, 12.90657], [77.58528, 12.9066], [77.58539, 12.90669], [77.58542, 12.90672], [77.58546, 12.90674], [77.58551, 12.90676], [77.58555, 12.90678], [77.5856, 12.90679], [77.58736, 12.90712], [77.5874, 12.90712], [77.58745, 12.90713], [77.5875, 12.90712], [77.58754, 12.90712], [77.58758, 12.9071], [77.58763, 12.90709], [77.58767, 12.90707], [77.58771, 12.90705], [77.58774, 12.90702], [77.58778, 12.90699], [77.58781, 12.90696], [77.58783, 12.90692], [77.58786, 12.90688], [77.58787, 12.90684], [77.58789, 12.9068], [77.5879, 12.90675], [77.58791, 12.90671], [77.58791, 12.90666], [77.5879, 12.90662], [77.5879, 12.90658], [77.58788, 12.90653], [77.58787, 12.90649], [77.58785, 12.90645], [77.58782, 12.90641], [77.58779, 12.90638], [77.58776, 12.90635], [77.58773, 12.90632], [77.58769, 12.90629], [77.58592, 12.9052]]]}}, {"type": "Feature", "properties": {"cluster_id": 60, "rank": 69, "reports": 5, "radius_m": 171.5, "boundary_kind": "cluster visualization boundary (50 m-buffered convex hull; not a pothole area)", "feature": "centroid"}, "geometry": {"type": "Point", "coordinates": [77.586, 12.9061]}}, {"type": "Feature", "properties": {"cluster_id": 61, "rank": 70, "reports": 5, "radius_m": 211.0, "boundary_kind": "cluster visualization boundary (50 m-buffered convex hull; not a pothole area)"}, "geometry": {"type": "Polygon", "coordinates": [[[77.65554, 12.95843], [77.6555, 12.95843], [77.65545, 12.95843], [77.65541, 12.95844], [77.65536, 12.95845], [77.65532, 12.95846], [77.65528, 12.95848], [77.65524, 12.9585], [77.6552, 12.95853], [77.65517, 12.95856], [77.65514, 12.95859], [77.65511, 12.95862], [77.65508, 12.95866], [77.65506, 12.9587], [77.65505, 12.95874], [77.65504, 12.95879], [77.65503, 12.95883], [77.65503, 12.95888], [77.65503, 12.95892], [77.65503, 12.95897], [77.65508, 12.95919], [77.65509, 12.95924], [77.6551, 12.95928], [77.65512, 12.95932], [77.65514, 12.95935], [77.65517, 12.95939], [77.6552, 12.95942], [77.65523, 12.95945], [77.65526, 12.95948], [77.65775, 12.9612], [77.65778, 12.96122], [77.65782, 12.96124], [77.65787, 12.96125], [77.65791, 12.96127], [77.65795, 12.96127], [77.658, 12.96128], [77.65804, 12.96128], [77.65809, 12.96127], [77.65813, 12.96126], [77.65817, 12.96125], [77.65822, 12.96123], [77.65826, 12.96121], [77.65829, 12.96118], [77.65833, 12.96116], [77.65836, 12.96112], [77.65839, 12.96109], [77.65841, 12.96105], [77.65843, 12.96101], [77.65845, 12.96097], [77.65846, 12.96093], [77.65847, 12.96089], [77.65847, 12.96084], [77.65847, 12.9608], [77.65847, 12.96076], [77.65846, 12.96071], [77.65844, 12.96067], [77.65781, 12.95896], [77.65779, 12.95892], [77.65777, 12.95888], [77.65774, 12.95885], [77.65771, 12.95881], [77.65768, 12.95878], [77.65764, 12.95875], [77.6576, 12.95873], [77.65756, 12.95871], [77.65752, 12.95869], [77.65748, 12.95868], [77.65743, 12.95867], [77.65554, 12.95843]]]}}, {"type": "Feature", "properties": {"cluster_id": 61, "rank": 70, "reports": 5, "radius_m": 211.0, "boundary_kind": "cluster visualization boundary (50 m-buffered convex hull; not a pothole area)", "feature": "centroid"}, "geometry": {"type": "Point", "coordinates": [77.6567, 12.9594]}}, {"type": "Feature", "properties": {"cluster_id": 62, "rank": 53, "reports": 6, "radius_m": 304.1, "boundary_kind": "cluster visualization boundary (50 m-buffered convex hull; not a pothole area)"}, "geometry": {"type": "Polygon", "coordinates": [[[77.63957, 12.88915], [77.63952, 12.88914], [77.63948, 12.88913], [77.63943, 12.88913], [77.63938, 12.88913], [77.63934, 12.88914], [77.6393, 12.88915], [77.63925, 12.88917], [77.63921, 12.88919], [77.63917, 12.88921], [77.63914, 12.88924], [77.6391, 12.88927], [77.63907, 12.8893], [77.63905, 12.88934], [77.63902, 12.88938], [77.639, 12.88942], [77.63899, 12.88946], [77.63814, 12.89244], [77.63813, 12.89249], [77.63813, 12.89253], [77.63812, 12.89258], [77.63813, 12.89262], [77.63814, 12.89267], [77.63815, 12.89271], [77.63817, 12.89275], [77.63819, 12.89279], [77.63821, 12.89283], [77.63824, 12.89287], [77.63827, 12.8929], [77.63831, 12.89293], [77.63835, 12.89295], [77.63839, 12.89297], [77.63843, 12.89299], [77.63847, 12.893], [77.63852, 12.89301], [77.63856, 12.89302], [77.63861, 12.89302], [77.63866, 12.89301], [77.6387, 12.893], [77.63875, 12.89299], [77.63879, 12.89297], [77.63883, 12.89295], [77.64239, 12.89077], [77.64243, 12.89075], [77.64246, 12.89072], [77.64249, 12.89069], [77.64252, 12.89065], [77.64255, 12.89061], [77.64257, 12.89057], [77.64258, 12.89053], [77.6426, 12.89049], [77.6426, 12.89044], [77.64261, 12.8904], [77.64261, 12.89035], [77.6426, 12.89031], [77.64259, 12.89027], [77.64257, 12.89022], [77.64255, 12.89018], [77.64253, 12.89014], [77.6425, 12.89011], [77.64247, 12.89007], [77.64244, 12.89004], [77.6424, 12.89002], [77.64236, 12.88999], [77.64232, 12.88997], [77.64228, 12.88996], [77.63957, 12.88915]]]}}, {"type": "Feature", "properties": {"cluster_id": 62, "rank": 53, "reports": 6, "radius_m": 304.1, "boundary_kind": "cluster visualization boundary (50 m-buffered convex hull; not a pothole area)", "feature": "centroid"}, "geometry": {"type": "Point", "coordinates": [77.6396, 12.8914]}}, {"type": "Feature", "properties": {"cluster_id": 63, "rank": 71, "reports": 5, "radius_m": 272.1, "boundary_kind": "cluster visualization boundary (50 m-buffered convex hull; not a pothole area)"}, "geometry": {"type": "Polygon", "coordinates": [[[77.68496, 12.90847], [77.68492, 12.90844], [77.68488, 12.90843], [77.68483, 12.90841], [77.68479, 12.9084], [77.68474, 12.9084], [77.6847, 12.9084], [77.68465, 12.9084], [77.68461, 12.90841], [77.68456, 12.90842], [77.68452, 12.90844], [77.68448, 12.90846], [77.68444, 12.90848], [77.6844, 12.90851], [77.68437, 12.90854], [77.68434, 12.90858], [77.68217, 12.91144], [77.68214, 12.91148], [77.68212, 12.91151], [77.6821, 12.91156], [77.68209, 12.9116], [77.68208, 12.91164], [77.68208, 12.91169], [77.68208, 12.91173], [77.68208, 12.91177], [77.68209, 12.91182], [77.6821, 12.91186], [77.68212, 12.9119], [77.68214, 12.91194], [77.68217, 12.91198], [77.6822, 12.91201], [77.68223, 12.91204], [77.68226, 12.91207], [77.6823, 12.9121], [77.68234, 12.91212], [77.68238, 12.91213], [77.68243, 12.91215], [77.68247, 12.91216], [77.68252, 12.91216], [77.68256, 12.91216], [77.68261, 12.91215], [77.68265, 12.91215], [77.68269, 12.91213], [77.68274, 12.91212], [77.6866, 12.91031], [77.68664, 12.91029], [77.68668, 12.91027], [77.68671, 12.91024], [77.68674, 12.91021], [77.68677, 12.91017], [77.6868, 12.91014], [77.68682, 12.9101], [77.68684, 12.91006], [77.68685, 12.91002], [77.68686, 12.90997], [77.68686, 12.90993], [77.68686, 12.90989], [77.68686, 12.90984], [77.68685, 12.9098], [77.68684, 12.90976], [77.68682, 12.90972], [77.6868, 12.90968], [77.68678, 12.90964], [77.68675, 12.90961], [77.68672, 12.90958], [77.68669, 12.90955], [77.68665, 12.90952], [77.68496, 12.90847]]]}}, {"type": "Feature", "properties": {"cluster_id": 63, "rank": 71, "reports": 5, "radius_m": 272.1, "boundary_kind": "cluster visualization boundary (50 m-buffered convex hull; not a pothole area)", "feature": "centroid"}, "geometry": {"type": "Point", "coordinates": [77.6845, 12.9102]}}, {"type": "Feature", "properties": {"cluster_id": 64, "rank": 49, "reports": 6, "radius_m": 0.0, "boundary_kind": "cluster visualization boundary (50 m-buffered convex hull; not a pothole area)"}, "geometry": {"type": "Polygon", "coordinates": [[[77.70135, 12.93508], [77.70134, 12.93504], [77.70134, 12.93499], [77.70133, 12.93495], [77.70131, 12.93491], [77.70129, 12.93487], [77.70127, 12.93483], [77.70124, 12.9348], [77.70121, 12.93476], [77.70117, 12.93473], [77.70114, 12.93471], [77.7011, 12.93469], [77.70106, 12.93467], [77.70102, 12.93465], [77.70097, 12.93464], [77.70093, 12.93464], [77.70088, 12.93463], [77.70084, 12.93464], [77.70079, 12.93464], [77.70075, 12.93465], [77.70071, 12.93467], [77.70066, 12.93469], [77.70063, 12.93471], [77.70059, 12.93474], [77.70056, 12.93477], [77.70053, 12.9348], [77.7005, 12.93484], [77.70048, 12.93488], [77.70046, 12.93492], [77.70044, 12.93496], [77.70043, 12.935], [77.70043, 12.93505], [77.70043, 12.93509], [77.70043, 12.93513], [77.70044, 12.93518], [77.70045, 12.93522], [77.70046, 12.93526], [77.70048, 12.9353], [77.70051, 12.93534], [77.70053, 12.93538], [77.70056, 12.93541], [77.7006, 12.93544], [77.70063, 12.93546], [77.70067, 12.93549], [77.70071, 12.9355], [77.70076, 12.93552], [77.7008, 12.93553], [77.70085, 12.93554], [77.70089, 12.93554], [77.70094, 12.93553], [77.70098, 12.93553], [77.70102, 12.93552], [77.70107, 12.9355], [77.70111, 12.93548], [77.70115, 12.93546], [77.70118, 12.93543], [77.70122, 12.9354], [77.70125, 12.93537], [77.70127, 12.93533], [77.70129, 12.93529], [77.70131, 12.93525], [77.70133, 12.93521], [77.70134, 12.93517], [77.70134, 12.93513], [77.70135, 12.93508]]]}}, {"type": "Feature", "properties": {"cluster_id": 64, "rank": 49, "reports": 6, "radius_m": 0.0, "boundary_kind": "cluster visualization boundary (50 m-buffered convex hull; not a pothole area)", "feature": "centroid"}, "geometry": {"type": "Point", "coordinates": [77.7009, 12.9351]}}, {"type": "Feature", "properties": {"cluster_id": 65, "rank": 72, "reports": 5, "radius_m": 207.4, "boundary_kind": "cluster visualization boundary (50 m-buffered convex hull; not a pothole area)"}, "geometry": {"type": "Polygon", "coordinates": [[[77.62228, 12.89925], [77.62225, 12.89921], [77.62221, 12.89919], [77.62217, 12.89916], [77.62214, 12.89914], [77.62209, 12.89912], [77.62205, 12.89911], [77.62201, 12.8991], [77.62196, 12.8991], [77.62192, 12.8991], [77.62187, 12.8991], [77.62183, 12.89911], [77.62178, 12.89912], [77.62174, 12.89914], [77.6217, 12.89916], [77.62166, 12.89918], [77.62163, 12.89921], [77.6216, 12.89924], [77.62157, 12.89927], [77.62154, 12.89931], [77.62152, 12.89935], [77.6215, 12.89939], [77.62149, 12.89943], [77.62148, 12.89948], [77.62148, 12.89952], [77.62148, 12.89956], [77.62148, 12.89961], [77.62149, 12.89965], [77.6215, 12.89969], [77.62152, 12.89974], [77.62154, 12.89977], [77.62156, 12.89981], [77.62339, 12.90229], [77.62342, 12.90233], [77.62345, 12.90236], [77.62349, 12.90239], [77.62352, 12.90241], [77.62356, 12.90243], [77.6236, 12.90245], [77.62365, 12.90246], [77.62369, 12.90247], [77.62373, 12.90248], [77.62378, 12.90248], [77.62382, 12.90248], [77.62387, 12.90247], [77.62391, 12.90246], [77.62395, 12.90244], [77.62399, 12.90242], [77.62403, 12.9024], [77.62406, 12.90237], [77.6241, 12.90234], [77.62413, 12.90231], [77.62415, 12.90228], [77.62418, 12.90224], [77.62419, 12.9022], [77.62421, 12.90216], [77.62422, 12.90211], [77.62423, 12.90207], [77.62423, 12.90203], [77.62423, 12.90175], [77.62422, 12.9017], [77.62421, 12.90165], [77.6242, 12.90161], [77.62418, 12.90156], [77.62397, 12.90113], [77.62395, 12.90109], [77.62393, 12.90105], [77.6239, 12.90102], [77.62228, 12.89925]]]}}, {"type": "Feature", "properties": {"cluster_id": 65, "rank": 72, "reports": 5, "radius_m": 207.4, "boundary_kind": "cluster visualization boundary (50 m-buffered convex hull; not a pothole area)", "feature": "centroid"}, "geometry": {"type": "Point", "coordinates": [77.6231, 12.901]}}, {"type": "Feature", "properties": {"cluster_id": 66, "rank": 24, "reports": 8, "radius_m": 235.3, "boundary_kind": "cluster visualization boundary (50 m-buffered convex hull; not a pothole area)"}, "geometry": {"type": "Polygon", "coordinates": [[[77.54027, 13.019], [77.54024, 13.01897], [77.54021, 13.01894], [77.54018, 13.01891], [77.54014, 13.01888], [77.54011, 13.01886], [77.54007, 13.01884], [77.54002, 13.01883], [77.53998, 13.01882], [77.53994, 13.01881], [77.53989, 13.01881], [77.53985, 13.01881], [77.5398, 13.01881], [77.53976, 13.01882], [77.53972, 13.01884], [77.53819, 13.01943], [77.53815, 13.01945], [77.53811, 13.01947], [77.53807, 13.0195], [77.53804, 13.01953], [77.53801, 13.01956], [77.53798, 13.01959], [77.53796, 13.01963], [77.53794, 13.01967], [77.53792, 13.01971], [77.53791, 13.01975], [77.5379, 13.0198], [77.5379, 13.01984], [77.5379, 13.01989], [77.53791, 13.01993], [77.53792, 13.01997], [77.53793, 13.02001], [77.53795, 13.02006], [77.53797, 13.02009], [77.538, 13.02013], [77.53803, 13.02016], [77.53806, 13.02019], [77.5381, 13.02022], [77.53813, 13.02024], [77.54119, 13.02193], [77.54123, 13.02195], [77.54127, 13.02197], [77.54131, 13.02198], [77.54136, 13.02199], [77.5414, 13.02199], [77.54145, 13.02199], [77.54149, 13.02198], [77.54153, 13.02198], [77.54158, 13.02196], [77.54162, 13.02194], [77.54166, 13.02192], [77.54169, 13.0219], [77.54173, 13.02187], [77.54176, 13.02184], [77.54179, 13.0218], [77.54181, 13.02177], [77.54183, 13.02173], [77.54185, 13.02169], [77.54186, 13.02164], [77.54187, 13.0216], [77.54187, 13.02156], [77.54187, 13.02151], [77.54187, 13.02147], [77.54186, 13.02143], [77.54185, 13.02138], [77.54183, 13.02134], [77.54181, 13.0213], [77.54128, 13.02046], [77.54127, 13.02044], [77.54027, 13.019]]]}}, {"type": "Feature", "properties": {"cluster_id": 66, "rank": 24, "reports": 8, "radius_m": 235.3, "boundary_kind": "cluster visualization boundary (50 m-buffered convex hull; not a pothole area)", "feature": "centroid"}, "geometry": {"type": "Point", "coordinates": [77.5404, 13.0205]}}, {"type": "Feature", "properties": {"cluster_id": 67, "rank": 50, "reports": 6, "radius_m": 128.7, "boundary_kind": "cluster visualization boundary (50 m-buffered convex hull; not a pothole area)"}, "geometry": {"type": "Polygon", "coordinates": [[[77.52563, 13.07582], [77.52559, 13.07582], [77.52554, 13.07582], [77.5255, 13.07582], [77.52545, 13.07583], [77.52541, 13.07585], [77.52537, 13.07587], [77.52533, 13.07589], [77.52529, 13.07591], [77.52525, 13.07594], [77.52522, 13.07597], [77.52519, 13.07601], [77.52517, 13.07605], [77.52515, 13.07609], [77.52513, 13.07613], [77.52512, 13.07617], [77.52511, 13.07622], [77.52511, 13.07626], [77.52511, 13.0763], [77.52511, 13.07635], [77.52512, 13.07639], [77.52514, 13.07644], [77.52516, 13.07648], [77.52518, 13.07652], [77.52521, 13.07655], [77.52524, 13.07659], [77.52527, 13.07662], [77.52531, 13.07664], [77.52535, 13.07667], [77.52539, 13.07669], [77.52543, 13.0767], [77.52706, 13.0772], [77.5271, 13.07721], [77.52714, 13.07722], [77.52718, 13.07722], [77.52722, 13.07722], [77.52727, 13.07722], [77.52731, 13.07721], [77.52735, 13.0772], [77.52753, 13.07714], [77.52757, 13.07712], [77.52761, 13.0771], [77.52765, 13.07708], [77.52768, 13.07705], [77.52771, 13.07702], [77.52774, 13.07699], [77.52777, 13.07695], [77.52779, 13.07691], [77.52781, 13.07687], [77.52782, 13.07683], [77.52783, 13.07679], [77.52787, 13.07661], [77.52787, 13.07657], [77.52787, 13.07652], [77.52787, 13.07647], [77.52786, 13.07643], [77.52785, 13.07639], [77.52783, 13.07634], [77.52781, 13.0763], [77.52779, 13.07627], [77.52776, 13.07623], [77.52772, 13.0762], [77.52769, 13.07617], [77.52765, 13.07614], [77.52761, 13.07612], [77.52757, 13.07611], [77.52752, 13.07609], [77.52748, 13.07608], [77.52563, 13.07582]]]}}, {"type": "Feature", "properties": {"cluster_id": 67, "rank": 50, "reports": 6, "radius_m": 128.7, "boundary_kind": "cluster visualization boundary (50 m-buffered convex hull; not a pothole area)", "feature": "centroid"}, "geometry": {"type": "Point", "coordinates": [77.5267, 13.0766]}}, {"type": "Feature", "properties": {"cluster_id": 68, "rank": 25, "reports": 8, "radius_m": 3.8, "boundary_kind": "cluster visualization boundary (50 m-buffered convex hull; not a pothole area)"}, "geometry": {"type": "Polygon", "coordinates": [[[77.59708, 12.98478], [77.59705, 12.98475], [77.59701, 12.98472], [77.59697, 12.9847], [77.59693, 12.98468], [77.59689, 12.98466], [77.59685, 12.98465], [77.5968, 12.98464], [77.59676, 12.98464], [77.59671, 12.98464], [77.59667, 12.98465], [77.59662, 12.98466], [77.59658, 12.98467], [77.59654, 12.98469], [77.5965, 12.98471], [77.59646, 12.98474], [77.59643, 12.98477], [77.5964, 12.9848], [77.59637, 12.98483], [77.59634, 12.98487], [77.59632, 12.98491], [77.59631, 12.98495], [77.5963, 12.985], [77.59629, 12.98504], [77.59629, 12.98509], [77.59629, 12.98513], [77.59629, 12.98517], [77.59631, 12.98522], [77.59632, 12.98526], [77.59633, 12.9853], [77.59635, 12.98534], [77.59637, 12.98537], [77.59639, 12.98541], [77.59642, 12.98544], [77.59645, 12.98547], [77.59649, 12.9855], [77.59652, 12.98552], [77.59656, 12.98554], [77.5966, 12.98556], [77.59662, 12.98556], [77.59667, 12.98558], [77.59671, 12.98559], [77.59675, 12.98559], [77.5968, 12.98559], [77.59684, 12.98559], [77.59689, 12.98558], [77.59693, 12.98557], [77.59697, 12.98555], [77.59701, 12.98553], [77.59705, 12.98551], [77.59708, 12.98548], [77.59711, 12.98545], [77.59714, 12.98542], [77.59717, 12.98538], [77.59719, 12.98535], [77.59721, 12.98531], [77.59722, 12.98527], [77.59723, 12.98522], [77.59724, 12.98518], [77.59724, 12.98514], [77.59724, 12.98509], [77.59723, 12.98505], [77.59722, 12.98501], [77.59721, 12.98497], [77.5972, 12.98495], [77.59718, 12.9849], [77.59714, 12.98485], [77.59714, 12.98485], [77.59711, 12.98481], [77.59708, 12.98478]]]}}, {"type": "Feature", "properties": {"cluster_id": 68, "rank": 25, "reports": 8, "radius_m": 3.8, "boundary_kind": "cluster visualization boundary (50 m-buffered convex hull; not a pothole area)", "feature": "centroid"}, "geometry": {"type": "Point", "coordinates": [77.5968, 12.9851]}}, {"type": "Feature", "properties": {"cluster_id": 69, "rank": 52, "reports": 6, "radius_m": 219.1, "boundary_kind": "cluster visualization boundary (50 m-buffered convex hull; not a pothole area)"}, "geometry": {"type": "Polygon", "coordinates": [[[77.61433, 13.04969], [77.61436, 13.04965], [77.61438, 13.04961], [77.6144, 13.04957], [77.61441, 13.04953], [77.61442, 13.04949], [77.61443, 13.04944], [77.61443, 13.0494], [77.61443, 13.04935], [77.61442, 13.04931], [77.61441, 13.04927], [77.61439, 13.04922], [77.61437, 13.04918], [77.61434, 13.04915], [77.61431, 13.04911], [77.61428, 13.04908], [77.61425, 13.04905], [77.61421, 13.04903], [77.61417, 13.049], [77.61412, 13.04899], [77.61408, 13.04897], [77.61404, 13.04897], [77.61399, 13.04896], [77.61394, 13.04896], [77.61116, 13.04911], [77.6111, 13.04912], [77.61045, 13.04924], [77.61041, 13.04925], [77.61036, 13.04926], [77.61032, 13.04928], [77.61028, 13.0493], [77.61025, 13.04933], [77.61021, 13.04936], [77.61018, 13.0494], [77.61015, 13.04943], [77.61013, 13.04947], [77.61011, 13.04951], [77.6101, 13.04955], [77.61009, 13.0496], [77.61008, 13.04964], [77.61008, 13.04969], [77.61008, 13.04973], [77.61009, 13.04978], [77.6101, 13.04982], [77.61012, 13.04986], [77.61014, 13.0499], [77.6115, 13.05224], [77.61153, 13.05228], [77.61156, 13.05231], [77.61159, 13.05234], [77.61162, 13.05237], [77.61166, 13.0524], [77.6117, 13.05242], [77.61174, 13.05244], [77.61178, 13.05245], [77.61183, 13.05246], [77.61187, 13.05246], [77.61192, 13.05247], [77.61196, 13.05246], [77.61201, 13.05245], [77.61205, 13.05244], [77.61209, 13.05243], [77.61213, 13.05241], [77.61217, 13.05238], [77.6122, 13.05236], [77.61224, 13.05232], [77.61227, 13.05229], [77.61433, 13.04969]]]}}, {"type": "Feature", "properties": {"cluster_id": 69, "rank": 52, "reports": 6, "radius_m": 219.1, "boundary_kind": "cluster visualization boundary (50 m-buffered convex hull; not a pothole area)", "feature": "centroid"}, "geometry": {"type": "Point", "coordinates": [77.6122, 13.0501]}}, {"type": "Feature", "properties": {"cluster_id": 70, "rank": 36, "reports": 7, "radius_m": 348.1, "boundary_kind": "cluster visualization boundary (50 m-buffered convex hull; not a pothole area)"}, "geometry": {"type": "Polygon", "coordinates": [[[77.6502, 12.86344], [77.65016, 12.86342], [77.65012, 12.86341], [77.65008, 12.8634], [77.65003, 12.86339], [77.64999, 12.86338], [77.64995, 12.86338], [77.6499, 12.86339], [77.64986, 12.8634], [77.64981, 12.86341], [77.64977, 12.86343], [77.64973, 12.86345], [77.6497, 12.86347], [77.64966, 12.8635], [77.64963, 12.86353], [77.6496, 12.86356], [77.64958, 12.8636], [77.64956, 12.86364], [77.64954, 12.86368], [77.64953, 12.86372], [77.64952, 12.86376], [77.64951, 12.86381], [77.64951, 12.86385], [77.64951, 12.86389], [77.64952, 12.86394], [77.64954, 12.86398], [77.64955, 12.86402], [77.65082, 12.86677], [77.65084, 12.86681], [77.65086, 12.86684], [77.65089, 12.86688], [77.65092, 12.86691], [77.65095, 12.86694], [77.65312, 12.86861], [77.65316, 12.86863], [77.65319, 12.86865], [77.65324, 12.86867], [77.65328, 12.86869], [77.65332, 12.8687], [77.65337, 12.8687], [77.65341, 12.8687], [77.65346, 12.8687], [77.6535, 12.86869], [77.65354, 12.86868], [77.65359, 12.86867], [77.65363, 12.86865], [77.65367, 12.86862], [77.6537, 12.8686], [77.65373, 12.86857], [77.65376, 12.86853], [77.65379, 12.8685], [77.65381, 12.86846], [77.65383, 12.86842], [77.65385, 12.86838], [77.65386, 12.86833], [77.65386, 12.86829], [77.65386, 12.86825], [77.65386, 12.8682], [77.65385, 12.86816], [77.65384, 12.86811], [77.65287, 12.8651], [77.65285, 12.86506], [77.65283, 12.86502], [77.65281, 12.86499], [77.65279, 12.86495], [77.65276, 12.86492], [77.65273, 12.86489], [77.65269, 12.86487], [77.65266, 12.86484], [77.6502, 12.86344]]]}}, {"type": "Feature", "properties": {"cluster_id": 70, "rank": 36, "reports": 7, "radius_m": 348.1, "boundary_kind": "cluster visualization boundary (50 m-buffered convex hull; not a pothole area)", "feature": "centroid"}, "geometry": {"type": "Point", "coordinates": [77.6516, 12.8657]}}, {"type": "Feature", "properties": {"cluster_id": 71, "rank": 73, "reports": 5, "radius_m": 44.8, "boundary_kind": "cluster visualization boundary (50 m-buffered convex hull; not a pothole area)"}, "geometry": {"type": "Polygon", "coordinates": [[[77.64175, 12.87553], [77.6417, 12.87552], [77.64166, 12.87552], [77.64161, 12.87553], [77.64157, 12.87554], [77.64152, 12.87555], [77.64148, 12.87556], [77.64144, 12.87559], [77.64141, 12.87561], [77.64137, 12.87564], [77.64134, 12.87567], [77.64131, 12.8757], [77.64128, 12.87574], [77.64126, 12.87578], [77.64125, 12.87582], [77.64123, 12.87586], [77.64122, 12.8759], [77.64122, 12.87595], [77.64122, 12.87599], [77.64122, 12.87603], [77.64123, 12.87608], [77.64124, 12.87612], [77.64126, 12.87616], [77.64128, 12.8762], [77.6413, 12.87624], [77.64133, 12.87627], [77.64149, 12.87645], [77.64152, 12.87648], [77.64155, 12.87651], [77.64159, 12.87653], [77.64163, 12.87655], [77.64167, 12.87657], [77.64171, 12.87658], [77.64175, 12.87659], [77.64179, 12.8766], [77.64184, 12.8766], [77.64188, 12.8766], [77.64192, 12.87659], [77.64238, 12.87651], [77.64243, 12.8765], [77.64247, 12.87648], [77.64251, 12.87646], [77.64255, 12.87644], [77.64258, 12.87642], [77.64262, 12.87639], [77.64265, 12.87636], [77.64267, 12.87632], [77.6427, 12.87629], [77.64272, 12.87625], [77.64273, 12.87621], [77.64275, 12.87616], [77.64275, 12.87612], [77.64276, 12.87608], [77.64276, 12.87603], [77.64275, 12.87599], [77.64274, 12.87595], [77.64273, 12.87591], [77.64271, 12.87587], [77.64269, 12.87583], [77.64266, 12.87579], [77.64264, 12.87576], [77.6426, 12.87573], [77.64257, 12.8757], [77.64253, 12.87568], [77.64249, 12.87566], [77.64245, 12.87564], [77.64241, 12.87563], [77.64236, 12.87562], [77.64175, 12.87553]]]}}, {"type": "Feature", "properties": {"cluster_id": 71, "rank": 73, "reports": 5, "radius_m": 44.8, "boundary_kind": "cluster visualization boundary (50 m-buffered convex hull; not a pothole area)", "feature": "centroid"}, "geometry": {"type": "Point", "coordinates": [77.6421, 12.8761]}}, {"type": "Feature", "properties": {"cluster_id": 72, "rank": 74, "reports": 5, "radius_m": 231.3, "boundary_kind": "cluster visualization boundary (50 m-buffered convex hull; not a pothole area)"}, "geometry": {"type": "Polygon", "coordinates": [[[77.66344, 12.86529], [77.6634, 12.86529], [77.66335, 12.86529], [77.66331, 12.8653], [77.66326, 12.86531], [77.66322, 12.86532], [77.66318, 12.86534], [77.66314, 12.86536], [77.6631, 12.86538], [77.66307, 12.86541], [77.66304, 12.86544], [77.66301, 12.86548], [77.66298, 12.86551], [77.66296, 12.86555], [77.66295, 12.86559], [77.66293, 12.86563], [77.66293, 12.86568], [77.66292, 12.86572], [77.66292, 12.86577], [77.66293, 12.86581], [77.66294, 12.86585], [77.66295, 12.86589], [77.66297, 12.86594], [77.66299, 12.86597], [77.66301, 12.86601], [77.66304, 12.86604], [77.66307, 12.86608], [77.66311, 12.8661], [77.66314, 12.86613], [77.66318, 12.86615], [77.66484, 12.86693], [77.66489, 12.86695], [77.66493, 12.86696], [77.66497, 12.86697], [77.66502, 12.86698], [77.66506, 12.86698], [77.66511, 12.86697], [77.66638, 12.8668], [77.66643, 12.86679], [77.66647, 12.86677], [77.66652, 12.86676], [77.66656, 12.86673], [77.6666, 12.86671], [77.66663, 12.86668], [77.66666, 12.86665], [77.66669, 12.86661], [77.66672, 12.86657], [77.66674, 12.86653], [77.66684, 12.86631], [77.66685, 12.86627], [77.66686, 12.86623], [77.66687, 12.86619], [77.66688, 12.86614], [77.66687, 12.8661], [77.66687, 12.86605], [77.66686, 12.86601], [77.66685, 12.86597], [77.66683, 12.86593], [77.66681, 12.86589], [77.66678, 12.86585], [77.66675, 12.86582], [77.66672, 12.86579], [77.66668, 12.86576], [77.66664, 12.86574], [77.6666, 12.86572], [77.66656, 12.8657], [77.66652, 12.86569], [77.66648, 12.86568], [77.66344, 12.86529]]]}}, {"type": "Feature", "properties": {"cluster_id": 72, "rank": 74, "reports": 5, "radius_m": 231.3, "boundary_kind": "cluster visualization boundary (50 m-buffered convex hull; not a pothole area)", "feature": "centroid"}, "geometry": {"type": "Point", "coordinates": [77.6655, 12.8662]}}, {"type": "Feature", "properties": {"cluster_id": 73, "rank": 51, "reports": 6, "radius_m": 148.9, "boundary_kind": "cluster visualization boundary (50 m-buffered convex hull; not a pothole area)"}, "geometry": {"type": "Polygon", "coordinates": [[[77.60538, 12.97714], [77.60542, 12.97712], [77.60545, 12.97708], [77.60548, 12.97705], [77.6055, 12.97701], [77.60552, 12.97697], [77.60554, 12.97693], [77.60555, 12.97689], [77.60555, 12.97684], [77.60556, 12.9768], [77.60556, 12.97675], [77.60555, 12.97671], [77.60554, 12.97667], [77.60553, 12.97662], [77.60551, 12.97658], [77.60548, 12.97655], [77.60546, 12.97651], [77.60543, 12.97648], [77.60539, 12.97645], [77.60536, 12.97642], [77.60532, 12.9764], [77.60528, 12.97638], [77.60524, 12.97636], [77.60519, 12.97635], [77.60515, 12.97634], [77.6051, 12.97634], [77.60506, 12.97634], [77.60501, 12.97635], [77.60497, 12.97636], [77.60493, 12.97637], [77.60489, 12.97639], [77.60485, 12.97641], [77.60481, 12.97644], [77.60352, 12.97744], [77.60349, 12.97747], [77.60346, 12.9775], [77.60343, 12.97754], [77.60341, 12.97758], [77.60339, 12.97762], [77.60337, 12.97766], [77.60336, 12.9777], [77.60335, 12.97774], [77.60335, 12.97779], [77.60335, 12.97783], [77.60336, 12.97788], [77.60337, 12.97792], [77.60338, 12.97796], [77.6034, 12.978], [77.60342, 12.97804], [77.60345, 12.97808], [77.60348, 12.97811], [77.60351, 12.97814], [77.60355, 12.97817], [77.60359, 12.97819], [77.60363, 12.97821], [77.60367, 12.97822], [77.60371, 12.97824], [77.60376, 12.97824], [77.6038, 12.97825], [77.60385, 12.97824], [77.60389, 12.97824], [77.60394, 12.97823], [77.60398, 12.97821], [77.60402, 12.9782], [77.60406, 12.97817], [77.6041, 12.97815], [77.60538, 12.97714]]]}}, {"type": "Feature", "properties": {"cluster_id": 73, "rank": 51, "reports": 6, "radius_m": 148.9, "boundary_kind": "cluster visualization boundary (50 m-buffered convex hull; not a pothole area)", "feature": "centroid"}, "geometry": {"type": "Point", "coordinates": [77.6049, 12.977]}}, {"type": "Feature", "properties": {"cluster_id": 74, "rank": 75, "reports": 5, "radius_m": 212.1, "boundary_kind": "cluster visualization boundary (50 m-buffered convex hull; not a pothole area)"}, "geometry": {"type": "Polygon", "coordinates": [[[77.71127, 12.96379], [77.71122, 12.96378], [77.71117, 12.96378], [77.71113, 12.96378], [77.71108, 12.96378], [77.71103, 12.96379], [77.71099, 12.9638], [77.70924, 12.96442], [77.7092, 12.96444], [77.70916, 12.96446], [77.70912, 12.96448], [77.70909, 12.96451], [77.70906, 12.96454], [77.70903, 12.96458], [77.709, 12.96461], [77.70898, 12.96465], [77.70897, 12.9647], [77.70895, 12.96474], [77.70894, 12.96478], [77.70894, 12.96483], [77.70894, 12.96487], [77.70895, 12.96492], [77.70896, 12.96496], [77.70897, 12.965], [77.70899, 12.96504], [77.70901, 12.96508], [77.70904, 12.96512], [77.70907, 12.96515], [77.7091, 12.96518], [77.70913, 12.96521], [77.70917, 12.96524], [77.70921, 12.96526], [77.70926, 12.96528], [77.7093, 12.96529], [77.70934, 12.9653], [77.70938, 12.96531], [77.70942, 12.96532], [77.71299, 12.96554], [77.71303, 12.96554], [77.71308, 12.96554], [77.71312, 12.96553], [77.71316, 12.96552], [77.71321, 12.9655], [77.71325, 12.96548], [77.71328, 12.96546], [77.71332, 12.96543], [77.71335, 12.9654], [77.71338, 12.96536], [77.71341, 12.96533], [77.71343, 12.96529], [77.71345, 12.96525], [77.71346, 12.96521], [77.71347, 12.96516], [77.71347, 12.96512], [77.71348, 12.96508], [77.71347, 12.96503], [77.71346, 12.96499], [77.71345, 12.96495], [77.71344, 12.9649], [77.71341, 12.96486], [77.71339, 12.96483], [77.71336, 12.96479], [77.71333, 12.96476], [77.71278, 12.96425], [77.71274, 12.96422], [77.71271, 12.96419], [77.71267, 12.96417], [77.71263, 12.96416], [77.71258, 12.96414], [77.71127, 12.96379]]]}}, {"type": "Feature", "properties": {"cluster_id": 74, "rank": 75, "reports": 5, "radius_m": 212.1, "boundary_kind": "cluster visualization boundary (50 m-buffered convex hull; not a pothole area)", "feature": "centroid"}, "geometry": {"type": "Point", "coordinates": [77.7111, 12.9647]}}, {"type": "Feature", "properties": {"cluster_id": 75, "rank": 76, "reports": 5, "radius_m": 200.4, "boundary_kind": "cluster visualization boundary (50 m-buffered convex hull; not a pothole area)"}, "geometry": {"type": "Polygon", "coordinates": [[[77.68557, 13.01793], [77.68556, 13.01788], [77.68555, 13.01784], [77.68554, 13.0178], [77.68552, 13.01776], [77.68549, 13.01772], [77.68547, 13.01769], [77.68544, 13.01766], [77.6854, 13.01763], [77.68537, 13.0176], [77.68533, 13.01758], [77.68529, 13.01756], [77.68525, 13.01754], [77.6852, 13.01753], [77.68516, 13.01753], [77.68511, 13.01752], [77.68507, 13.01753], [77.6845, 13.01758], [77.68446, 13.01759], [77.68441, 13.0176], [77.68437, 13.01761], [77.68432, 13.01763], [77.68428, 13.01766], [77.68425, 13.01768], [77.68321, 13.01855], [77.68318, 13.01858], [77.68315, 13.01861], [77.68312, 13.01865], [77.6831, 13.01868], [77.68308, 13.01872], [77.68307, 13.01876], [77.68306, 13.01881], [77.68305, 13.01885], [77.68305, 13.01889], [77.68305, 13.01894], [77.68306, 13.01898], [77.68307, 13.01902], [77.68308, 13.01906], [77.6831, 13.0191], [77.68312, 13.01914], [77.68315, 13.01917], [77.68318, 13.01921], [77.68321, 13.01924], [77.6851, 13.02082], [77.68513, 13.02085], [77.68517, 13.02087], [77.68521, 13.02089], [77.68525, 13.02091], [77.6853, 13.02092], [77.68534, 13.02093], [77.68539, 13.02093], [77.68544, 13.02093], [77.68548, 13.02092], [77.68553, 13.02091], [77.68557, 13.02089], [77.68561, 13.02088], [77.68565, 13.02085], [77.68569, 13.02083], [77.68572, 13.0208], [77.68575, 13.02076], [77.68578, 13.02073], [77.6858, 13.02069], [77.68582, 13.02065], [77.68584, 13.0206], [77.68585, 13.02056], [77.68585, 13.02052], [77.68586, 13.02047], [77.68585, 13.02043], [77.68557, 13.01793]]]}}, {"type": "Feature", "properties": {"cluster_id": 75, "rank": 76, "reports": 5, "radius_m": 200.4, "boundary_kind": "cluster visualization boundary (50 m-buffered convex hull; not a pothole area)", "feature": "centroid"}, "geometry": {"type": "Point", "coordinates": [77.6845, 13.0189]}}]}