ward_id,month,pothole_reports,all_complaints,pothole_share,active_month
1,2019-01,0,6,0.0,0
1,2019-02,0,1,0.0,0
1,2019-03,0,1,0.0,0
1,2019-04,0,2,0.0,0
1,2019-05,0,0,,0
1,2019-06,0,3,0.0,0
1,2019-07,1,2,0.5,0
1,2019-08,1,2,0.5,0
1,2019-09,0,1,0.0,0
1,2019-10,0,0,,0
1,2019-11,0,1,0.0,0
1,2019-12,0,1,0.0,0
1,2020-01,0,0,,0
1,2020-02,0,1,0.0,0
1,2020-03,0,1,0.0,0
1,2020-04,0,1,0.0,0
1,2020-05,0,0,,0
1,2020-06,0,1,0.0,0
1,2020-07,0,1,0.0,0
1,2020-08,0,3,0.0,0
1,2020-09,2,5,0.4,0
1,2020-10,0,1,0.0,0
1,2020-11,0,0,,0
1,2020-12,0,0,,0
1,2021-01,0,1,0.0,0
1,2021-02,0,0,,0
1,2021-03,0,0,,0
1,2021-04,0,1,0.0,0
1,2021-05,0,1,0.0,0
1,2021-06,0,0,,0
1,2021-07,0,0,,0
1,2021-08,0,0,,0
1,2021-09,0,2,0.0,0
1,2021-10,0,0,,0
1,2021-11,0,0,,0
1,2021-12,0,1,0.0,0
1,2022-01,0,0,,0
1,2022-02,0,0,,0
1,2022-03,0,2,0.0,0
1,2022-04,0,0,,0
1,2022-05,0,0,,0
1,2022-06,0,0,,0
1,2022-07,0,0,,0
2,2019-01,0,0,,0
2,2019-02,0,0,,0
2,2019-03,0,0,,0
2,2019-04,0,0,,0
2,2019-05,0,0,,0
2,2019-06,0,0,,0
2,2019-07,0,0,,0
2,2019-08,0,0,,0
2,2019-09,0,0,,0
2,2019-10,0,0,,0
2,2019-11,0,1,0.0,0
2,2019-12,0,0,,0
2,2020-01,0,0,,0
2,2020-02,0,1,0.0,0
2,2020-03,0,1,0.0,0
2,2020-04,0,0,,0
2,2020-05,0,0,,0
2,2020-06,0,0,,0
2,2020-07,0,1,0.0,0
2,2020-08,0,0,,0
2,2020-09,0,0,,0
2,2020-10,0,0,,0
2,2020-11,0,0,,0
2,2020-12,0,0,,0
2,2021-01,0,1,0.0,0
2,2021-02,0,1,0.0,0
2,2021-03,0,0,,0
2,2021-04,0,0,,0
2,2021-05,0,0,,0
2,2021-06,0,0,,0
2,2021-07,0,0,,0
2,2021-08,0,0,,0
2,2021-09,0,0,,0
2,2021-10,0,0,,0
2,2021-11,0,0,,0
2,2021-12,0,0,,0
2,2022-01,0,0,,0
2,2022-02,0,0,,0
2,2022-03,0,0,,0
2,2022-04,0,0,,0
2,2022-05,0,0,,0
2,2022-06,0,1,0.0,0
2,2022-07,0,0,,0
3,2019-01,0,4,0.0,0
3,2019-02,0,1,0.0,0
3,2019-03,0,5,0.0,0
3,2019-04,0,6,0.0,0
3,2019-05,0,0,,0
3,2019-06,1,2,0.5,0
3,2019-07,0,2,0.0,0
3,2019-08,1,4,0.25,0
3,2019-09,0,1,0.0,0
3,2019-10,1,5,0.2,0
3,2019-11,0,6,0.0,0
3,2019-12,0,3,0.0,0
3,2020-01,1,3,0.3333,0
3,2020-02,1,2,0.5,0
3,2020-03,1,2,0.5,0
3,2020-04,0,0,,0
3,2020-05,0,1,0.0,0
3,2020-06,0,1,0.0,0
3,2020-07,0,1,0.0,0
3,2020-08,0,2,0.0,0
3,2020-09,0,0,,0
3,2020-10,0,1,0.0,0
3,2020-11,0,2,0.0,0
3,2020-12,0,3,0.0,0
3,2021-01,0,6,0.0,0
3,2021-02,0,2,0.0,0
3,2021-03,0,1,0.0,0
3,2021-04,0,2,0.0,0
3,2021-05,0,1,0.0,0
3,2021-06,0,4,0.0,0
3,2021-07,0,3,0.0,0
3,2021-08,0,0,,0
3,2021-09,0,0,,0
3,2021-10,1,1,1.0,0
3,2021-11,0,0,,0
3,2021-12,0,4,0.0,0
3,2022-01,0,2,0.0,0
3,2022-02,0,0,,0
3,2022-03,0,0,,0
3,2022-04,0,2,0.0,0
3,2022-05,0,0,,0
3,2022-06,0,2,0.0,0
3,2022-07,0,3,0.0,0
4,2019-01,0,1,0.0,0
4,2019-02,0,1,0.0,0
4,2019-03,0,3,0.0,0
4,2019-04,0,2,0.0,0
4,2019-05,0,0,,0
4,2019-06,0,0,,0
4,2019-07,0,1,0.0,0
4,2019-08,0,3,0.0,0
4,2019-09,1,3,0.3333,0
4,2019-10,0,9,0.0,0
4,2019-11,0,2,0.0,0
4,2019-12,0,1,0.0,0
4,2020-01,0,0,,0
4,2020-02,0,4,0.0,0
4,2020-03,0,2,0.0,0
4,2020-04,0,2,0.0,0
4,2020-05,0,0,,0
4,2020-06,0,2,0.0,0
4,2020-07,0,1,0.0,0
4,2020-08,0,0,,0
4,2020-09,0,0,,0
4,2020-10,0,5,0.0,0
4,2020-11,0,2,0.0,0
4,2020-12,0,3,0.0,0
4,2021-01,0,2,0.0,0
4,2021-02,0,2,0.0,0
4,2021-03,0,1,0.0,0
4,2021-04,0,0,,0
4,2021-05,0,0,,0
4,2021-06,0,0,,0
4,2021-07,0,0,,0
4,2021-08,0,1,0.0,0
4,2021-09,0,0,,0
4,2021-10,0,1,0.0,0
4,2021-11,0,0,,0
4,2021-12,0,0,,0
4,2022-01,0,0,,0
4,2022-02,0,0,,0
4,2022-03,0,2,0.0,0
4,2022-04,0,0,,0
4,2022-05,0,0,,0
4,2022-06,0,1,0.0,0
4,2022-07,0,0,,0
5,2019-01,0,2,0.0,0
5,2019-02,0,5,0.0,0
5,2019-03,0,2,0.0,0
5,2019-04,1,3,0.3333,0
5,2019-05,1,6,0.1667,0
5,2019-06,0,6,0.0,0
5,2019-07,1,5,0.2,0
5,2019-08,1,5,0.2,0
5,2019-09,1,10,0.1,0
5,2019-10,2,18,0.1111,0
5,2019-11,3,9,0.3333,0
5,2019-12,1,4,0.25,0
5,2020-01,2,8,0.25,0
5,2020-02,0,10,0.0,0
5,2020-03,0,1,0.0,0
5,2020-04,0,0,,0
5,2020-05,0,1,0.0,0
5,2020-06,0,1,0.0,0
5,2020-07,1,1,1.0,0
5,2020-08,0,0,,0
5,2020-09,0,2,0.0,0
5,2020-10,1,4,0.25,0
5,2020-11,0,0,,0
5,2020-12,0,4,0.0,0
5,2021-01,0,2,0.0,0
5,2021-02,0,1,0.0,0
5,2021-03,0,2,0.0,0
5,2021-04,0,0,,0
5,2021-05,0,2,0.0,0
5,2021-06,0,0,,0
5,2021-07,0,2,0.0,0
5,2021-08,0,3,0.0,0
5,2021-09,0,0,,0
5,2021-10,0,0,,0
5,2021-11,0,0,,0
5,2021-12,0,0,,0
5,2022-01,0,0,,0
5,2022-02,0,2,0.0,0
5,2022-03,0,0,,0
5,2022-04,0,4,0.0,0
5,2022-05,0,1,0.0,0
5,2022-06,0,2,0.0,0
5,2022-07,0,7,0.0,0
6,2019-01,0,8,0.0,0
6,2019-02,2,10,0.2,0
6,2019-03,3,15,0.2,1
6,2019-04,4,21,0.1905,1
6,2019-05,6,17,0.3529,1
6,2019-06,3,15,0.2,1
6,2019-07,6,27,0.2222,1
6,2019-08,5,24,0.2083,1
6,2019-09,4,22,0.1818,1
6,2019-10,6,23,0.2609,1
6,2019-11,2,17,0.1176,0
6,2019-12,3,8,0.375,1
6,2020-01,4,8,0.5,1
6,2020-02,2,11,0.1818,0
6,2020-03,2,12,0.1667,0
6,2020-04,1,7,0.1429,0
6,2020-05,0,4,0.0,0
6,2020-06,1,2,0.5,0
6,2020-07,2,5,0.4,0
6,2020-08,1,4,0.25,0
6,2020-09,0,2,0.0,0
6,2020-10,3,5,0.6,1
6,2020-11,3,8,0.375,1
6,2020-12,1,16,0.0625,0
6,2021-01,2,11,0.1818,0
6,2021-02,0,2,0.0,0
6,2021-03,0,4,0.0,0
6,2021-04,0,2,0.0,0
6,2021-05,0,5,0.0,0
6,2021-06,0,0,,0
6,2021-07,0,3,0.0,0
6,2021-08,0,4,0.0,0
6,2021-09,0,2,0.0,0
6,2021-10,0,5,0.0,0
6,2021-11,0,3,0.0,0
6,2021-12,0,3,0.0,0
6,2022-01,0,1,0.0,0
6,2022-02,0,4,0.0,0
6,2022-03,0,2,0.0,0
6,2022-04,0,3,0.0,0
6,2022-05,1,2,0.5,0
6,2022-06,0,2,0.0,0
6,2022-07,0,0,,0
7,2019-01,1,5,0.2,0
7,2019-02,0,4,0.0,0
7,2019-03,0,3,0.0,0
7,2019-04,1,5,0.2,0
7,2019-05,3,7,0.4286,1
7,2019-06,0,5,0.0,0
7,2019-07,0,4,0.0,0
7,2019-08,1,8,0.125,0
7,2019-09,2,5,0.4,0
7,2019-10,3,11,0.2727,1
7,2019-11,0,3,0.0,0
7,2019-12,0,1,0.0,0
7,2020-01,3,7,0.4286,1
7,2020-02,0,6,0.0,0
7,2020-03,0,4,0.0,0
7,2020-04,0,1,0.0,0
7,2020-05,0,2,0.0,0
7,2020-06,0,3,0.0,0
7,2020-07,0,1,0.0,0
7,2020-08,0,1,0.0,0
7,2020-09,0,5,0.0,0
7,2020-10,1,1,1.0,0
7,2020-11,0,3,0.0,0
7,2020-12,2,7,0.2857,0
7,2021-01,1,7,0.1429,0
7,2021-02,0,2,0.0,0
7,2021-03,0,6,0.0,0
7,2021-04,0,5,0.0,0
7,2021-05,0,0,,0
7,2021-06,0,2,0.0,0
7,2021-07,0,3,0.0,0
7,2021-08,0,0,,0
7,2021-09,0,2,0.0,0
7,2021-10,0,2,0.0,0
7,2021-11,0,6,0.0,0
7,2021-12,0,0,,0
7,2022-01,0,5,0.0,0
7,2022-02,0,3,0.0,0
7,2022-03,0,3,0.0,0
7,2022-04,0,0,,0
7,2022-05,0,3,0.0,0
7,2022-06,0,3,0.0,0
7,2022-07,0,1,0.0,0
8,2019-01,0,0,,0
8,2019-02,0,0,,0
8,2019-03,0,2,0.0,0
8,2019-04,0,5,0.0,0
8,2019-05,0,1,0.0,0
8,2019-06,0,4,0.0,0
8,2019-07,0,0,,0
8,2019-08,0,2,0.0,0
8,2019-09,0,1,0.0,0
8,2019-10,2,3,0.6667,1
8,2019-11,0,4,0.0,0
8,2019-12,1,4,0.25,0
8,2020-01,3,7,0.4286,1
8,2020-02,0,5,0.0,0
8,2020-03,0,4,0.0,0
8,2020-04,0,0,,0
8,2020-05,0,0,,0
8,2020-06,0,0,,0
8,2020-07,0,0,,0
8,2020-08,0,0,,0
8,2020-09,0,1,0.0,0
8,2020-10,0,0,,0
8,2020-11,1,2,0.5,0
8,2020-12,0,0,,0
8,2021-01,0,3,0.0,0
8,2021-02,0,1,0.0,0
8,2021-03,1,2,0.5,0
8,2021-04,0,0,,0
8,2021-05,0,1,0.0,0
8,2021-06,0,0,,0
8,2021-07,0,4,0.0,0
8,2021-08,0,0,,0
8,2021-09,0,0,,0
8,2021-10,0,0,,0
8,2021-11,0,0,,0
8,2021-12,0,3,0.0,0
8,2022-01,0,1,0.0,0
8,2022-02,0,1,0.0,0
8,2022-03,0,0,,0
8,2022-04,1,2,0.5,0
8,2022-05,1,5,0.2,0
8,2022-06,1,2,0.5,0
8,2022-07,0,1,0.0,0
9,2019-01,0,0,,0
9,2019-02,0,0,,0
9,2019-03,1,2,0.5,0
9,2019-04,2,6,0.3333,0
9,2019-05,0,5,0.0,0
9,2019-06,2,6,0.3333,0
9,2019-07,0,4,0.0,0
9,2019-08,0,4,0.0,0
9,2019-09,0,1,0.0,0
9,2019-10,2,6,0.3333,0
9,2019-11,0,2,0.0,0
9,2019-12,0,1,0.0,0
9,2020-01,0,2,0.0,0
9,2020-02,1,3,0.3333,0
9,2020-03,0,1,0.0,0
9,2020-04,0,2,0.0,0
9,2020-05,0,0,,0
9,2020-06,0,2,0.0,0
9,2020-07,0,1,0.0,0
9,2020-08,1,4,0.25,0
9,2020-09,1,2,0.5,0
9,2020-10,0,3,0.0,0
9,2020-11,0,1,0.0,0
9,2020-12,1,5,0.2,0
9,2021-01,0,1,0.0,0
9,2021-02,0,2,0.0,0
9,2021-03,0,0,,0
9,2021-04,0,1,0.0,0
9,2021-05,0,3,0.0,0
9,2021-06,0,3,0.0,0
9,2021-07,0,1,0.0,0
9,2021-08,0,0,,0
9,2021-09,0,1,0.0,0
9,2021-10,0,3,0.0,0
9,2021-11,0,5,0.0,0
9,2021-12,0,12,0.0,0
9,2022-01,0,1,0.0,0
9,2022-02,0,3,0.0,0
9,2022-03,0,2,0.0,0
9,2022-04,0,0,,0
9,2022-05,0,1,0.0,0
9,2022-06,0,4,0.0,0
9,2022-07,0,0,,0
10,2019-01,0,1,0.0,0
10,2019-02,0,0,,0
10,2019-03,0,2,0.0,0
10,2019-04,0,0,,0
10,2019-05,0,1,0.0,0
10,2019-06,2,4,0.5,1
10,2019-07,0,1,0.0,0
10,2019-08,0,0,,0
10,2019-09,1,2,0.5,0
10,2019-10,2,6,0.3333,1
10,2019-11,1,2,0.5,0
10,2019-12,0,0,,0
10,2020-01,0,0,,0
10,2020-02,0,1,0.0,0
10,2020-03,0,0,,0
10,2020-04,0,0,,0
10,2020-05,0,0,,0
10,2020-06,0,1,0.0,0
10,2020-07,0,0,,0
10,2020-08,0,0,,0
10,2020-09,0,1,0.0,0
10,2020-10,0,0,,0
10,2020-11,0,1,0.0,0
10,2020-12,0,0,,0
10,2021-01,0,1,0.0,0
10,2021-02,0,0,,0
10,2021-03,0,1,0.0,0
10,2021-04,0,0,,0
10,2021-05,0,2,0.0,0
10,2021-06,0,0,,0
10,2021-07,0,0,,0
10,2021-08,0,1,0.0,0
10,2021-09,0,0,,0
10,2021-10,0,1,0.0,0
10,2021-11,0,5,0.0,0
10,2021-12,0,10,0.0,0
10,2022-01,1,2,0.5,0
10,2022-02,0,0,,0
10,2022-03,0,0,,0
10,2022-04,1,3,0.3333,0
10,2022-05,0,0,,0
10,2022-06,0,1,0.0,0
10,2022-07,0,0,,0
11,2019-01,0,2,0.0,0
11,2019-02,0,0,,0
11,2019-03,0,1,0.0,0
11,2019-04,1,2,0.5,0
11,2019-05,0,0,,0
11,2019-06,0,2,0.0,0
11,2019-07,0,1,0.0,0
11,2019-08,0,2,0.0,0
11,2019-09,0,1,0.0,0
11,2019-10,0,2,0.0,0
11,2019-11,0,1,0.0,0
11,2019-12,0,3,0.0,0
11,2020-01,0,2,0.0,0
11,2020-02,0,5,0.0,0
11,2020-03,0,3,0.0,0
11,2020-04,0,2,0.0,0
11,2020-05,0,0,,0
11,2020-06,1,1,1.0,0
11,2020-07,0,3,0.0,0
11,2020-08,0,2,0.0,0
11,2020-09,0,0,,0
11,2020-10,0,2,0.0,0
11,2020-11,0,0,,0
11,2020-12,0,2,0.0,0
11,2021-01,0,1,0.0,0
11,2021-02,0,1,0.0,0
11,2021-03,0,3,0.0,0
11,2021-04,0,0,,0
11,2021-05,0,0,,0
11,2021-06,0,0,,0
11,2021-07,0,0,,0
11,2021-08,0,0,,0
11,2021-09,0,0,,0
11,2021-10,0,1,0.0,0
11,2021-11,0,1,0.0,0
11,2021-12,0,9,0.0,0
11,2022-01,0,0,,0
11,2022-02,0,1,0.0,0
11,2022-03,0,0,,0
11,2022-04,0,0,,0
11,2022-05,1,1,1.0,0
11,2022-06,0,0,,0
11,2022-07,0,1,0.0,0
12,2019-01,0,3,0.0,0
12,2019-02,0,0,,0
12,2019-03,1,2,0.5,0
12,2019-04,3,3,1.0,1
12,2019-05,0,2,0.0,0
12,2019-06,1,5,0.2,0
12,2019-07,0,1,0.0,0
12,2019-08,1,4,0.25,0
12,2019-09,0,3,0.0,0
12,2019-10,0,5,0.0,0
12,2019-11,1,4,0.25,0
12,2019-12,0,1,0.0,0
12,2020-01,0,1,0.0,0
12,2020-02,1,2,0.5,0
12,2020-03,1,5,0.2,0
12,2020-04,0,0,,0
12,2020-05,0,2,0.0,0
12,2020-06,0,0,,0
12,2020-07,0,2,0.0,0
12,2020-08,0,1,0.0,0
12,2020-09,0,1,0.0,0
12,2020-10,1,3,0.3333,0
12,2020-11,1,1,1.0,0
12,2020-12,0,0,,0
12,2021-01,3,4,0.75,1
12,2021-02,0,3,0.0,0
12,2021-03,2,2,1.0,0
12,2021-04,0,1,0.0,0
12,2021-05,0,0,,0
12,2021-06,0,1,0.0,0
12,2021-07,0,3,0.0,0
12,2021-08,0,2,0.0,0
12,2021-09,0,1,0.0,0
12,2021-10,0,3,0.0,0
12,2021-11,0,1,0.0,0
12,2021-12,0,0,,0
12,2022-01,0,1,0.0,0
12,2022-02,0,1,0.0,0
12,2022-03,0,6,0.0,0
12,2022-04,0,0,,0
12,2022-05,0,2,0.0,0
12,2022-06,0,0,,0
12,2022-07,2,2,1.0,0
13,2019-01,0,0,,0
13,2019-02,0,0,,0
13,2019-03,0,0,,0
13,2019-04,0,1,0.0,0
13,2019-05,0,0,,0
13,2019-06,0,0,,0
13,2019-07,0,0,,0
13,2019-08,0,0,,0
13,2019-09,0,0,,0
13,2019-10,0,1,0.0,0
13,2019-11,0,0,,0
13,2019-12,0,1,0.0,0
13,2020-01,0,0,,0
13,2020-02,0,1,0.0,0
13,2020-03,0,0,,0
13,2020-04,0,0,,0
13,2020-05,0,0,,0
13,2020-06,0,0,,0
13,2020-07,0,0,,0
13,2020-08,0,1,0.0,0
13,2020-09,0,0,,0
13,2020-10,0,0,,0
13,2020-11,0,0,,0
13,2020-12,0,1,0.0,0
13,2021-01,0,0,,0
13,2021-02,0,1,0.0,0
13,2021-03,0,1,0.0,0
13,2021-04,0,0,,0
13,2021-05,0,0,,0
13,2021-06,0,0,,0
13,2021-07,0,0,,0
13,2021-08,0,1,0.0,0
13,2021-09,0,0,,0
13,2021-10,0,0,,0
13,2021-11,0,0,,0
13,2021-12,0,0,,0
13,2022-01,0,0,,0
13,2022-02,0,0,,0
13,2022-03,0,1,0.0,0
13,2022-04,0,0,,0
13,2022-05,0,0,,0
13,2022-06,0,0,,0
13,2022-07,0,0,,0
14,2019-01,0,2,0.0,0
14,2019-02,0,2,0.0,0
14,2019-03,0,2,0.0,0
14,2019-04,0,2,0.0,0
14,2019-05,0,0,,0
14,2019-06,0,2,0.0,0
14,2019-07,1,3,0.3333,0
14,2019-08,0,4,0.0,0
14,2019-09,0,1,0.0,0
14,2019-10,1,1,1.0,0
14,2019-11,1,3,0.3333,0
14,2019-12,0,0,,0
14,2020-01,0,0,,0
14,2020-02,0,3,0.0,0
14,2020-03,0,1,0.0,0
14,2020-04,0,1,0.0,0
14,2020-05,0,2,0.0,0
14,2020-06,0,1,0.0,0
14,2020-07,1,4,0.25,0
14,2020-08,0,0,,0
14,2020-09,0,1,0.0,0
14,2020-10,0,0,,0
14,2020-11,0,1,0.0,0
14,2020-12,0,1,0.0,0
14,2021-01,0,0,,0
14,2021-02,0,0,,0
14,2021-03,0,0,,0
14,2021-04,0,0,,0
14,2021-05,0,1,0.0,0
14,2021-06,0,0,,0
14,2021-07,0,1,0.0,0
14,2021-08,0,5,0.0,0
14,2021-09,0,0,,0
14,2021-10,0,1,0.0,0
14,2021-11,0,1,0.0,0
14,2021-12,0,1,0.0,0
14,2022-01,0,1,0.0,0
14,2022-02,0,1,0.0,0
14,2022-03,0,2,0.0,0
14,2022-04,0,1,0.0,0
14,2022-05,0,0,,0
14,2022-06,0,0,,0
14,2022-07,0,0,,0
15,2019-01,0,0,,0
15,2019-02,0,1,0.0,0
15,2019-03,0,0,,0
15,2019-04,0,1,0.0,0
15,2019-05,0,2,0.0,0
15,2019-06,0,0,,0
15,2019-07,0,1,0.0,0
15,2019-08,0,0,,0
15,2019-09,0,0,,0
15,2019-10,0,0,,0
15,2019-11,0,0,,0
15,2019-12,0,0,,0
15,2020-01,0,0,,0
15,2020-02,0,0,,0
15,2020-03,0,0,,0
15,2020-04,0,2,0.0,0
15,2020-05,0,0,,0
15,2020-06,0,0,,0
15,2020-07,0,0,,0
15,2020-08,0,0,,0
15,2020-09,0,0,,0
15,2020-10,0,0,,0
15,2020-11,0,1,0.0,0
15,2020-12,0,1,0.0,0
15,2021-01,0,0,,0
15,2021-02,0,2,0.0,0
15,2021-03,0,0,,0
15,2021-04,0,0,,0
15,2021-05,0,0,,0
15,2021-06,0,0,,0
15,2021-07,0,0,,0
15,2021-08,0,0,,0
15,2021-09,0,0,,0
15,2021-10,0,0,,0
15,2021-11,0,0,,0
15,2021-12,0,0,,0
15,2022-01,0,0,,0
15,2022-02,0,0,,0
15,2022-03,0,2,0.0,0
15,2022-04,0,0,,0
15,2022-05,0,0,,0
15,2022-06,0,0,,0
15,2022-07,0,0,,0
16,2019-01,0,3,0.0,0
16,2019-02,0,0,,0
16,2019-03,0,1,0.0,0
16,2019-04,0,1,0.0,0
16,2019-05,0,0,,0
16,2019-06,0,0,,0
16,2019-07,0,0,,0
16,2019-08,0,2,0.0,0
16,2019-09,0,0,,0
16,2019-10,0,2,0.0,0
16,2019-11,0,0,,0
16,2019-12,0,1,0.0,0
16,2020-01,0,1,0.0,0
16,2020-02,0,1,0.0,0
16,2020-03,0,5,0.0,0
16,2020-04,0,0,,0
16,2020-05,0,0,,0
16,2020-06,0,0,,0
16,2020-07,0,1,0.0,0
16,2020-08,0,0,,0
16,2020-09,0,0,,0
16,2020-10,0,0,,0
16,2020-11,0,1,0.0,0
16,2020-12,1,4,0.25,0
16,2021-01,0,0,,0
16,2021-02,0,3,0.0,0
16,2021-03,0,2,0.0,0
16,2021-04,0,0,,0
16,2021-05,0,0,,0
16,2021-06,0,0,,0
16,2021-07,0,1,0.0,0
16,2021-08,1,2,0.5,0
16,2021-09,2,2,1.0,1
16,2021-10,0,0,,0
16,2021-11,0,0,,0
16,2021-12,0,3,0.0,0
16,2022-01,0,0,,0
16,2022-02,0,1,0.0,0
16,2022-03,0,6,0.0,0
16,2022-04,0,0,,0
16,2022-05,1,2,0.5,0
16,2022-06,0,0,,0
16,2022-07,0,1,0.0,0
17,2019-01,0,1,0.0,0
17,2019-02,0,1,0.0,0
17,2019-03,0,2,0.0,0
17,2019-04,1,2,0.5,0
17,2019-05,0,0,,0
17,2019-06,0,0,,0
17,2019-07,1,2,0.5,0
17,2019-08,1,2,0.5,0
17,2019-09,1,3,0.3333,0
17,2019-10,0,2,0.0,0
17,2019-11,0,2,0.0,0
17,2019-12,2,2,1.0,1
17,2020-01,1,4,0.25,0
17,2020-02,0,2,0.0,0
17,2020-03,0,0,,0
17,2020-04,0,0,,0
17,2020-05,0,0,,0
17,2020-06,0,0,,0
17,2020-07,1,1,1.0,0
17,2020-08,0,1,0.0,0
17,2020-09,0,1,0.0,0
17,2020-10,0,0,,0
17,2020-11,0,0,,0
17,2020-12,0,0,,0
17,2021-01,0,2,0.0,0
17,2021-02,0,1,0.0,0
17,2021-03,0,0,,0
17,2021-04,0,0,,0
17,2021-05,0,0,,0
17,2021-06,0,0,,0
17,2021-07,0,0,,0
17,2021-08,0,0,,0
17,2021-09,0,0,,0
17,2021-10,0,1,0.0,0
17,2021-11,0,1,0.0,0
17,2021-12,0,1,0.0,0
17,2022-01,0,2,0.0,0
17,2022-02,0,0,,0
17,2022-03,0,3,0.0,0
17,2022-04,0,0,,0
17,2022-05,0,3,0.0,0
17,2022-06,0,0,,0
17,2022-07,0,1,0.0,0
18,2019-01,0,1,0.0,0
18,2019-02,0,5,0.0,0
18,2019-03,0,2,0.0,0
18,2019-04,0,2,0.0,0
18,2019-05,0,2,0.0,0
18,2019-06,1,2,0.5,0
18,2019-07,0,2,0.0,0
18,2019-08,0,4,0.0,0
18,2019-09,0,1,0.0,0
18,2019-10,1,4,0.25,0
18,2019-11,0,5,0.0,0
18,2019-12,1,4,0.25,0
18,2020-01,0,1,0.0,0
18,2020-02,0,2,0.0,0
18,2020-03,0,4,0.0,0
18,2020-04,0,1,0.0,0
18,2020-05,0,1,0.0,0
18,2020-06,0,0,,0
18,2020-07,0,0,,0
18,2020-08,0,1,0.0,0
18,2020-09,0,4,0.0,0
18,2020-10,0,3,0.0,0
18,2020-11,0,2,0.0,0
18,2020-12,0,4,0.0,0
18,2021-01,0,0,,0
18,2021-02,0,0,,0
18,2021-03,0,0,,0
18,2021-04,0,1,0.0,0
18,2021-05,0,4,0.0,0
18,2021-06,0,0,,0
18,2021-07,0,0,,0
18,2021-08,0,0,,0
18,2021-09,0,1,0.0,0
18,2021-10,0,0,,0
18,2021-11,0,0,,0
18,2021-12,0,0,,0
18,2022-01,0,0,,0
18,2022-02,1,1,1.0,0
18,2022-03,0,0,,0
18,2022-04,0,0,,0
18,2022-05,0,1,0.0,0
18,2022-06,0,0,,0
18,2022-07,0,0,,0
19,2019-01,0,0,,0
19,2019-02,0,1,0.0,0
19,2019-03,0,1,0.0,0
19,2019-04,0,4,0.0,0
19,2019-05,0,1,0.0,0
19,2019-06,0,0,,0
19,2019-07,0,2,0.0,0
19,2019-08,0,5,0.0,0
19,2019-09,0,1,0.0,0
19,2019-10,1,1,1.0,0
19,2019-11,0,0,,0
19,2019-12,0,1,0.0,0
19,2020-01,0,1,0.0,0
19,2020-02,0,1,0.0,0
19,2020-03,0,0,,0
19,2020-04,0,1,0.0,0
19,2020-05,1,3,0.3333,0
19,2020-06,0,0,,0
19,2020-07,0,2,0.0,0
19,2020-08,0,1,0.0,0
19,2020-09,0,0,,0
19,2020-10,0,1,0.0,0
19,2020-11,0,1,0.0,0
19,2020-12,0,1,0.0,0
19,2021-01,0,4,0.0,0
19,2021-02,1,1,1.0,0
19,2021-03,0,0,,0
19,2021-04,0,0,,0
19,2021-05,0,0,,0
19,2021-06,0,2,0.0,0
19,2021-07,0,1,0.0,0
19,2021-08,0,0,,0
19,2021-09,0,2,0.0,0
19,2021-10,0,0,,0
19,2021-11,0,0,,0
19,2021-12,0,0,,0
19,2022-01,0,0,,0
19,2022-02,0,0,,0
19,2022-03,0,2,0.0,0
19,2022-04,0,0,,0
19,2022-05,0,0,,0
19,2022-06,0,1,0.0,0
19,2022-07,0,0,,0
20,2019-01,0,0,,0
20,2019-02,0,1,0.0,0
20,2019-03,0,0,,0
20,2019-04,1,1,1.0,0
20,2019-05,0,2,0.0,0
20,2019-06,0,1,0.0,0
20,2019-07,0,3,0.0,0
20,2019-08,0,0,,0
20,2019-09,0,0,,0
20,2019-10,0,0,,0
20,2019-11,0,0,,0
20,2019-12,0,0,,0
20,2020-01,0,0,,0
20,2020-02,1,2,0.5,0
20,2020-03,0,1,0.0,0
20,2020-04,0,0,,0
20,2020-05,0,1,0.0,0
20,2020-06,0,0,,0
20,2020-07,0,1,0.0,0
20,2020-08,0,0,,0
20,2020-09,0,1,0.0,0
20,2020-10,1,2,0.5,0
20,2020-11,1,2,0.5,0
20,2020-12,2,3,0.6667,1
20,2021-01,1,3,0.3333,0
20,2021-02,0,0,,0
20,2021-03,0,0,,0
20,2021-04,0,0,,0
20,2021-05,0,0,,0
20,2021-06,0,1,0.0,0
20,2021-07,0,0,,0
20,2021-08,1,1,1.0,0
20,2021-09,0,0,,0
20,2021-10,0,0,,0
20,2021-11,0,0,,0
20,2021-12,0,0,,0
20,2022-01,0,0,,0
20,2022-02,0,0,,0
20,2022-03,0,3,0.0,0
20,2022-04,0,0,,0
20,2022-05,0,1,0.0,0
20,2022-06,2,2,1.0,1
20,2022-07,0,0,,0
21,2019-01,0,1,0.0,0
21,2019-02,0,0,,0
21,2019-03,0,2,0.0,0
21,2019-04,0,0,,0
21,2019-05,0,1,0.0,0
21,2019-06,0,6,0.0,0
21,2019-07,0,3,0.0,0
21,2019-08,0,6,0.0,0
21,2019-09,0,3,0.0,0
21,2019-10,3,5,0.6,1
21,2019-11,0,0,,0
21,2019-12,0,2,0.0,0
21,2020-01,0,5,0.0,0
21,2020-02,0,2,0.0,0
21,2020-03,0,0,,0
21,2020-04,0,2,0.0,0
21,2020-05,0,0,,0
21,2020-06,0,0,,0
21,2020-07,0,0,,0
21,2020-08,0,0,,0
21,2020-09,0,2,0.0,0
21,2020-10,0,0,,0
21,2020-11,0,1,0.0,0
21,2020-12,0,0,,0
21,2021-01,0,1,0.0,0
21,2021-02,0,1,0.0,0
21,2021-03,0,0,,0
21,2021-04,0,0,,0
21,2021-05,0,0,,0
21,2021-06,0,1,0.0,0
21,2021-07,0,0,,0
21,2021-08,0,0,,0
21,2021-09,0,1,0.0,0
21,2021-10,0,0,,0
21,2021-11,0,0,,0
21,2021-12,0,0,,0
21,2022-01,0,1,0.0,0
21,2022-02,0,0,,0
21,2022-03,0,0,,0
21,2022-04,0,1,0.0,0
21,2022-05,0,3,0.0,0
21,2022-06,0,0,,0
21,2022-07,0,0,,0
22,2019-01,0,3,0.0,0
22,2019-02,0,1,0.0,0
22,2019-03,0,2,0.0,0
22,2019-04,0,2,0.0,0
22,2019-05,0,1,0.0,0
22,2019-06,0,1,0.0,0
22,2019-07,0,0,,0
22,2019-08,1,3,0.3333,0
22,2019-09,2,7,0.2857,1
22,2019-10,1,9,0.1111,0
22,2019-11,2,7,0.2857,1
22,2019-12,2,3,0.6667,1
22,2020-01,1,2,0.5,0
22,2020-02,0,3,0.0,0
22,2020-03,0,2,0.0,0
22,2020-04,1,3,0.3333,0
22,2020-05,0,1,0.0,0
22,2020-06,0,0,,0
22,2020-07,0,1,0.0,0
22,2020-08,0,0,,0
22,2020-09,0,1,0.0,0
22,2020-10,0,0,,0
22,2020-11,0,3,0.0,0
22,2020-12,0,0,,0
22,2021-01,0,0,,0
22,2021-02,0,1,0.0,0
22,2021-03,0,2,0.0,0
22,2021-04,0,0,,0
22,2021-05,0,0,,0
22,2021-06,0,1,0.0,0
22,2021-07,1,4,0.25,0
22,2021-08,0,1,0.0,0
22,2021-09,0,0,,0
22,2021-10,0,1,0.0,0
22,2021-11,0,0,,0
22,2021-12,0,1,0.0,0
22,2022-01,0,0,,0
22,2022-02,0,0,,0
22,2022-03,0,1,0.0,0
22,2022-04,0,0,,0
22,2022-05,0,0,,0
22,2022-06,0,1,0.0,0
22,2022-07,0,0,,0
23,2019-01,0,3,0.0,0
23,2019-02,0,0,,0
23,2019-03,0,1,0.0,0
23,2019-04,0,3,0.0,0
23,2019-05,1,2,0.5,0
23,2019-06,0,0,,0
23,2019-07,0,2,0.0,0
23,2019-08,0,1,0.0,0
23,2019-09,1,1,1.0,0
23,2019-10,1,4,0.25,0
23,2019-11,0,0,,0
23,2019-12,0,0,,0
23,2020-01,0,1,0.0,0
23,2020-02,1,2,0.5,0
23,2020-03,0,0,,0
23,2020-04,0,2,0.0,0
23,2020-05,0,0,,0
23,2020-06,0,0,,0
23,2020-07,0,1,0.0,0
23,2020-08,0,1,0.0,0
23,2020-09,0,1,0.0,0
23,2020-10,0,0,,0
23,2020-11,0,1,0.0,0
23,2020-12,0,1,0.0,0
23,2021-01,0,0,,0
23,2021-02,0,1,0.0,0
23,2021-03,0,2,0.0,0
23,2021-04,0,0,,0
23,2021-05,0,1,0.0,0
23,2021-06,0,0,,0
23,2021-07,0,0,,0
23,2021-08,0,0,,0
23,2021-09,0,1,0.0,0
23,2021-10,0,0,,0
23,2021-11,0,1,0.0,0
23,2021-12,0,0,,0
23,2022-01,0,0,,0
23,2022-02,0,2,0.0,0
23,2022-03,0,0,,0
23,2022-04,0,1,0.0,0
23,2022-05,0,0,,0
23,2022-06,0,0,,0
23,2022-07,0,1,0.0,0
24,2019-01,1,4,0.25,0
24,2019-02,0,7,0.0,0
24,2019-03,0,4,0.0,0
24,2019-04,1,4,0.25,0
24,2019-05,1,7,0.1429,0
24,2019-06,1,6,0.1667,0
24,2019-07,1,6,0.1667,0
24,2019-08,3,5,0.6,1
24,2019-09,0,5,0.0,0
24,2019-10,2,8,0.25,1
24,2019-11,1,6,0.1667,0
24,2019-12,1,6,0.1667,0
24,2020-01,0,12,0.0,0
24,2020-02,1,8,0.125,0
24,2020-03,0,7,0.0,0
24,2020-04,0,1,0.0,0
24,2020-05,1,5,0.2,0
24,2020-06,0,0,,0
24,2020-07,0,0,,0
24,2020-08,0,2,0.0,0
24,2020-09,0,5,0.0,0
24,2020-10,0,3,0.0,0
24,2020-11,1,2,0.5,0
24,2020-12,2,5,0.4,1
24,2021-01,1,10,0.1,0
24,2021-02,0,3,0.0,0
24,2021-03,0,4,0.0,0
24,2021-04,0,0,,0
24,2021-05,0,2,0.0,0
24,2021-06,0,5,0.0,0
24,2021-07,0,4,0.0,0
24,2021-08,2,2,1.0,1
24,2021-09,0,0,,0
24,2021-10,0,0,,0
24,2021-11,0,2,0.0,0
24,2021-12,1,3,0.3333,0
24,2022-01,1,3,0.3333,0
24,2022-02,0,1,0.0,0
24,2022-03,0,5,0.0,0
24,2022-04,0,1,0.0,0
24,2022-05,0,3,0.0,0
24,2022-06,1,6,0.1667,0
24,2022-07,0,0,,0
25,2019-01,0,10,0.0,0
25,2019-02,1,7,0.1429,0
25,2019-03,1,14,0.0714,0
25,2019-04,3,18,0.1667,0
25,2019-05,11,26,0.4231,1
25,2019-06,3,14,0.2143,0
25,2019-07,2,18,0.1111,0
25,2019-08,7,28,0.25,1
25,2019-09,8,36,0.2222,1
25,2019-10,11,31,0.3548,1
25,2019-11,0,15,0.0,0
25,2019-12,5,14,0.3571,1
25,2020-01,2,18,0.1111,0
25,2020-02,3,18,0.1667,0
25,2020-03,4,22,0.1818,1
25,2020-04,0,9,0.0,0
25,2020-05,0,4,0.0,0
25,2020-06,6,20,0.3,1
25,2020-07,2,6,0.3333,0
25,2020-08,4,9,0.4444,1
25,2020-09,3,10,0.3,0
25,2020-10,1,8,0.125,0
25,2020-11,2,7,0.2857,0
25,2020-12,4,10,0.4,1
25,2021-01,1,4,0.25,0
25,2021-02,1,7,0.1429,0
25,2021-03,2,8,0.25,0
25,2021-04,3,7,0.4286,0
25,2021-05,0,3,0.0,0
25,2021-06,0,7,0.0,0
25,2021-07,0,9,0.0,0
25,2021-08,1,10,0.1,0
25,2021-09,1,9,0.1111,0
25,2021-10,1,8,0.125,0
25,2021-11,2,16,0.125,0
25,2021-12,1,4,0.25,0
25,2022-01,0,3,0.0,0
25,2022-02,0,3,0.0,0
25,2022-03,0,8,0.0,0
25,2022-04,0,9,0.0,0
25,2022-05,0,3,0.0,0
25,2022-06,1,4,0.25,0
25,2022-07,0,3,0.0,0
26,2019-01,2,8,0.25,0
26,2019-02,0,6,0.0,0
26,2019-03,0,4,0.0,0
26,2019-04,0,12,0.0,0
26,2019-05,2,7,0.2857,0
26,2019-06,4,13,0.3077,1
26,2019-07,0,10,0.0,0
26,2019-08,1,15,0.0667,0
26,2019-09,1,13,0.0769,0
26,2019-10,3,17,0.1765,1
26,2019-11,2,14,0.1429,0
26,2019-12,0,4,0.0,0
26,2020-01,1,15,0.0667,0
26,2020-02,0,10,0.0,0
26,2020-03,0,9,0.0,0
26,2020-04,0,3,0.0,0
26,2020-05,0,1,0.0,0
26,2020-06,0,2,0.0,0
26,2020-07,0,3,0.0,0
26,2020-08,6,9,0.6667,1
26,2020-09,1,1,1.0,0
26,2020-10,0,2,0.0,0
26,2020-11,1,4,0.25,0
26,2020-12,1,7,0.1429,0
26,2021-01,0,4,0.0,0
26,2021-02,1,1,1.0,0
26,2021-03,0,1,0.0,0
26,2021-04,0,0,,0
26,2021-05,0,5,0.0,0
26,2021-06,0,0,,0
26,2021-07,1,5,0.2,0
26,2021-08,0,0,,0
26,2021-09,0,1,0.0,0
26,2021-10,1,1,1.0,0
26,2021-11,1,6,0.1667,0
26,2021-12,0,4,0.0,0
26,2022-01,0,0,,0
26,2022-02,0,4,0.0,0
26,2022-03,0,5,0.0,0
26,2022-04,0,0,,0
26,2022-05,0,2,0.0,0
26,2022-06,1,1,1.0,0
26,2022-07,0,3,0.0,0
27,2019-01,0,4,0.0,0
27,2019-02,2,6,0.3333,1
27,2019-03,1,8,0.125,0
27,2019-04,0,5,0.0,0
27,2019-05,0,9,0.0,0
27,2019-06,1,2,0.5,0
27,2019-07,0,7,0.0,0
27,2019-08,0,4,0.0,0
27,2019-09,1,6,0.1667,0
27,2019-10,1,11,0.0909,0
27,2019-11,0,7,0.0,0
27,2019-12,0,3,0.0,0
27,2020-01,0,3,0.0,0
27,2020-02,0,6,0.0,0
27,2020-03,0,5,0.0,0
27,2020-04,0,0,,0
27,2020-05,0,3,0.0,0
27,2020-06,0,3,0.0,0
27,2020-07,0,2,0.0,0
27,2020-08,0,4,0.0,0
27,2020-09,0,5,0.0,0
27,2020-10,0,5,0.0,0
27,2020-11,0,6,0.0,0
27,2020-12,0,13,0.0,0
27,2021-01,0,6,0.0,0
27,2021-02,0,1,0.0,0
27,2021-03,0,2,0.0,0
27,2021-04,0,1,0.0,0
27,2021-05,0,1,0.0,0
27,2021-06,0,1,0.0,0
27,2021-07,0,0,,0
27,2021-08,0,1,0.0,0
27,2021-09,0,1,0.0,0
27,2021-10,1,5,0.2,0
27,2021-11,1,4,0.25,0
27,2021-12,0,5,0.0,0
27,2022-01,0,2,0.0,0
27,2022-02,0,0,,0
27,2022-03,0,7,0.0,0
27,2022-04,0,1,0.0,0
27,2022-05,1,3,0.3333,0
27,2022-06,1,2,0.5,0
27,2022-07,0,1,0.0,0
28,2019-01,1,1,1.0,0
28,2019-02,1,5,0.2,0
28,2019-03,0,1,0.0,0
28,2019-04,0,1,0.0,0
28,2019-05,0,1,0.0,0
28,2019-06,2,7,0.2857,1
28,2019-07,0,1,0.0,0
28,2019-08,0,1,0.0,0
28,2019-09,0,0,,0
28,2019-10,0,0,,0
28,2019-11,2,3,0.6667,1
28,2019-12,0,0,,0
28,2020-01,0,0,,0
28,2020-02,0,0,,0
28,2020-03,1,2,0.5,0
28,2020-04,0,0,,0
28,2020-05,0,1,0.0,0
28,2020-06,0,0,,0
28,2020-07,0,1,0.0,0
28,2020-08,0,1,0.0,0
28,2020-09,0,0,,0
28,2020-10,0,1,0.0,0
28,2020-11,0,0,,0
28,2020-12,0,1,0.0,0
28,2021-01,1,1,1.0,0
28,2021-02,0,0,,0
28,2021-03,0,0,,0
28,2021-04,0,0,,0
28,2021-05,0,0,,0
28,2021-06,0,0,,0
28,2021-07,0,1,0.0,0
28,2021-08,0,1,0.0,0
28,2021-09,1,4,0.25,0
28,2021-10,0,2,0.0,0
28,2021-11,1,2,0.5,0
28,2021-12,0,0,,0
28,2022-01,1,2,0.5,0
28,2022-02,0,0,,0
28,2022-03,0,2,0.0,0
28,2022-04,0,0,,0
28,2022-05,0,1,0.0,0
28,2022-06,0,1,0.0,0
28,2022-07,0,0,,0
29,2019-01,0,1,0.0,0
29,2019-02,0,0,,0
29,2019-03,0,5,0.0,0
29,2019-04,1,1,1.0,0
29,2019-05,0,1,0.0,0
29,2019-06,3,7,0.4286,1
29,2019-07,0,3,0.0,0
29,2019-08,0,3,0.0,0
29,2019-09,0,1,0.0,0
29,2019-10,0,5,0.0,0
29,2019-11,0,1,0.0,0
29,2019-12,0,0,,0
29,2020-01,0,0,,0
29,2020-02,0,5,0.0,0
29,2020-03,0,5,0.0,0
29,2020-04,0,0,,0
29,2020-05,0,2,0.0,0
29,2020-06,0,3,0.0,0
29,2020-07,0,0,,0
29,2020-08,0,4,0.0,0
29,2020-09,0,2,0.0,0
29,2020-10,0,3,0.0,0
29,2020-11,0,1,0.0,0
29,2020-12,0,1,0.0,0
29,2021-01,0,2,0.0,0
29,2021-02,0,0,,0
29,2021-03,0,1,0.0,0
29,2021-04,0,0,,0
29,2021-05,0,1,0.0,0
29,2021-06,0,0,,0
29,2021-07,0,0,,0
29,2021-08,0,0,,0
29,2021-09,0,3,0.0,0
29,2021-10,0,0,,0
29,2021-11,0,0,,0
29,2021-12,0,1,0.0,0
29,2022-01,0,1,0.0,0
29,2022-02,0,0,,0
29,2022-03,0,0,,0
29,2022-04,0,1,0.0,0
29,2022-05,0,1,0.0,0
29,2022-06,0,2,0.0,0
29,2022-07,0,0,,0
30,2019-01,0,0,,0
30,2019-02,0,0,,0
30,2019-03,0,0,,0
30,2019-04,0,0,,0
30,2019-05,0,0,,0
30,2019-06,0,1,0.0,0
30,2019-07,0,0,,0
30,2019-08,0,1,0.0,0
30,2019-09,0,0,,0
30,2019-10,0,0,,0
30,2019-11,0,0,,0
30,2019-12,0,0,,0
30,2020-01,0,0,,0
30,2020-02,0,0,,0
30,2020-03,0,0,,0
30,2020-04,0,0,,0
30,2020-05,0,0,,0
30,2020-06,0,0,,0
30,2020-07,0,0,,0
30,2020-08,0,0,,0
30,2020-09,0,0,,0
30,2020-10,0,0,,0
30,2020-11,0,0,,0
30,2020-12,0,0,,0
30,2021-01,0,0,,0
30,2021-02,0,0,,0
30,2021-03,0,0,,0
30,2021-04,0,0,,0
30,2021-05,0,0,,0
30,2021-06,0,0,,0
30,2021-07,0,0,,0
30,2021-08,0,0,,0
30,2021-09,0,1,0.0,0
30,2021-10,0,0,,0
30,2021-11,0,0,,0
30,2021-12,0,0,,0
30,2022-01,0,0,,0
30,2022-02,0,0,,0
30,2022-03,0,1,0.0,0
30,2022-04,0,0,,0
30,2022-05,0,0,,0
30,2022-06,0,0,,0
30,2022-07,0,0,,0
31,2019-01,0,0,,0
31,2019-02,0,0,,0
31,2019-03,0,2,0.0,0
31,2019-04,0,0,,0
31,2019-05,0,0,,0
31,2019-06,0,0,,0
31,2019-07,0,0,,0
31,2019-08,0,1,0.0,0
31,2019-09,0,1,0.0,0
31,2019-10,0,0,,0
31,2019-11,1,2,0.5,1
31,2019-12,0,0,,0
31,2020-01,0,0,,0
31,2020-02,0,0,,0
31,2020-03,0,0,,0
31,2020-04,0,1,0.0,0
31,2020-05,0,1,0.0,0
31,2020-06,0,0,,0
31,2020-07,0,0,,0
31,2020-08,0,0,,0
31,2020-09,0,0,,0
31,2020-10,0,0,,0
31,2020-11,0,0,,0
31,2020-12,0,1,0.0,0
31,2021-01,0,0,,0
31,2021-02,0,1,0.0,0
31,2021-03,0,2,0.0,0
31,2021-04,0,0,,0
31,2021-05,0,1,0.0,0
31,2021-06,0,0,,0
31,2021-07,0,0,,0
31,2021-08,0,0,,0
31,2021-09,0,0,,0
31,2021-10,0,0,,0
31,2021-11,0,0,,0
31,2021-12,0,0,,0
31,2022-01,0,0,,0
31,2022-02,0,0,,0
31,2022-03,0,0,,0
31,2022-04,0,2,0.0,0
31,2022-05,0,2,0.0,0
31,2022-06,0,0,,0
31,2022-07,0,0,,0
32,2019-01,0,4,0.0,0
32,2019-02,0,3,0.0,0
32,2019-03,0,2,0.0,0
32,2019-04,0,0,,0
32,2019-05,0,0,,0
32,2019-06,0,4,0.0,0
32,2019-07,1,6,0.1667,0
32,2019-08,0,2,0.0,0
32,2019-09,0,4,0.0,0
32,2019-10,1,2,0.5,0
32,2019-11,3,7,0.4286,1
32,2019-12,0,4,0.0,0
32,2020-01,0,1,0.0,0
32,2020-02,0,3,0.0,0
32,2020-03,0,2,0.0,0
32,2020-04,0,1,0.0,0
32,2020-05,0,5,0.0,0
32,2020-06,0,1,0.0,0
32,2020-07,0,6,0.0,0
32,2020-08,0,1,0.0,0
32,2020-09,0,1,0.0,0
32,2020-10,1,2,0.5,0
32,2020-11,0,1,0.0,0
32,2020-12,0,5,0.0,0
32,2021-01,1,2,0.5,0
32,2021-02,0,2,0.0,0
32,2021-03,0,3,0.0,0
32,2021-04,0,3,0.0,0
32,2021-05,1,3,0.3333,0
32,2021-06,0,2,0.0,0
32,2021-07,0,1,0.0,0
32,2021-08,0,0,,0
32,2021-09,0,1,0.0,0
32,2021-10,0,0,,0
32,2021-11,0,0,,0
32,2021-12,0,0,,0
32,2022-01,0,0,,0
32,2022-02,0,0,,0
32,2022-03,0,1,0.0,0
32,2022-04,0,1,0.0,0
32,2022-05,0,0,,0
32,2022-06,0,1,0.0,0
32,2022-07,0,0,,0
33,2019-01,0,0,,0
33,2019-02,0,0,,0
33,2019-03,0,1,0.0,0
33,2019-04,1,4,0.25,0
33,2019-05,0,0,,0
33,2019-06,0,2,0.0,0
33,2019-07,0,5,0.0,0
33,2019-08,0,4,0.0,0
33,2019-09,0,3,0.0,0
33,2019-10,0,1,0.0,0
33,2019-11,0,1,0.0,0
33,2019-12,0,0,,0
33,2020-01,0,3,0.0,0
33,2020-02,0,0,,0
33,2020-03,0,0,,0
33,2020-04,0,0,,0
33,2020-05,0,2,0.0,0
33,2020-06,0,0,,0
33,2020-07,0,1,0.0,0
33,2020-08,0,2,0.0,0
33,2020-09,0,1,0.0,0
33,2020-10,0,1,0.0,0
33,2020-11,0,0,,0
33,2020-12,0,0,,0
33,2021-01,0,6,0.0,0
33,2021-02,0,2,0.0,0
33,2021-03,0,0,,0
33,2021-04,0,0,,0
33,2021-05,0,3,0.0,0
33,2021-06,0,0,,0
33,2021-07,0,0,,0
33,2021-08,0,0,,0
33,2021-09,0,0,,0
33,2021-10,0,1,0.0,0
33,2021-11,0,1,0.0,0
33,2021-12,0,0,,0
33,2022-01,0,1,0.0,0
33,2022-02,0,1,0.0,0
33,2022-03,0,1,0.0,0
33,2022-04,0,0,,0
33,2022-05,0,0,,0
33,2022-06,0,0,,0
33,2022-07,0,0,,0
34,2019-01,0,0,,0
34,2019-02,0,0,,0
34,2019-03,0,0,,0
34,2019-04,0,0,,0
34,2019-05,0,1,0.0,0
34,2019-06,0,1,0.0,0
34,2019-07,0,6,0.0,0
34,2019-08,0,2,0.0,0
34,2019-09,0,0,,0
34,2019-10,0,0,,0
34,2019-11,1,1,1.0,0
34,2019-12,0,0,,0
34,2020-01,0,2,0.0,0
34,2020-02,0,0,,0
34,2020-03,0,0,,0
34,2020-04,0,0,,0
34,2020-05,0,0,,0
34,2020-06,0,0,,0
34,2020-07,0,0,,0
34,2020-08,0,0,,0
34,2020-09,0,2,0.0,0
34,2020-10,0,0,,0
34,2020-11,0,0,,0
34,2020-12,0,3,0.0,0
34,2021-01,0,1,0.0,0
34,2021-02,0,0,,0
34,2021-03,0,0,,0
34,2021-04,0,0,,0
34,2021-05,0,0,,0
34,2021-06,0,0,,0
34,2021-07,0,0,,0
34,2021-08,0,1,0.0,0
34,2021-09,0,0,,0
34,2021-10,0,1,0.0,0
34,2021-11,0,0,,0
34,2021-12,0,1,0.0,0
34,2022-01,0,0,,0
34,2022-02,0,0,,0
34,2022-03,0,0,,0
34,2022-04,0,0,,0
34,2022-05,0,0,,0
34,2022-06,0,1,0.0,0
34,2022-07,0,0,,0
35,2019-01,0,0,,0
35,2019-02,0,0,,0
35,2019-03,3,21,0.1429,1
35,2019-04,0,0,,0
35,2019-05,0,2,0.0,0
35,2019-06,0,2,0.0,0
35,2019-07,0,0,,0
35,2019-08,0,1,0.0,0
35,2019-09,1,3,0.3333,0
35,2019-10,2,3,0.6667,0
35,2019-11,0,3,0.0,0
35,2019-12,0,0,,0
35,2020-01,1,3,0.3333,0
35,2020-02,0,1,0.0,0
35,2020-03,0,4,0.0,0
35,2020-04,0,0,,0
35,2020-05,0,2,0.0,0
35,2020-06,0,0,,0
35,2020-07,0,0,,0
35,2020-08,0,1,0.0,0
35,2020-09,0,0,,0
35,2020-10,1,2,0.5,0
35,2020-11,0,1,0.0,0
35,2020-12,0,3,0.0,0
35,2021-01,0,2,0.0,0
35,2021-02,0,1,0.0,0
35,2021-03,1,1,1.0,0
35,2021-04,0,0,,0
35,2021-05,0,0,,0
35,2021-06,0,0,,0
35,2021-07,0,0,,0
35,2021-08,0,0,,0
35,2021-09,0,0,,0
35,2021-10,0,0,,0
35,2021-11,0,1,0.0,0
35,2021-12,0,0,,0
35,2022-01,0,0,,0
35,2022-02,0,0,,0
35,2022-03,0,2,0.0,0
35,2022-04,0,0,,0
35,2022-05,0,0,,0
35,2022-06,0,0,,0
35,2022-07,0,0,,0
36,2019-01,0,0,,0
36,2019-02,0,0,,0
36,2019-03,2,13,0.1538,1
36,2019-04,0,0,,0
36,2019-05,0,0,,0
36,2019-06,0,2,0.0,0
36,2019-07,0,1,0.0,0
36,2019-08,0,0,,0
36,2019-09,0,0,,0
36,2019-10,0,0,,0
36,2019-11,0,1,0.0,0
36,2019-12,0,0,,0
36,2020-01,0,0,,0
36,2020-02,0,0,,0
36,2020-03,0,1,0.0,0
36,2020-04,0,0,,0
36,2020-05,0,2,0.0,0
36,2020-06,0,0,,0
36,2020-07,0,0,,0
36,2020-08,0,0,,0
36,2020-09,0,0,,0
36,2020-10,0,0,,0
36,2020-11,0,1,0.0,0
36,2020-12,0,0,,0
36,2021-01,0,0,,0
36,2021-02,0,0,,0
36,2021-03,0,0,,0
36,2021-04,0,0,,0
36,2021-05,0,0,,0
36,2021-06,0,0,,0
36,2021-07,0,0,,0
36,2021-08,1,1,1.0,0
36,2021-09,0,0,,0
36,2021-10,0,2,0.0,0
36,2021-11,0,1,0.0,0
36,2021-12,0,0,,0
36,2022-01,0,0,,0
36,2022-02,0,1,0.0,0
36,2022-03,0,1,0.0,0
36,2022-04,0,0,,0
36,2022-05,0,0,,0
36,2022-06,0,1,0.0,0
36,2022-07,0,1,0.0,0
37,2019-01,0,0,,0
37,2019-02,0,0,,0
37,2019-03,0,0,,0
37,2019-04,0,0,,0
37,2019-05,0,0,,0
37,2019-06,0,0,,0
37,2019-07,0,0,,0
37,2019-08,0,0,,0
37,2019-09,0,0,,0
37,2019-10,0,0,,0
37,2019-11,0,0,,0
37,2019-12,0,0,,0
37,2020-01,0,0,,0
37,2020-02,0,0,,0
37,2020-03,0,1,0.0,0
37,2020-04,0,0,,0
37,2020-05,0,0,,0
37,2020-06,0,0,,0
37,2020-07,0,0,,0
37,2020-08,0,0,,0
37,2020-09,0,0,,0
37,2020-10,0,0,,0
37,2020-11,0,1,0.0,0
37,2020-12,0,1,0.0,0
37,2021-01,0,0,,0
37,2021-02,0,1,0.0,0
37,2021-03,0,0,,0
37,2021-04,0,0,,0
37,2021-05,0,0,,0
37,2021-06,0,0,,0
37,2021-07,0,0,,0
37,2021-08,0,0,,0
37,2021-09,0,0,,0
37,2021-10,0,0,,0
37,2021-11,0,0,,0
37,2021-12,0,0,,0
37,2022-01,0,0,,0
37,2022-02,0,1,0.0,0
37,2022-03,0,1,0.0,0
37,2022-04,0,0,,0
37,2022-05,0,0,,0
37,2022-06,0,2,0.0,0
37,2022-07,0,0,,0
38,2019-01,0,2,0.0,0
38,2019-02,0,0,,0
38,2019-03,0,0,,0
38,2019-04,0,1,0.0,0
38,2019-05,0,1,0.0,0
38,2019-06,0,0,,0
38,2019-07,0,1,0.0,0
38,2019-08,0,3,0.0,0
38,2019-09,0,0,,0
38,2019-10,1,1,1.0,0
38,2019-11,0,0,,0
38,2019-12,1,3,0.3333,0
38,2020-01,2,2,1.0,1
38,2020-02,0,1,0.0,0
38,2020-03,0,0,,0
38,2020-04,0,0,,0
38,2020-05,0,0,,0
38,2020-06,0,0,,0
38,2020-07,0,0,,0
38,2020-08,1,1,1.0,0
38,2020-09,0,1,0.0,0
38,2020-10,0,0,,0
38,2020-11,0,1,0.0,0
38,2020-12,0,2,0.0,0
38,2021-01,0,2,0.0,0
38,2021-02,0,5,0.0,0
38,2021-03,0,0,,0
38,2021-04,0,0,,0
38,2021-05,0,0,,0
38,2021-06,0,0,,0
38,2021-07,0,0,,0
38,2021-08,1,1,1.0,0
38,2021-09,0,0,,0
38,2021-10,3,3,1.0,1
38,2021-11,0,0,,0
38,2021-12,0,0,,0
38,2022-01,0,1,0.0,0
38,2022-02,0,1,0.0,0
38,2022-03,1,10,0.1,0
38,2022-04,0,0,,0
38,2022-05,0,2,0.0,0
38,2022-06,0,0,,0
38,2022-07,0,1,0.0,0
39,2019-01,0,0,,0
39,2019-02,0,0,,0
39,2019-03,0,1,0.0,0
39,2019-04,0,1,0.0,0
39,2019-05,0,0,,0
39,2019-06,0,0,,0
39,2019-07,0,0,,0
39,2019-08,0,2,0.0,0
39,2019-09,0,0,,0
39,2019-10,1,1,1.0,0
39,2019-11,0,0,,0
39,2019-12,0,0,,0
39,2020-01,0,0,,0
39,2020-02,0,1,0.0,0
39,2020-03,0,0,,0
39,2020-04,0,1,0.0,0
39,2020-05,0,1,0.0,0
39,2020-06,0,0,,0
39,2020-07,0,0,,0
39,2020-08,0,0,,0
39,2020-09,0,1,0.0,0
39,2020-10,0,0,,0
39,2020-11,0,0,,0
39,2020-12,0,0,,0
39,2021-01,0,0,,0
39,2021-02,0,0,,0
39,2021-03,0,0,,0
39,2021-04,0,0,,0
39,2021-05,0,0,,0
39,2021-06,0,1,0.0,0
39,2021-07,0,0,,0
39,2021-08,0,0,,0
39,2021-09,0,0,,0
39,2021-10,0,0,,0
39,2021-11,0,0,,0
39,2021-12,0,0,,0
39,2022-01,0,0,,0
39,2022-02,0,0,,0
39,2022-03,0,1,0.0,0
39,2022-04,0,0,,0
39,2022-05,0,1,0.0,0
39,2022-06,0,0,,0
39,2022-07,0,0,,0
40,2019-01,0,0,,0
40,2019-02,0,0,,0
40,2019-03,0,0,,0
40,2019-04,1,1,1.0,0
40,2019-05,0,1,0.0,0
40,2019-06,0,1,0.0,0
40,2019-07,0,0,,0
40,2019-08,0,1,0.0,0
40,2019-09,1,1,1.0,0
40,2019-10,1,1,1.0,0
40,2019-11,0,2,0.0,0
40,2019-12,0,2,0.0,0
40,2020-01,0,0,,0
40,2020-02,0,0,,0
40,2020-03,0,1,0.0,0
40,2020-04,0,1,0.0,0
40,2020-05,1,1,1.0,0
40,2020-06,0,0,,0
40,2020-07,0,1,0.0,0
40,2020-08,0,1,0.0,0
40,2020-09,0,2,0.0,0
40,2020-10,2,3,0.6667,0
40,2020-11,0,2,0.0,0
40,2020-12,0,5,0.0,0
40,2021-01,1,2,0.5,0
40,2021-02,0,0,,0
40,2021-03,0,0,,0
40,2021-04,0,0,,0
40,2021-05,0,2,0.0,0
40,2021-06,0,0,,0
40,2021-07,0,2,0.0,0
40,2021-08,0,1,0.0,0
40,2021-09,0,0,,0
40,2021-10,0,0,,0
40,2021-11,0,3,0.0,0
40,2021-12,0,1,0.0,0
40,2022-01,0,1,0.0,0
40,2022-02,0,0,,0
40,2022-03,0,2,0.0,0
40,2022-04,0,0,,0
40,2022-05,0,0,,0
40,2022-06,0,1,0.0,0
40,2022-07,0,0,,0
41,2019-01,0,0,,0
41,2019-02,1,1,1.0,0
41,2019-03,0,1,0.0,0
41,2019-04,0,0,,0
41,2019-05,0,1,0.0,0
41,2019-06,1,2,0.5,0
41,2019-07,0,0,,0
41,2019-08,0,0,,0
41,2019-09,0,1,0.0,0
41,2019-10,0,0,,0
41,2019-11,0,0,,0
41,2019-12,0,0,,0
41,2020-01,0,0,,0
41,2020-02,0,0,,0
41,2020-03,0,1,0.0,0
41,2020-04,0,0,,0
41,2020-05,0,0,,0
41,2020-06,0,0,,0
41,2020-07,0,1,0.0,0
41,2020-08,0,0,,0
41,2020-09,0,0,,0
41,2020-10,0,0,,0
41,2020-11,0,2,0.0,0
41,2020-12,0,0,,0
41,2021-01,0,1,0.0,0
41,2021-02,0,0,,0
41,2021-03,0,1,0.0,0
41,2021-04,0,1,0.0,0
41,2021-05,0,0,,0
41,2021-06,0,2,0.0,0
41,2021-07,0,0,,0
41,2021-08,0,0,,0
41,2021-09,0,1,0.0,0
41,2021-10,0,0,,0
41,2021-11,0,1,0.0,0
41,2021-12,0,0,,0
41,2022-01,0,0,,0
41,2022-02,0,0,,0
41,2022-03,0,0,,0
41,2022-04,0,0,,0
41,2022-05,0,0,,0
41,2022-06,0,0,,0
41,2022-07,0,0,,0
42,2019-01,0,1,0.0,0
42,2019-02,0,0,,0
42,2019-03,0,0,,0
42,2019-04,0,1,0.0,0
42,2019-05,0,1,0.0,0
42,2019-06,0,2,0.0,0
42,2019-07,0,2,0.0,0
42,2019-08,0,0,,0
42,2019-09,3,6,0.5,1
42,2019-10,0,0,,0
42,2019-11,0,0,,0
42,2019-12,0,0,,0
42,2020-01,0,0,,0
42,2020-02,0,0,,0
42,2020-03,3,3,1.0,1
42,2020-04,0,0,,0
42,2020-05,0,0,,0
42,2020-06,0,0,,0
42,2020-07,1,1,1.0,0
42,2020-08,0,0,,0
42,2020-09,0,0,,0
42,2020-10,0,0,,0
42,2020-11,0,0,,0
42,2020-12,0,0,,0
42,2021-01,0,0,,0
42,2021-02,0,3,0.0,0
42,2021-03,0,0,,0
42,2021-04,0,0,,0
42,2021-05,0,0,,0
42,2021-06,0,0,,0
42,2021-07,0,0,,0
42,2021-08,0,0,,0
42,2021-09,0,0,,0
42,2021-10,0,0,,0
42,2021-11,0,1,0.0,0
42,2021-12,0,0,,0
42,2022-01,0,0,,0
42,2022-02,0,0,,0
42,2022-03,0,0,,0
42,2022-04,0,0,,0
42,2022-05,0,0,,0
42,2022-06,0,1,0.0,0
42,2022-07,1,1,1.0,0
43,2019-01,0,0,,0
43,2019-02,0,0,,0
43,2019-03,0,1,0.0,0
43,2019-04,0,0,,0
43,2019-05,0,0,,0
43,2019-06,0,0,,0
43,2019-07,0,0,,0
43,2019-08,0,4,0.0,0
43,2019-09,0,0,,0
43,2019-10,0,0,,0
43,2019-11,0,0,,0
43,2019-12,0,0,,0
43,2020-01,0,0,,0
43,2020-02,0,0,,0
43,2020-03,0,0,,0
43,2020-04,0,0,,0
43,2020-05,0,2,0.0,0
43,2020-06,0,0,,0
43,2020-07,0,0,,0
43,2020-08,0,1,0.0,0
43,2020-09,0,0,,0
43,2020-10,0,0,,0
43,2020-11,0,0,,0
43,2020-12,0,0,,0
43,2021-01,0,0,,0
43,2021-02,0,0,,0
43,2021-03,0,1,0.0,0
43,2021-04,0,1,0.0,0
43,2021-05,0,0,,0
43,2021-06,0,1,0.0,0
43,2021-07,0,0,,0
43,2021-08,0,1,0.0,0
43,2021-09,0,0,,0
43,2021-10,0,0,,0
43,2021-11,0,1,0.0,0
43,2021-12,0,0,,0
43,2022-01,0,0,,0
43,2022-02,0,0,,0
43,2022-03,0,1,0.0,0
43,2022-04,0,0,,0
43,2022-05,0,0,,0
43,2022-06,0,0,,0
43,2022-07,0,0,,0
44,2019-01,0,1,0.0,0
44,2019-02,0,1,0.0,0
44,2019-03,0,8,0.0,0
44,2019-04,0,2,0.0,0
44,2019-05,0,2,0.0,0
44,2019-06,0,0,,0
44,2019-07,0,1,0.0,0
44,2019-08,0,1,0.0,0
44,2019-09,0,0,,0
44,2019-10,1,1,1.0,0
44,2019-11,0,0,,0
44,2019-12,0,0,,0
44,2020-01,2,3,0.6667,1
44,2020-02,0,0,,0
44,2020-03,2,2,1.0,1
44,2020-04,0,0,,0
44,2020-05,0,0,,0
44,2020-06,0,0,,0
44,2020-07,0,0,,0
44,2020-08,0,0,,0
44,2020-09,0,1,0.0,0
44,2020-10,0,0,,0
44,2020-11,0,0,,0
44,2020-12,0,0,,0
44,2021-01,0,3,0.0,0
44,2021-02,0,0,,0
44,2021-03,0,0,,0
44,2021-04,0,0,,0
44,2021-05,0,0,,0
44,2021-06,0,0,,0
44,2021-07,0,0,,0
44,2021-08,0,0,,0
44,2021-09,0,2,0.0,0
44,2021-10,0,0,,0
44,2021-11,0,1,0.0,0
44,2021-12,0,0,,0
44,2022-01,0,0,,0
44,2022-02,0,0,,0
44,2022-03,0,0,,0
44,2022-04,0,0,,0
44,2022-05,0,0,,0
44,2022-06,0,0,,0
44,2022-07,0,0,,0
45,2019-01,0,0,,0
45,2019-02,0,0,,0
45,2019-03,0,0,,0
45,2019-04,0,0,,0
45,2019-05,0,1,0.0,0
45,2019-06,0,3,0.0,0
45,2019-07,0,0,,0
45,2019-08,1,3,0.3333,0
45,2019-09,1,4,0.25,0
45,2019-10,0,0,,0
45,2019-11,0,3,0.0,0
45,2019-12,0,2,0.0,0
45,2020-01,1,1,1.0,0
45,2020-02,0,4,0.0,0
45,2020-03,0,3,0.0,0
45,2020-04,0,0,,0
45,2020-05,2,4,0.5,1
45,2020-06,0,1,0.0,0
45,2020-07,0,0,,0
45,2020-08,0,0,,0
45,2020-09,0,2,0.0,0
45,2020-10,0,2,0.0,0
45,2020-11,0,1,0.0,0
45,2020-12,0,5,0.0,0
45,2021-01,0,3,0.0,0
45,2021-02,0,1,0.0,0
45,2021-03,0,0,,0
45,2021-04,0,1,0.0,0
45,2021-05,0,0,,0
45,2021-06,0,1,0.0,0
45,2021-07,0,1,0.0,0
45,2021-08,0,0,,0
45,2021-09,0,0,,0
45,2021-10,0,2,0.0,0
45,2021-11,0,0,,0
45,2021-12,0,0,,0
45,2022-01,0,2,0.0,0
45,2022-02,0,1,0.0,0
45,2022-03,0,0,,0
45,2022-04,0,3,0.0,0
45,2022-05,0,1,0.0,0
45,2022-06,0,0,,0
45,2022-07,0,0,,0
46,2019-01,0,0,,0
46,2019-02,0,1,0.0,0
46,2019-03,0,3,0.0,0
46,2019-04,0,3,0.0,0
46,2019-05,0,0,,0
46,2019-06,0,0,,0
46,2019-07,0,1,0.0,0
46,2019-08,0,0,,0
46,2019-09,0,0,,0
46,2019-10,0,0,,0
46,2019-11,0,1,0.0,0
46,2019-12,0,1,0.0,0
46,2020-01,0,1,0.0,0
46,2020-02,0,0,,0
46,2020-03,0,1,0.0,0
46,2020-04,0,0,,0
46,2020-05,0,1,0.0,0
46,2020-06,0,0,,0
46,2020-07,0,0,,0
46,2020-08,0,0,,0
46,2020-09,1,2,0.5,0
46,2020-10,0,0,,0
46,2020-11,0,2,0.0,0
46,2020-12,1,1,1.0,0
46,2021-01,0,3,0.0,0
46,2021-02,0,0,,0
46,2021-03,0,0,,0
46,2021-04,0,0,,0
46,2021-05,0,1,0.0,0
46,2021-06,0,0,,0
46,2021-07,0,0,,0
46,2021-08,0,2,0.0,0
46,2021-09,0,0,,0
46,2021-10,0,1,0.0,0
46,2021-11,0,0,,0
46,2021-12,0,0,,0
46,2022-01,0,0,,0
46,2022-02,0,0,,0
46,2022-03,0,2,0.0,0
46,2022-04,0,1,0.0,0
46,2022-05,0,0,,0
46,2022-06,0,0,,0
46,2022-07,0,0,,0
47,2019-01,0,0,,0
47,2019-02,0,0,,0
47,2019-03,0,0,,0
47,2019-04,0,0,,0
47,2019-05,0,0,,0
47,2019-06,0,0,,0
47,2019-07,0,0,,0
47,2019-08,0,1,0.0,0
47,2019-09,0,1,0.0,0
47,2019-10,0,0,,0
47,2019-11,0,1,0.0,0
47,2019-12,0,0,,0
47,2020-01,0,1,0.0,0
47,2020-02,0,0,,0
47,2020-03,1,1,1.0,0
47,2020-04,0,0,,0
47,2020-05,0,0,,0
47,2020-06,0,0,,0
47,2020-07,0,0,,0
47,2020-08,0,0,,0
47,2020-09,0,0,,0
47,2020-10,0,0,,0
47,2020-11,0,1,0.0,0
47,2020-12,0,0,,0
47,2021-01,1,2,0.5,0
47,2021-02,0,0,,0
47,2021-03,0,1,0.0,0
47,2021-04,0,0,,0
47,2021-05,0,0,,0
47,2021-06,0,0,,0
47,2021-07,0,0,,0
47,2021-08,0,0,,0
47,2021-09,0,0,,0
47,2021-10,0,1,0.0,0
47,2021-11,0,0,,0
47,2021-12,0,0,,0
47,2022-01,0,0,,0
47,2022-02,0,0,,0
47,2022-03,0,3,0.0,0
47,2022-04,0,1,0.0,0
47,2022-05,0,0,,0
47,2022-06,0,0,,0
47,2022-07,0,0,,0
48,2019-01,0,0,,0
48,2019-02,0,0,,0
48,2019-03,0,0,,0
48,2019-04,0,0,,0
48,2019-05,0,0,,0
48,2019-06,0,1,0.0,0
48,2019-07,0,1,0.0,0
48,2019-08,0,0,,0
48,2019-09,0,1,0.0,0
48,2019-10,0,0,,0
48,2019-11,1,2,0.5,1
48,2019-12,0,0,,0
48,2020-01,0,0,,0
48,2020-02,0,0,,0
48,2020-03,0,1,0.0,0
48,2020-04,0,1,0.0,0
48,2020-05,0,0,,0
48,2020-06,0,0,,0
48,2020-07,0,0,,0
48,2020-08,0,0,,0
48,2020-09,0,2,0.0,0
48,2020-10,0,0,,0
48,2020-11,0,1,0.0,0
48,2020-12,0,0,,0
48,2021-01,0,0,,0
48,2021-02,1,1,1.0,1
48,2021-03,0,0,,0
48,2021-04,0,0,,0
48,2021-05,0,0,,0
48,2021-06,0,0,,0
48,2021-07,1,1,1.0,1
48,2021-08,0,2,0.0,0
48,2021-09,0,1,0.0,0
48,2021-10,0,0,,0
48,2021-11,0,0,,0
48,2021-12,0,0,,0
48,2022-01,0,0,,0
48,2022-02,0,0,,0
48,2022-03,0,0,,0
48,2022-04,0,0,,0
48,2022-05,0,0,,0
48,2022-06,0,2,0.0,0
48,2022-07,0,0,,0
49,2019-01,0,1,0.0,0
49,2019-02,0,0,,0
49,2019-03,0,2,0.0,0
49,2019-04,0,1,0.0,0
49,2019-05,0,3,0.0,0
49,2019-06,0,3,0.0,0
49,2019-07,0,3,0.0,0
49,2019-08,0,3,0.0,0
49,2019-09,0,2,0.0,0
49,2019-10,0,3,0.0,0
49,2019-11,0,0,,0
49,2019-12,0,1,0.0,0
49,2020-01,1,2,0.5,0
49,2020-02,0,0,,0
49,2020-03,0,0,,0
49,2020-04,0,0,,0
49,2020-05,0,0,,0
49,2020-06,1,1,1.0,0
49,2020-07,0,0,,0
49,2020-08,0,0,,0
49,2020-09,0,0,,0
49,2020-10,0,1,0.0,0
49,2020-11,0,1,0.0,0
49,2020-12,0,2,0.0,0
49,2021-01,0,1,0.0,0
49,2021-02,0,1,0.0,0
49,2021-03,0,0,,0
49,2021-04,0,1,0.0,0
49,2021-05,1,1,1.0,0
49,2021-06,0,0,,0
49,2021-07,0,0,,0
49,2021-08,0,0,,0
49,2021-09,0,3,0.0,0
49,2021-10,0,0,,0
49,2021-11,0,0,,0
49,2021-12,0,1,0.0,0
49,2022-01,0,0,,0
49,2022-02,0,0,,0
49,2022-03,0,0,,0
49,2022-04,0,1,0.0,0
49,2022-05,1,2,0.5,0
49,2022-06,0,0,,0
49,2022-07,0,0,,0
50,2019-01,0,0,,0
50,2019-02,0,4,0.0,0
50,2019-03,0,3,0.0,0
50,2019-04,0,1,0.0,0
50,2019-05,0,0,,0
50,2019-06,0,3,0.0,0
50,2019-07,1,3,0.3333,0
50,2019-08,1,6,0.1667,0
50,2019-09,0,2,0.0,0
50,2019-10,3,13,0.2308,1
50,2019-11,1,4,0.25,0
50,2019-12,0,4,0.0,0
50,2020-01,0,2,0.0,0
50,2020-02,0,4,0.0,0
50,2020-03,0,2,0.0,0
50,2020-04,0,0,,0
50,2020-05,0,0,,0
50,2020-06,0,1,0.0,0
50,2020-07,0,0,,0
50,2020-08,0,0,,0
50,2020-09,0,2,0.0,0
50,2020-10,0,0,,0
50,2020-11,0,0,,0
50,2020-12,0,1,0.0,0
50,2021-01,0,3,0.0,0
50,2021-02,0,0,,0
50,2021-03,0,1,0.0,0
50,2021-04,0,0,,0
50,2021-05,0,0,,0
50,2021-06,0,0,,0
50,2021-07,0,0,,0
50,2021-08,0,1,0.0,0
50,2021-09,0,0,,0
50,2021-10,0,0,,0
50,2021-11,0,0,,0
50,2021-12,0,1,0.0,0
50,2022-01,0,3,0.0,0
50,2022-02,0,0,,0
50,2022-03,2,4,0.5,1
50,2022-04,0,1,0.0,0
50,2022-05,0,2,0.0,0
50,2022-06,0,0,,0
50,2022-07,0,0,,0
51,2019-01,0,1,0.0,0
51,2019-02,0,0,,0
51,2019-03,0,2,0.0,0
51,2019-04,0,2,0.0,0
51,2019-05,0,1,0.0,0
51,2019-06,0,1,0.0,0
51,2019-07,0,1,0.0,0
51,2019-08,0,1,0.0,0
51,2019-09,0,1,0.0,0
51,2019-10,1,4,0.25,0
51,2019-11,1,1,1.0,0
51,2019-12,0,1,0.0,0
51,2020-01,0,4,0.0,0
51,2020-02,0,0,,0
51,2020-03,0,0,,0
51,2020-04,0,0,,0
51,2020-05,0,1,0.0,0
51,2020-06,0,1,0.0,0
51,2020-07,0,1,0.0,0
51,2020-08,0,0,,0
51,2020-09,0,0,,0
51,2020-10,0,1,0.0,0
51,2020-11,0,0,,0
51,2020-12,0,4,0.0,0
51,2021-01,0,0,,0
51,2021-02,0,0,,0
51,2021-03,0,1,0.0,0
51,2021-04,0,0,,0
51,2021-05,0,0,,0
51,2021-06,0,0,,0
51,2021-07,0,3,0.0,0
51,2021-08,0,1,0.0,0
51,2021-09,0,1,0.0,0
51,2021-10,0,0,,0
51,2021-11,0,3,0.0,0
51,2021-12,0,1,0.0,0
51,2022-01,0,1,0.0,0
51,2022-02,0,0,,0
51,2022-03,0,2,0.0,0
51,2022-04,0,0,,0
51,2022-05,1,2,0.5,0
51,2022-06,0,0,,0
51,2022-07,0,1,0.0,0
52,2019-01,0,0,,0
52,2019-02,0,1,0.0,0
52,2019-03,0,1,0.0,0
52,2019-04,0,3,0.0,0
52,2019-05,0,4,0.0,0
52,2019-06,0,1,0.0,0
52,2019-07,0,1,0.0,0
52,2019-08,0,5,0.0,0
52,2019-09,0,2,0.0,0
52,2019-10,1,2,0.5,0
52,2019-11,0,4,0.0,0
52,2019-12,0,3,0.0,0
52,2020-01,0,6,0.0,0
52,2020-02,0,2,0.0,0
52,2020-03,1,7,0.1429,0
52,2020-04,0,1,0.0,0
52,2020-05,0,0,,0
52,2020-06,0,4,0.0,0
52,2020-07,0,1,0.0,0
52,2020-08,1,1,1.0,0
52,2020-09,0,0,,0
52,2020-10,0,1,0.0,0
52,2020-11,0,4,0.0,0
52,2020-12,0,2,0.0,0
52,2021-01,0,2,0.0,0
52,2021-02,0,1,0.0,0
52,2021-03,0,0,,0
52,2021-04,0,1,0.0,0
52,2021-05,0,1,0.0,0
52,2021-06,0,1,0.0,0
52,2021-07,0,1,0.0,0
52,2021-08,0,0,,0
52,2021-09,0,0,,0
52,2021-10,0,1,0.0,0
52,2021-11,0,0,,0
52,2021-12,0,0,,0
52,2022-01,0,0,,0
52,2022-02,0,0,,0
52,2022-03,0,3,0.0,0
52,2022-04,0,0,,0
52,2022-05,0,0,,0
52,2022-06,0,3,0.0,0
52,2022-07,0,1,0.0,0
53,2019-01,0,3,0.0,0
53,2019-02,0,8,0.0,0
53,2019-03,0,7,0.0,0
53,2019-04,0,3,0.0,0
53,2019-05,1,10,0.1,0
53,2019-06,1,6,0.1667,0
53,2019-07,0,6,0.0,0
53,2019-08,0,8,0.0,0
53,2019-09,6,9,0.6667,1
53,2019-10,0,5,0.0,0
53,2019-11,3,17,0.1765,1
53,2019-12,1,5,0.2,0
53,2020-01,0,7,0.0,0
53,2020-02,0,6,0.0,0
53,2020-03,0,5,0.0,0
53,2020-04,0,0,,0
53,2020-05,0,3,0.0,0
53,2020-06,0,4,0.0,0
53,2020-07,0,2,0.0,0
53,2020-08,1,1,1.0,0
53,2020-09,0,1,0.0,0
53,2020-10,2,5,0.4,0
53,2020-11,0,3,0.0,0
53,2020-12,0,3,0.0,0
53,2021-01,0,1,0.0,0
53,2021-02,0,1,0.0,0
53,2021-03,0,1,0.0,0
53,2021-04,0,1,0.0,0
53,2021-05,0,2,0.0,0
53,2021-06,0,0,,0
53,2021-07,0,1,0.0,0
53,2021-08,0,4,0.0,0
53,2021-09,0,2,0.0,0
53,2021-10,0,0,,0
53,2021-11,0,3,0.0,0
53,2021-12,0,0,,0
53,2022-01,0,3,0.0,0
53,2022-02,0,0,,0
53,2022-03,1,2,0.5,0
53,2022-04,0,2,0.0,0
53,2022-05,0,2,0.0,0
53,2022-06,0,0,,0
53,2022-07,0,2,0.0,0
54,2019-01,1,8,0.125,0
54,2019-02,1,9,0.1111,0
54,2019-03,1,7,0.1429,0
54,2019-04,1,7,0.1429,0
54,2019-05,1,13,0.0769,0
54,2019-06,1,11,0.0909,0
54,2019-07,4,17,0.2353,1
54,2019-08,4,10,0.4,1
54,2019-09,7,11,0.6364,1
54,2019-10,5,18,0.2778,1
54,2019-11,4,12,0.3333,1
54,2019-12,1,10,0.1,0
54,2020-01,0,4,0.0,0
54,2020-02,0,10,0.0,0
54,2020-03,1,7,0.1429,0
54,2020-04,0,1,0.0,0
54,2020-05,1,3,0.3333,0
54,2020-06,0,3,0.0,0
54,2020-07,2,4,0.5,0
54,2020-08,0,5,0.0,0
54,2020-09,0,4,0.0,0
54,2020-10,1,6,0.1667,0
54,2020-11,0,8,0.0,0
54,2020-12,0,4,0.0,0
54,2021-01,0,5,0.0,0
54,2021-02,2,6,0.3333,0
54,2021-03,0,2,0.0,0
54,2021-04,0,4,0.0,0
54,2021-05,0,0,,0
54,2021-06,1,2,0.5,0
54,2021-07,0,2,0.0,0
54,2021-08,0,1,0.0,0
54,2021-09,0,3,0.0,0
54,2021-10,1,3,0.3333,0
54,2021-11,0,4,0.0,0
54,2021-12,0,2,0.0,0
54,2022-01,0,3,0.0,0
54,2022-02,0,2,0.0,0
54,2022-03,0,9,0.0,0
54,2022-04,0,0,,0
54,2022-05,0,0,,0
54,2022-06,0,5,0.0,0
54,2022-07,1,2,0.5,0
55,2019-01,0,0,,0
55,2019-02,0,0,,0
55,2019-03,0,5,0.0,0
55,2019-04,0,2,0.0,0
55,2019-05,0,1,0.0,0
55,2019-06,0,0,,0
55,2019-07,0,1,0.0,0
55,2019-08,0,2,0.0,0
55,2019-09,0,3,0.0,0
55,2019-10,1,2,0.5,0
55,2019-11,0,1,0.0,0
55,2019-12,0,2,0.0,0
55,2020-01,0,4,0.0,0
55,2020-02,0,4,0.0,0
55,2020-03,0,0,,0
55,2020-04,0,0,,0
55,2020-05,0,0,,0
55,2020-06,1,1,1.0,0
55,2020-07,0,0,,0
55,2020-08,0,0,,0
55,2020-09,0,0,,0
55,2020-10,0,0,,0
55,2020-11,0,1,0.0,0
55,2020-12,0,1,0.0,0
55,2021-01,0,1,0.0,0
55,2021-02,0,0,,0
55,2021-03,0,0,,0
55,2021-04,0,0,,0
55,2021-05,0,0,,0
55,2021-06,0,0,,0
55,2021-07,0,0,,0
55,2021-08,0,0,,0
55,2021-09,0,1,0.0,0
55,2021-10,0,0,,0
55,2021-11,0,0,,0
55,2021-12,0,0,,0
55,2022-01,0,1,0.0,0
55,2022-02,0,0,,0
55,2022-03,0,0,,0
55,2022-04,0,0,,0
55,2022-05,0,0,,0
55,2022-06,0,0,,0
55,2022-07,0,0,,0
56,2019-01,1,3,0.3333,0
56,2019-02,0,1,0.0,0
56,2019-03,0,2,0.0,0
56,2019-04,0,0,,0
56,2019-05,0,5,0.0,0
56,2019-06,0,2,0.0,0
56,2019-07,0,5,0.0,0
56,2019-08,0,5,0.0,0
56,2019-09,0,2,0.0,0
56,2019-10,0,2,0.0,0
56,2019-11,2,11,0.1818,1
56,2019-12,1,6,0.1667,0
56,2020-01,2,11,0.1818,1
56,2020-02,1,6,0.1667,0
56,2020-03,0,4,0.0,0
56,2020-04,0,3,0.0,0
56,2020-05,0,2,0.0,0
56,2020-06,0,0,,0
56,2020-07,0,0,,0
56,2020-08,0,1,0.0,0
56,2020-09,0,2,0.0,0
56,2020-10,0,0,,0
56,2020-11,0,6,0.0,0
56,2020-12,1,4,0.25,0
56,2021-01,0,2,0.0,0
56,2021-02,0,2,0.0,0
56,2021-03,0,3,0.0,0
56,2021-04,0,2,0.0,0
56,2021-05,0,1,0.0,0
56,2021-06,0,2,0.0,0
56,2021-07,0,0,,0
56,2021-08,0,0,,0
56,2021-09,0,0,,0
56,2021-10,0,1,0.0,0
56,2021-11,1,2,0.5,0
56,2021-12,1,2,0.5,0
56,2022-01,0,0,,0
56,2022-02,0,0,,0
56,2022-03,0,2,0.0,0
56,2022-04,0,0,,0
56,2022-05,0,0,,0
56,2022-06,0,1,0.0,0
56,2022-07,0,0,,0
57,2019-01,0,3,0.0,0
57,2019-02,0,2,0.0,0
57,2019-03,0,0,,0
57,2019-04,1,3,0.3333,0
57,2019-05,0,7,0.0,0
57,2019-06,9,24,0.375,1
57,2019-07,3,5,0.6,1
57,2019-08,0,1,0.0,0
57,2019-09,4,8,0.5,1
57,2019-10,2,6,0.3333,1
57,2019-11,1,8,0.125,0
57,2019-12,1,7,0.1429,0
57,2020-01,0,1,0.0,0
57,2020-02,0,3,0.0,0
57,2020-03,0,6,0.0,0
57,2020-04,0,1,0.0,0
57,2020-05,1,4,0.25,0
57,2020-06,0,1,0.0,0
57,2020-07,0,6,0.0,0
57,2020-08,1,8,0.125,0
57,2020-09,0,0,,0
57,2020-10,0,2,0.0,0
57,2020-11,0,0,,0
57,2020-12,0,5,0.0,0
57,2021-01,0,4,0.0,0
57,2021-02,0,2,0.0,0
57,2021-03,0,6,0.0,0
57,2021-04,0,1,0.0,0
57,2021-05,0,0,,0
57,2021-06,0,1,0.0,0
57,2021-07,0,0,,0
57,2021-08,0,2,0.0,0
57,2021-09,0,1,0.0,0
57,2021-10,0,0,,0
57,2021-11,2,2,1.0,1
57,2021-12,0,1,0.0,0
57,2022-01,0,1,0.0,0
57,2022-02,0,2,0.0,0
57,2022-03,1,10,0.1,0
57,2022-04,0,1,0.0,0
57,2022-05,0,1,0.0,0
57,2022-06,0,4,0.0,0
57,2022-07,0,2,0.0,0
58,2019-01,0,4,0.0,0
58,2019-02,0,7,0.0,0
58,2019-03,0,5,0.0,0
58,2019-04,1,5,0.2,0
58,2019-05,1,5,0.2,0
58,2019-06,0,3,0.0,0
58,2019-07,0,1,0.0,0
58,2019-08,1,5,0.2,0
58,2019-09,0,6,0.0,0
58,2019-10,1,5,0.2,0
58,2019-11,1,2,0.5,0
58,2019-12,2,4,0.5,1
58,2020-01,0,2,0.0,0
58,2020-02,0,5,0.0,0
58,2020-03,0,4,0.0,0
58,2020-04,0,0,,0
58,2020-05,0,2,0.0,0
58,2020-06,0,4,0.0,0
58,2020-07,0,0,,0
58,2020-08,0,0,,0
58,2020-09,0,0,,0
58,2020-10,0,2,0.0,0
58,2020-11,0,0,,0
58,2020-12,0,8,0.0,0
58,2021-01,0,5,0.0,0
58,2021-02,0,0,,0
58,2021-03,1,6,0.1667,0
58,2021-04,0,0,,0
58,2021-05,0,1,0.0,0
58,2021-06,0,0,,0
58,2021-07,0,0,,0
58,2021-08,0,0,,0
58,2021-09,0,0,,0
58,2021-10,0,2,0.0,0
58,2021-11,0,5,0.0,0
58,2021-12,0,1,0.0,0
58,2022-01,0,3,0.0,0
58,2022-02,0,1,0.0,0
58,2022-03,0,3,0.0,0
58,2022-04,0,0,,0
58,2022-05,0,1,0.0,0
58,2022-06,0,4,0.0,0
58,2022-07,0,1,0.0,0
59,2019-01,0,1,0.0,0
59,2019-02,0,4,0.0,0
59,2019-03,0,0,,0
59,2019-04,0,3,0.0,0
59,2019-05,2,3,0.6667,1
59,2019-06,0,2,0.0,0
59,2019-07,0,2,0.0,0
59,2019-08,1,4,0.25,0
59,2019-09,2,4,0.5,1
59,2019-10,0,0,,0
59,2019-11,0,1,0.0,0
59,2019-12,0,2,0.0,0
59,2020-01,0,2,0.0,0
59,2020-02,0,6,0.0,0
59,2020-03,0,0,,0
59,2020-04,0,0,,0
59,2020-05,0,0,,0
59,2020-06,0,0,,0
59,2020-07,0,0,,0
59,2020-08,0,2,0.0,0
59,2020-09,0,2,0.0,0
59,2020-10,0,0,,0
59,2020-11,0,2,0.0,0
59,2020-12,0,2,0.0,0
59,2021-01,0,4,0.0,0
59,2021-02,0,1,0.0,0
59,2021-03,0,1,0.0,0
59,2021-04,0,0,,0
59,2021-05,0,0,,0
59,2021-06,0,3,0.0,0
59,2021-07,0,3,0.0,0
59,2021-08,1,2,0.5,0
59,2021-09,0,4,0.0,0
59,2021-10,0,1,0.0,0
59,2021-11,1,2,0.5,0
59,2021-12,0,0,,0
59,2022-01,0,0,,0
59,2022-02,0,4,0.0,0
59,2022-03,0,0,,0
59,2022-04,0,2,0.0,0
59,2022-05,1,1,1.0,0
59,2022-06,0,1,0.0,0
59,2022-07,0,1,0.0,0
60,2019-01,0,0,,0
60,2019-02,0,2,0.0,0
60,2019-03,0,1,0.0,0
60,2019-04,0,1,0.0,0
60,2019-05,0,0,,0
60,2019-06,0,0,,0
60,2019-07,0,3,0.0,0
60,2019-08,0,2,0.0,0
60,2019-09,0,0,,0
60,2019-10,0,1,0.0,0
60,2019-11,0,1,0.0,0
60,2019-12,0,0,,0
60,2020-01,0,1,0.0,0
60,2020-02,0,2,0.0,0
60,2020-03,0,1,0.0,0
60,2020-04,0,0,,0
60,2020-05,0,0,,0
60,2020-06,0,0,,0
60,2020-07,0,0,,0
60,2020-08,0,0,,0
60,2020-09,0,0,,0
60,2020-10,0,1,0.0,0
60,2020-11,0,0,,0
60,2020-12,0,4,0.0,0
60,2021-01,0,14,0.0,0
60,2021-02,0,0,,0
60,2021-03,0,0,,0
60,2021-04,0,0,,0
60,2021-05,0,2,0.0,0
60,2021-06,0,0,,0
60,2021-07,0,1,0.0,0
60,2021-08,0,0,,0
60,2021-09,0,1,0.0,0
60,2021-10,0,0,,0
60,2021-11,0,0,,0
60,2021-12,0,0,,0
60,2022-01,0,0,,0
60,2022-02,0,0,,0
60,2022-03,0,1,0.0,0
60,2022-04,0,0,,0
60,2022-05,0,1,0.0,0
60,2022-06,0,0,,0
60,2022-07,0,0,,0
61,2019-01,0,0,,0
61,2019-02,0,1,0.0,0
61,2019-03,0,0,,0
61,2019-04,0,0,,0
61,2019-05,0,5,0.0,0
61,2019-06,0,1,0.0,0
61,2019-07,0,0,,0
61,2019-08,1,1,1.0,0
61,2019-09,0,0,,0
61,2019-10,0,1,0.0,0
61,2019-11,0,0,,0
61,2019-12,0,0,,0
61,2020-01,0,2,0.0,0
61,2020-02,0,3,0.0,0
61,2020-03,0,1,0.0,0
61,2020-04,0,0,,0
61,2020-05,0,1,0.0,0
61,2020-06,0,1,0.0,0
61,2020-07,0,0,,0
61,2020-08,0,0,,0
61,2020-09,0,1,0.0,0
61,2020-10,0,0,,0
61,2020-11,0,0,,0
61,2020-12,0,2,0.0,0
61,2021-01,0,0,,0
61,2021-02,0,0,,0
61,2021-03,0,1,0.0,0
61,2021-04,0,0,,0
61,2021-05,0,0,,0
61,2021-06,0,0,,0
61,2021-07,0,0,,0
61,2021-08,0,0,,0
61,2021-09,0,0,,0
61,2021-10,0,1,0.0,0
61,2021-11,0,0,,0
61,2021-12,0,0,,0
61,2022-01,0,0,,0
61,2022-02,0,0,,0
61,2022-03,0,0,,0
61,2022-04,0,2,0.0,0
61,2022-05,0,0,,0
61,2022-06,0,1,0.0,0
61,2022-07,0,0,,0
62,2019-01,0,0,,0
62,2019-02,0,0,,0
62,2019-03,0,1,0.0,0
62,2019-04,0,0,,0
62,2019-05,0,0,,0
62,2019-06,0,0,,0
62,2019-07,0,0,,0
62,2019-08,0,0,,0
62,2019-09,0,0,,0
62,2019-10,0,0,,0
62,2019-11,0,0,,0
62,2019-12,0,3,0.0,0
62,2020-01,0,0,,0
62,2020-02,0,1,0.0,0
62,2020-03,0,2,0.0,0
62,2020-04,0,1,0.0,0
62,2020-05,0,0,,0
62,2020-06,0,0,,0
62,2020-07,0,1,0.0,0
62,2020-08,0,0,,0
62,2020-09,0,0,,0
62,2020-10,0,0,,0
62,2020-11,0,1,0.0,0
62,2020-12,0,1,0.0,0
62,2021-01,0,0,,0
62,2021-02,0,0,,0
62,2021-03,0,1,0.0,0
62,2021-04,0,0,,0
62,2021-05,0,0,,0
62,2021-06,0,1,0.0,0
62,2021-07,0,0,,0
62,2021-08,0,0,,0
62,2021-09,0,0,,0
62,2021-10,0,1,0.0,0
62,2021-11,0,3,0.0,0
62,2021-12,0,0,,0
62,2022-01,0,0,,0
62,2022-02,0,1,0.0,0
62,2022-03,0,0,,0
62,2022-04,0,0,,0
62,2022-05,0,0,,0
62,2022-06,0,0,,0
62,2022-07,0,0,,0
63,2019-01,0,0,,0
63,2019-02,0,1,0.0,0
63,2019-03,0,1,0.0,0
63,2019-04,0,1,0.0,0
63,2019-05,0,1,0.0,0
63,2019-06,0,0,,0
63,2019-07,1,1,1.0,0
63,2019-08,1,2,0.5,0
63,2019-09,0,0,,0
63,2019-10,2,2,1.0,1
63,2019-11,1,4,0.25,0
63,2019-12,0,0,,0
63,2020-01,2,5,0.4,1
63,2020-02,0,1,0.0,0
63,2020-03,0,3,0.0,0
63,2020-04,0,0,,0
63,2020-05,0,0,,0
63,2020-06,0,0,,0
63,2020-07,0,0,,0
63,2020-08,0,0,,0
63,2020-09,0,0,,0
63,2020-10,0,0,,0
63,2020-11,0,1,0.0,0
63,2020-12,1,10,0.1,0
63,2021-01,0,5,0.0,0
63,2021-02,0,0,,0
63,2021-03,0,2,0.0,0
63,2021-04,0,0,,0
63,2021-05,0,0,,0
63,2021-06,0,0,,0
63,2021-07,0,0,,0
63,2021-08,0,0,,0
63,2021-09,0,0,,0
63,2021-10,0,0,,0
63,2021-11,0,2,0.0,0
63,2021-12,0,1,0.0,0
63,2022-01,0,0,,0
63,2022-02,0,0,,0
63,2022-03,0,0,,0
63,2022-04,0,0,,0
63,2022-05,0,0,,0
63,2022-06,0,1,0.0,0
63,2022-07,0,1,0.0,0
64,2019-01,0,0,,0
64,2019-02,0,0,,0
64,2019-03,0,0,,0
64,2019-04,0,0,,0
64,2019-05,0,1,0.0,0
64,2019-06,0,0,,0
64,2019-07,0,0,,0
64,2019-08,0,2,0.0,0
64,2019-09,0,0,,0
64,2019-10,0,1,0.0,0
64,2019-11,0,0,,0
64,2019-12,0,1,0.0,0
64,2020-01,0,1,0.0,0
64,2020-02,0,0,,0
64,2020-03,0,1,0.0,0
64,2020-04,0,0,,0
64,2020-05,0,1,0.0,0
64,2020-06,0,1,0.0,0
64,2020-07,0,0,,0
64,2020-08,0,0,,0
64,2020-09,1,3,0.3333,1
64,2020-10,0,0,,0
64,2020-11,0,0,,0
64,2020-12,0,1,0.0,0
64,2021-01,0,0,,0
64,2021-02,0,0,,0
64,2021-03,1,1,1.0,1
64,2021-04,0,1,0.0,0
64,2021-05,0,0,,0
64,2021-06,0,0,,0
64,2021-07,0,0,,0
64,2021-08,0,0,,0
64,2021-09,0,2,0.0,0
64,2021-10,0,0,,0
64,2021-11,0,0,,0
64,2021-12,0,2,0.0,0
64,2022-01,0,1,0.0,0
64,2022-02,0,0,,0
64,2022-03,0,0,,0
64,2022-04,0,1,0.0,0
64,2022-05,0,0,,0
64,2022-06,0,0,,0
64,2022-07,1,1,1.0,1
65,2019-01,0,4,0.0,0
65,2019-02,0,0,,0
65,2019-03,0,1,0.0,0
65,2019-04,0,3,0.0,0
65,2019-05,0,2,0.0,0
65,2019-06,0,0,,0
65,2019-07,0,0,,0
65,2019-08,1,4,0.25,0
65,2019-09,0,0,,0
65,2019-10,0,1,0.0,0
65,2019-11,0,1,0.0,0
65,2019-12,0,1,0.0,0
65,2020-01,0,2,0.0,0
65,2020-02,0,0,,0
65,2020-03,0,3,0.0,0
65,2020-04,0,0,,0
65,2020-05,0,2,0.0,0
65,2020-06,0,1,0.0,0
65,2020-07,1,4,0.25,0
65,2020-08,0,1,0.0,0
65,2020-09,0,1,0.0,0
65,2020-10,0,2,0.0,0
65,2020-11,0,2,0.0,0
65,2020-12,0,10,0.0,0
65,2021-01,0,4,0.0,0
65,2021-02,0,2,0.0,0
65,2021-03,0,1,0.0,0
65,2021-04,0,2,0.0,0
65,2021-05,0,0,,0
65,2021-06,1,2,0.5,0
65,2021-07,0,0,,0
65,2021-08,0,0,,0
65,2021-09,0,1,0.0,0
65,2021-10,0,2,0.0,0
65,2021-11,0,1,0.0,0
65,2021-12,0,0,,0
65,2022-01,0,0,,0
65,2022-02,0,0,,0
65,2022-03,0,1,0.0,0
65,2022-04,0,0,,0
65,2022-05,0,1,0.0,0
65,2022-06,0,0,,0
65,2022-07,0,0,,0
66,2019-01,1,2,0.5,0
66,2019-02,0,2,0.0,0
66,2019-03,0,0,,0
66,2019-04,0,0,,0
66,2019-05,0,0,,0
66,2019-06,0,0,,0
66,2019-07,0,0,,0
66,2019-08,0,3,0.0,0
66,2019-09,0,0,,0
66,2019-10,1,1,1.0,0
66,2019-11,0,4,0.0,0
66,2019-12,0,0,,0
66,2020-01,0,2,0.0,0
66,2020-02,0,0,,0
66,2020-03,0,1,0.0,0
66,2020-04,0,0,,0
66,2020-05,0,0,,0
66,2020-06,0,0,,0
66,2020-07,0,0,,0
66,2020-08,0,1,0.0,0
66,2020-09,0,0,,0
66,2020-10,0,3,0.0,0
66,2020-11,0,1,0.0,0
66,2020-12,0,2,0.0,0
66,2021-01,1,2,0.5,0
66,2021-02,0,0,,0
66,2021-03,0,1,0.0,0
66,2021-04,0,0,,0
66,2021-05,0,0,,0
66,2021-06,0,0,,0
66,2021-07,0,0,,0
66,2021-08,0,0,,0
66,2021-09,0,2,0.0,0
66,2021-10,0,0,,0
66,2021-11,0,1,0.0,0
66,2021-12,0,0,,0
66,2022-01,0,1,0.0,0
66,2022-02,0,0,,0
66,2022-03,0,0,,0
66,2022-04,0,1,0.0,0
66,2022-05,0,0,,0
66,2022-06,0,1,0.0,0
66,2022-07,0,0,,0
67,2019-01,0,0,,0
67,2019-02,0,0,,0
67,2019-03,0,9,0.0,0
67,2019-04,0,12,0.0,0
67,2019-05,0,4,0.0,0
67,2019-06,0,5,0.0,0
67,2019-07,0,3,0.0,0
67,2019-08,0,2,0.0,0
67,2019-09,0,2,0.0,0
67,2019-10,0,1,0.0,0
67,2019-11,0,1,0.0,0
67,2019-12,0,1,0.0,0
67,2020-01,0,2,0.0,0
67,2020-02,0,0,,0
67,2020-03,0,0,,0
67,2020-04,0,0,,0
67,2020-05,1,1,1.0,0
67,2020-06,0,0,,0
67,2020-07,0,0,,0
67,2020-08,0,0,,0
67,2020-09,0,0,,0
67,2020-10,0,1,0.0,0
67,2020-11,0,0,,0
67,2020-12,0,1,0.0,0
67,2021-01,0,1,0.0,0
67,2021-02,0,1,0.0,0
67,2021-03,0,0,,0
67,2021-04,0,0,,0
67,2021-05,0,0,,0
67,2021-06,0,1,0.0,0
67,2021-07,0,0,,0
67,2021-08,0,3,0.0,0
67,2021-09,0,0,,0
67,2021-10,0,1,0.0,0
67,2021-11,0,0,,0
67,2021-12,0,1,0.0,0
67,2022-01,0,0,,0
67,2022-02,0,0,,0
67,2022-03,0,3,0.0,0
67,2022-04,0,1,0.0,0
67,2022-05,0,0,,0
67,2022-06,0,0,,0
67,2022-07,0,3,0.0,0
68,2019-01,0,1,0.0,0
68,2019-02,0,1,0.0,0
68,2019-03,0,2,0.0,0
68,2019-04,0,0,,0
68,2019-05,0,0,,0
68,2019-06,0,1,0.0,0
68,2019-07,0,0,,0
68,2019-08,0,0,,0
68,2019-09,0,0,,0
68,2019-10,0,1,0.0,0
68,2019-11,0,0,,0
68,2019-12,0,0,,0
68,2020-01,0,2,0.0,0
68,2020-02,0,0,,0
68,2020-03,0,0,,0
68,2020-04,0,0,,0
68,2020-05,0,0,,0
68,2020-06,0,0,,0
68,2020-07,0,0,,0
68,2020-08,0,0,,0
68,2020-09,0,0,,0
68,2020-10,0,0,,0
68,2020-11,0,0,,0
68,2020-12,0,1,0.0,0
68,2021-01,0,2,0.0,0
68,2021-02,0,0,,0
68,2021-03,0,0,,0
68,2021-04,0,0,,0
68,2021-05,0,0,,0
68,2021-06,0,0,,0
68,2021-07,0,0,,0
68,2021-08,0,2,0.0,0
68,2021-09,0,1,0.0,0
68,2021-10,0,0,,0
68,2021-11,0,0,,0
68,2021-12,0,0,,0
68,2022-01,0,0,,0
68,2022-02,0,1,0.0,0
68,2022-03,0,0,,0
68,2022-04,0,0,,0
68,2022-05,0,4,0.0,0
68,2022-06,0,0,,0
68,2022-07,0,0,,0
69,2019-01,0,1,0.0,0
69,2019-02,0,3,0.0,0
69,2019-03,0,0,,0
69,2019-04,0,0,,0
69,2019-05,1,6,0.1667,0
69,2019-06,0,1,0.0,0
69,2019-07,0,1,0.0,0
69,2019-08,0,0,,0
69,2019-09,0,1,0.0,0
69,2019-10,0,0,,0
69,2019-11,0,0,,0
69,2019-12,0,1,0.0,0
69,2020-01,0,0,,0
69,2020-02,0,0,,0
69,2020-03,0,0,,0
69,2020-04,0,0,,0
69,2020-05,0,0,,0
69,2020-06,0,0,,0
69,2020-07,0,0,,0
69,2020-08,0,3,0.0,0
69,2020-09,0,3,0.0,0
69,2020-10,0,0,,0
69,2020-11,0,2,0.0,0
69,2020-12,0,0,,0
69,2021-01,0,0,,0
69,2021-02,0,3,0.0,0
69,2021-03,0,2,0.0,0
69,2021-04,0,0,,0
69,2021-05,0,1,0.0,0
69,2021-06,0,0,,0
69,2021-07,0,0,,0
69,2021-08,0,0,,0
69,2021-09,0,0,,0
69,2021-10,0,0,,0
69,2021-11,0,0,,0
69,2021-12,0,0,,0
69,2022-01,0,0,,0
69,2022-02,0,0,,0
69,2022-03,0,0,,0
69,2022-04,0,0,,0
69,2022-05,0,0,,0
69,2022-06,0,0,,0
69,2022-07,0,0,,0
70,2019-01,0,0,,0
70,2019-02,0,0,,0
70,2019-03,1,5,0.2,0
70,2019-04,0,0,,0
70,2019-05,0,0,,0
70,2019-06,0,0,,0
70,2019-07,0,0,,0
70,2019-08,0,0,,0
70,2019-09,0,0,,0
70,2019-10,0,0,,0
70,2019-11,0,0,,0
70,2019-12,0,0,,0
70,2020-01,0,1,0.0,0
70,2020-02,0,0,,0
70,2020-03,0,0,,0
70,2020-04,0,0,,0
70,2020-05,0,0,,0
70,2020-06,0,1,0.0,0
70,2020-07,0,0,,0
70,2020-08,0,1,0.0,0
70,2020-09,0,1,0.0,0
70,2020-10,0,0,,0
70,2020-11,0,0,,0
70,2020-12,0,0,,0
70,2021-01,0,1,0.0,0
70,2021-02,0,0,,0
70,2021-03,0,0,,0
70,2021-04,0,1,0.0,0
70,2021-05,0,0,,0
70,2021-06,2,2,1.0,1
70,2021-07,0,0,,0
70,2021-08,0,0,,0
70,2021-09,0,0,,0
70,2021-10,0,0,,0
70,2021-11,0,0,,0
70,2021-12,0,0,,0
70,2022-01,0,0,,0
70,2022-02,0,0,,0
70,2022-03,0,0,,0
70,2022-04,0,0,,0
70,2022-05,0,1,0.0,0
70,2022-06,0,0,,0
70,2022-07,0,0,,0
71,2019-01,0,0,,0
71,2019-02,0,1,0.0,0
71,2019-03,0,0,,0
71,2019-04,0,0,,0
71,2019-05,0,0,,0
71,2019-06,0,0,,0
71,2019-07,0,0,,0
71,2019-08,0,0,,0
71,2019-09,1,1,1.0,0
71,2019-10,0,0,,0
71,2019-11,1,3,0.3333,0
71,2019-12,0,1,0.0,0
71,2020-01,0,1,0.0,0
71,2020-02,0,0,,0
71,2020-03,0,2,0.0,0
71,2020-04,0,1,0.0,0
71,2020-05,0,0,,0
71,2020-06,0,0,,0
71,2020-07,0,0,,0
71,2020-08,0,0,,0
71,2020-09,0,0,,0
71,2020-10,0,0,,0
71,2020-11,0,0,,0
71,2020-12,0,0,,0
71,2021-01,0,0,,0
71,2021-02,0,0,,0
71,2021-03,0,0,,0
71,2021-04,0,0,,0
71,2021-05,0,0,,0
71,2021-06,0,0,,0
71,2021-07,0,1,0.0,0
71,2021-08,0,0,,0
71,2021-09,1,1,1.0,0
71,2021-10,0,0,,0
71,2021-11,0,0,,0
71,2021-12,0,1,0.0,0
71,2022-01,0,0,,0
71,2022-02,0,0,,0
71,2022-03,1,1,1.0,0
71,2022-04,0,0,,0
71,2022-05,0,0,,0
71,2022-06,0,0,,0
71,2022-07,0,0,,0
72,2019-01,0,1,0.0,0
72,2019-02,0,0,,0
72,2019-03,0,0,,0
72,2019-04,0,0,,0
72,2019-05,0,0,,0
72,2019-06,1,2,0.5,0
72,2019-07,0,1,0.0,0
72,2019-08,0,1,0.0,0
72,2019-09,0,2,0.0,0
72,2019-10,0,1,0.0,0
72,2019-11,0,1,0.0,0
72,2019-12,0,1,0.0,0
72,2020-01,0,1,0.0,0
72,2020-02,0,0,,0
72,2020-03,0,0,,0
72,2020-04,0,3,0.0,0
72,2020-05,0,1,0.0,0
72,2020-06,0,2,0.0,0
72,2020-07,0,0,,0
72,2020-08,0,1,0.0,0
72,2020-09,0,0,,0
72,2020-10,0,0,,0
72,2020-11,0,1,0.0,0
72,2020-12,0,1,0.0,0
72,2021-01,0,0,,0
72,2021-02,0,0,,0
72,2021-03,0,1,0.0,0
72,2021-04,0,0,,0
72,2021-05,0,0,,0
72,2021-06,0,0,,0
72,2021-07,0,0,,0
72,2021-08,0,1,0.0,0
72,2021-09,0,0,,0
72,2021-10,0,0,,0
72,2021-11,0,2,0.0,0
72,2021-12,3,3,1.0,1
72,2022-01,0,0,,0
72,2022-02,0,0,,0
72,2022-03,1,3,0.3333,0
72,2022-04,0,1,0.0,0
72,2022-05,0,1,0.0,0
72,2022-06,0,0,,0
72,2022-07,1,1,1.0,0
73,2019-01,0,3,0.0,0
73,2019-02,0,1,0.0,0
73,2019-03,2,4,0.5,0
73,2019-04,0,0,,0
73,2019-05,0,1,0.0,0
73,2019-06,0,2,0.0,0
73,2019-07,0,2,0.0,0
73,2019-08,1,4,0.25,0
73,2019-09,1,8,0.125,0
73,2019-10,1,8,0.125,0
73,2019-11,2,8,0.25,0
73,2019-12,0,2,0.0,0
73,2020-01,1,5,0.2,0
73,2020-02,0,6,0.0,0
73,2020-03,0,0,,0
73,2020-04,0,3,0.0,0
73,2020-05,0,1,0.0,0
73,2020-06,0,1,0.0,0
73,2020-07,0,0,,0
73,2020-08,0,1,0.0,0
73,2020-09,0,3,0.0,0
73,2020-10,0,1,0.0,0
73,2020-11,0,2,0.0,0
73,2020-12,0,4,0.0,0
73,2021-01,0,8,0.0,0
73,2021-02,0,1,0.0,0
73,2021-03,0,2,0.0,0
73,2021-04,0,0,,0
73,2021-05,0,1,0.0,0
73,2021-06,0,1,0.0,0
73,2021-07,0,1,0.0,0
73,2021-08,0,2,0.0,0
73,2021-09,0,0,,0
73,2021-10,0,1,0.0,0
73,2021-11,1,2,0.5,0
73,2021-12,0,2,0.0,0
73,2022-01,0,2,0.0,0
73,2022-02,0,2,0.0,0
73,2022-03,1,3,0.3333,0
73,2022-04,0,0,,0
73,2022-05,0,2,0.0,0
73,2022-06,0,2,0.0,0
73,2022-07,0,0,,0
74,2019-01,0,1,0.0,0
74,2019-02,0,0,,0
74,2019-03,0,1,0.0,0
74,2019-04,0,1,0.0,0
74,2019-05,0,0,,0
74,2019-06,0,0,,0
74,2019-07,0,2,0.0,0
74,2019-08,0,0,,0
74,2019-09,0,0,,0
74,2019-10,0,0,,0
74,2019-11,0,0,,0
74,2019-12,0,0,,0
74,2020-01,0,0,,0
74,2020-02,0,0,,0
74,2020-03,0,0,,0
74,2020-04,0,1,0.0,0
74,2020-05,0,0,,0
74,2020-06,0,0,,0
74,2020-07,0,0,,0
74,2020-08,0,0,,0
74,2020-09,0,0,,0
74,2020-10,0,0,,0
74,2020-11,0,0,,0
74,2020-12,0,0,,0
74,2021-01,0,0,,0
74,2021-02,0,0,,0
74,2021-03,0,0,,0
74,2021-04,0,0,,0
74,2021-05,0,0,,0
74,2021-06,0,0,,0
74,2021-07,0,0,,0
74,2021-08,0,0,,0
74,2021-09,1,1,1.0,1
74,2021-10,0,0,,0
74,2021-11,0,0,,0
74,2021-12,0,0,,0
74,2022-01,0,0,,0
74,2022-02,0,0,,0
74,2022-03,0,0,,0
74,2022-04,0,0,,0
74,2022-05,0,0,,0
74,2022-06,0,0,,0
74,2022-07,0,0,,0
75,2019-01,0,1,0.0,0
75,2019-02,0,1,0.0,0
75,2019-03,0,1,0.0,0
75,2019-04,0,1,0.0,0
75,2019-05,0,1,0.0,0
75,2019-06,0,0,,0
75,2019-07,0,3,0.0,0
75,2019-08,0,0,,0
75,2019-09,0,0,,0
75,2019-10,0,0,,0
75,2019-11,0,1,0.0,0
75,2019-12,0,2,0.0,0
75,2020-01,0,1,0.0,0
75,2020-02,0,0,,0
75,2020-03,0,1,0.0,0
75,2020-04,0,0,,0
75,2020-05,0,0,,0
75,2020-06,0,0,,0
75,2020-07,0,0,,0
75,2020-08,0,1,0.0,0
75,2020-09,0,0,,0
75,2020-10,0,0,,0
75,2020-11,0,0,,0
75,2020-12,0,2,0.0,0
75,2021-01,0,0,,0
75,2021-02,0,0,,0
75,2021-03,0,0,,0
75,2021-04,0,0,,0
75,2021-05,0,0,,0
75,2021-06,0,0,,0
75,2021-07,0,0,,0
75,2021-08,0,0,,0
75,2021-09,0,0,,0
75,2021-10,0,0,,0
75,2021-11,0,0,,0
75,2021-12,0,2,0.0,0
75,2022-01,0,0,,0
75,2022-02,0,0,,0
75,2022-03,0,1,0.0,0
75,2022-04,0,0,,0
75,2022-05,0,0,,0
75,2022-06,0,0,,0
75,2022-07,0,0,,0
76,2019-01,0,0,,0
76,2019-02,0,0,,0
76,2019-03,0,1,0.0,0
76,2019-04,0,4,0.0,0
76,2019-05,0,0,,0
76,2019-06,0,1,0.0,0
76,2019-07,0,0,,0
76,2019-08,1,1,1.0,1
76,2019-09,4,7,0.5714,1
76,2019-10,2,3,0.6667,1
76,2019-11,0,1,0.0,0
76,2019-12,0,0,,0
76,2020-01,0,0,,0
76,2020-02,0,4,0.0,0
76,2020-03,0,0,,0
76,2020-04,0,0,,0
76,2020-05,1,4,0.25,1
76,2020-06,0,0,,0
76,2020-07,0,0,,0
76,2020-08,0,1,0.0,0
76,2020-09,0,1,0.0,0
76,2020-10,0,9,0.0,0
76,2020-11,0,1,0.0,0
76,2020-12,0,4,0.0,0
76,2021-01,0,0,,0
76,2021-02,0,0,,0
76,2021-03,0,2,0.0,0
76,2021-04,0,0,,0
76,2021-05,0,0,,0
76,2021-06,0,1,0.0,0
76,2021-07,0,0,,0
76,2021-08,0,0,,0
76,2021-09,0,1,0.0,0
76,2021-10,0,0,,0
76,2021-11,0,0,,0
76,2021-12,0,0,,0
76,2022-01,0,0,,0
76,2022-02,0,0,,0
76,2022-03,0,2,0.0,0
76,2022-04,0,0,,0
76,2022-05,0,0,,0
76,2022-06,0,0,,0
76,2022-07,0,0,,0
77,2019-01,1,1,1.0,1
77,2019-02,0,0,,0
77,2019-03,0,0,,0
77,2019-04,0,0,,0
77,2019-05,0,1,0.0,0
77,2019-06,0,0,,0
77,2019-07,0,0,,0
77,2019-08,0,0,,0
77,2019-09,0,3,0.0,0
77,2019-10,0,0,,0
77,2019-11,0,1,0.0,0
77,2019-12,0,0,,0
77,2020-01,0,0,,0
77,2020-02,0,0,,0
77,2020-03,0,4,0.0,0
77,2020-04,0,0,,0
77,2020-05,0,1,0.0,0
77,2020-06,0,2,0.0,0
77,2020-07,0,0,,0
77,2020-08,0,0,,0
77,2020-09,0,0,,0
77,2020-10,0,0,,0
77,2020-11,0,1,0.0,0
77,2020-12,0,5,0.0,0
77,2021-01,0,0,,0
77,2021-02,0,1,0.0,0
77,2021-03,0,0,,0
77,2021-04,0,0,,0
77,2021-05,0,0,,0
77,2021-06,0,0,,0
77,2021-07,0,1,0.0,0
77,2021-08,0,0,,0
77,2021-09,0,1,0.0,0
77,2021-10,1,1,1.0,1
77,2021-11,0,0,,0
77,2021-12,1,2,0.5,1
77,2022-01,0,0,,0
77,2022-02,0,1,0.0,0
77,2022-03,0,0,,0
77,2022-04,1,1,1.0,1
77,2022-05,0,2,0.0,0
77,2022-06,1,1,1.0,1
77,2022-07,0,0,,0
78,2019-01,0,0,,0
78,2019-02,0,3,0.0,0
78,2019-03,1,5,0.2,0
78,2019-04,2,9,0.2222,1
78,2019-05,2,7,0.2857,1
78,2019-06,2,6,0.3333,1
78,2019-07,1,7,0.1429,0
78,2019-08,1,1,1.0,0
78,2019-09,0,3,0.0,0
78,2019-10,2,5,0.4,1
78,2019-11,0,2,0.0,0
78,2019-12,0,4,0.0,0
78,2020-01,1,3,0.3333,0
78,2020-02,2,6,0.3333,1
78,2020-03,0,4,0.0,0
78,2020-04,0,0,,0
78,2020-05,0,2,0.0,0
78,2020-06,0,4,0.0,0
78,2020-07,0,0,,0
78,2020-08,0,1,0.0,0
78,2020-09,0,2,0.0,0
78,2020-10,0,1,0.0,0
78,2020-11,0,1,0.0,0
78,2020-12,0,4,0.0,0
78,2021-01,0,6,0.0,0
78,2021-02,0,0,,0
78,2021-03,0,0,,0
78,2021-04,0,0,,0
78,2021-05,0,0,,0
78,2021-06,0,0,,0
78,2021-07,0,2,0.0,0
78,2021-08,0,0,,0
78,2021-09,0,0,,0
78,2021-10,0,0,,0
78,2021-11,0,0,,0
78,2021-12,0,1,0.0,0
78,2022-01,0,0,,0
78,2022-02,0,0,,0
78,2022-03,0,1,0.0,0
78,2022-04,0,0,,0
78,2022-05,0,0,,0
78,2022-06,0,3,0.0,0
78,2022-07,0,0,,0
79,2019-01,0,2,0.0,0
79,2019-02,0,2,0.0,0
79,2019-03,0,0,,0
79,2019-04,0,2,0.0,0
79,2019-05,1,2,0.5,0
79,2019-06,0,1,0.0,0
79,2019-07,0,0,,0
79,2019-08,0,0,,0
79,2019-09,0,0,,0
79,2019-10,0,1,0.0,0
79,2019-11,1,2,0.5,0
79,2019-12,0,2,0.0,0
79,2020-01,0,0,,0
79,2020-02,2,6,0.3333,1
79,2020-03,0,2,0.0,0
79,2020-04,0,0,,0
79,2020-05,0,5,0.0,0
79,2020-06,0,1,0.0,0
79,2020-07,0,0,,0
79,2020-08,0,0,,0
79,2020-09,0,0,,0
79,2020-10,0,2,0.0,0
79,2020-11,0,0,,0
79,2020-12,0,0,,0
79,2021-01,0,1,0.0,0
79,2021-02,0,0,,0
79,2021-03,0,0,,0
79,2021-04,0,0,,0
79,2021-05,0,0,,0
79,2021-06,0,0,,0
79,2021-07,0,0,,0
79,2021-08,0,0,,0
79,2021-09,1,3,0.3333,0
79,2021-10,0,0,,0
79,2021-11,0,0,,0
79,2021-12,0,0,,0
79,2022-01,0,0,,0
79,2022-02,0,0,,0
79,2022-03,0,2,0.0,0
79,2022-04,1,3,0.3333,0
79,2022-05,0,0,,0
79,2022-06,0,2,0.0,0
79,2022-07,0,0,,0
80,2019-01,0,2,0.0,0
80,2019-02,0,3,0.0,0
80,2019-03,0,5,0.0,0
80,2019-04,0,1,0.0,0
80,2019-05,0,4,0.0,0
80,2019-06,0,1,0.0,0
80,2019-07,0,5,0.0,0
80,2019-08,1,4,0.25,0
80,2019-09,1,12,0.0833,0
80,2019-10,1,7,0.1429,0
80,2019-11,0,5,0.0,0
80,2019-12,0,8,0.0,0
80,2020-01,0,5,0.0,0
80,2020-02,1,5,0.2,0
80,2020-03,1,3,0.3333,0
80,2020-04,0,1,0.0,0
80,2020-05,0,0,,0
80,2020-06,0,0,,0
80,2020-07,0,1,0.0,0
80,2020-08,0,1,0.0,0
80,2020-09,0,1,0.0,0
80,2020-10,1,5,0.2,0
80,2020-11,0,1,0.0,0
80,2020-12,0,28,0.0,0
80,2021-01,0,14,0.0,0
80,2021-02,0,1,0.0,0
80,2021-03,0,1,0.0,0
80,2021-04,0,4,0.0,0
80,2021-05,0,0,,0
80,2021-06,0,2,0.0,0
80,2021-07,0,3,0.0,0
80,2021-08,0,2,0.0,0
80,2021-09,0,0,,0
80,2021-10,0,1,0.0,0
80,2021-11,0,1,0.0,0
80,2021-12,0,3,0.0,0
80,2022-01,1,1,1.0,0
80,2022-02,0,1,0.0,0
80,2022-03,0,4,0.0,0
80,2022-04,0,0,,0
80,2022-05,0,0,,0
80,2022-06,0,0,,0
80,2022-07,0,1,0.0,0
81,2019-01,0,3,0.0,0
81,2019-02,1,5,0.2,0
81,2019-03,2,9,0.2222,0
81,2019-04,2,16,0.125,0
81,2019-05,1,12,0.0833,0
81,2019-06,4,13,0.3077,1
81,2019-07,2,10,0.2,0
81,2019-08,1,6,0.1667,0
81,2019-09,3,9,0.3333,1
81,2019-10,0,10,0.0,0
81,2019-11,1,4,0.25,0
81,2019-12,0,3,0.0,0
81,2020-01,0,5,0.0,0
81,2020-02,1,8,0.125,0
81,2020-03,0,6,0.0,0
81,2020-04,0,2,0.0,0
81,2020-05,0,1,0.0,0
81,2020-06,0,1,0.0,0
81,2020-07,0,1,0.0,0
81,2020-08,1,1,1.0,0
81,2020-09,0,2,0.0,0
81,2020-10,0,0,,0
81,2020-11,0,0,,0
81,2020-12,0,3,0.0,0
81,2021-01,0,2,0.0,0
81,2021-02,0,2,0.0,0
81,2021-03,0,5,0.0,0
81,2021-04,0,2,0.0,0
81,2021-05,0,0,,0
81,2021-06,0,0,,0
81,2021-07,0,0,,0
81,2021-08,0,1,0.0,0
81,2021-09,0,1,0.0,0
81,2021-10,0,0,,0
81,2021-11,0,2,0.0,0
81,2021-12,1,1,1.0,0
81,2022-01,0,7,0.0,0
81,2022-02,0,1,0.0,0
81,2022-03,0,0,,0
81,2022-04,0,2,0.0,0
81,2022-05,0,2,0.0,0
81,2022-06,1,5,0.2,0
81,2022-07,0,1,0.0,0
82,2019-01,0,0,,0
82,2019-02,1,3,0.3333,0
82,2019-03,1,3,0.3333,0
82,2019-04,0,3,0.0,0
82,2019-05,0,3,0.0,0
82,2019-06,0,2,0.0,0
82,2019-07,1,4,0.25,0
82,2019-08,0,2,0.0,0
82,2019-09,0,5,0.0,0
82,2019-10,0,4,0.0,0
82,2019-11,1,3,0.3333,0
82,2019-12,1,4,0.25,0
82,2020-01,0,2,0.0,0
82,2020-02,0,3,0.0,0
82,2020-03,0,2,0.0,0
82,2020-04,0,0,,0
82,2020-05,0,0,,0
82,2020-06,1,1,1.0,0
82,2020-07,0,0,,0
82,2020-08,0,0,,0
82,2020-09,0,0,,0
82,2020-10,0,0,,0
82,2020-11,0,1,0.0,0
82,2020-12,0,3,0.0,0
82,2021-01,0,11,0.0,0
82,2021-02,0,3,0.0,0
82,2021-03,0,0,,0
82,2021-04,0,0,,0
82,2021-05,0,1,0.0,0
82,2021-06,0,0,,0
82,2021-07,0,0,,0
82,2021-08,0,0,,0
82,2021-09,0,0,,0
82,2021-10,2,3,0.6667,0
82,2021-11,1,3,0.3333,0
82,2021-12,0,0,,0
82,2022-01,0,0,,0
82,2022-02,0,0,,0
82,2022-03,1,3,0.3333,0
82,2022-04,0,0,,0
82,2022-05,0,1,0.0,0
82,2022-06,0,2,0.0,0
82,2022-07,0,2,0.0,0
83,2019-01,1,6,0.1667,0
83,2019-02,1,7,0.1429,0
83,2019-03,2,18,0.1111,0
83,2019-04,1,5,0.2,0
83,2019-05,2,14,0.1429,0
83,2019-06,1,8,0.125,0
83,2019-07,2,16,0.125,0
83,2019-08,1,7,0.1429,0
83,2019-09,1,3,0.3333,0
83,2019-10,1,6,0.1667,0
83,2019-11,1,4,0.25,0
83,2019-12,0,1,0.0,0
83,2020-01,1,3,0.3333,0
83,2020-02,0,5,0.0,0
83,2020-03,1,7,0.1429,0
83,2020-04,0,0,,0
83,2020-05,0,1,0.0,0
83,2020-06,0,0,,0
83,2020-07,0,1,0.0,0
83,2020-08,0,0,,0
83,2020-09,1,2,0.5,0
83,2020-10,0,2,0.0,0
83,2020-11,1,2,0.5,0
83,2020-12,0,19,0.0,0
83,2021-01,0,6,0.0,0
83,2021-02,0,2,0.0,0
83,2021-03,0,1,0.0,0
83,2021-04,0,2,0.0,0
83,2021-05,0,1,0.0,0
83,2021-06,0,1,0.0,0
83,2021-07,0,0,,0
83,2021-08,0,0,,0
83,2021-09,0,0,,0
83,2021-10,0,0,,0
83,2021-11,0,2,0.0,0
83,2021-12,0,0,,0
83,2022-01,0,0,,0
83,2022-02,0,0,,0
83,2022-03,0,1,0.0,0
83,2022-04,0,0,,0
83,2022-05,0,2,0.0,0
83,2022-06,0,6,0.0,0
83,2022-07,0,4,0.0,0
84,2019-01,1,2,0.5,0
84,2019-02,2,17,0.1176,0
84,2019-03,0,11,0.0,0
84,2019-04,1,4,0.25,0
84,2019-05,0,5,0.0,0
84,2019-06,0,2,0.0,0
84,2019-07,1,4,0.25,0
84,2019-08,3,13,0.2308,0
84,2019-09,10,17,0.5882,1
84,2019-10,4,14,0.2857,1
84,2019-11,13,21,0.619,1
84,2019-12,2,3,0.6667,0
84,2020-01,6,17,0.3529,1
84,2020-02,0,3,0.0,0
84,2020-03,0,4,0.0,0
84,2020-04,0,2,0.0,0
84,2020-05,1,4,0.25,0
84,2020-06,0,2,0.0,0
84,2020-07,0,1,0.0,0
84,2020-08,2,4,0.5,0
84,2020-09,0,4,0.0,0
84,2020-10,0,0,,0
84,2020-11,0,1,0.0,0
84,2020-12,1,21,0.0476,0
84,2021-01,0,32,0.0,0
84,2021-02,1,4,0.25,0
84,2021-03,0,0,,0
84,2021-04,0,0,,0
84,2021-05,0,0,,0
84,2021-06,0,0,,0
84,2021-07,0,2,0.0,0
84,2021-08,0,2,0.0,0
84,2021-09,0,0,,0
84,2021-10,0,2,0.0,0
84,2021-11,0,2,0.0,0
84,2021-12,0,0,,0
84,2022-01,0,0,,0
84,2022-02,0,0,,0
84,2022-03,0,4,0.0,0
84,2022-04,0,2,0.0,0
84,2022-05,0,6,0.0,0
84,2022-06,1,1,1.0,0
84,2022-07,1,5,0.2,0
85,2019-01,0,8,0.0,0
85,2019-02,5,24,0.2083,1
85,2019-03,2,19,0.1053,0
85,2019-04,2,5,0.4,0
85,2019-05,1,9,0.1111,0
85,2019-06,1,24,0.0417,0
85,2019-07,4,14,0.2857,1
85,2019-08,4,21,0.1905,1
85,2019-09,4,11,0.3636,1
85,2019-10,6,23,0.2609,1
85,2019-11,19,33,0.5758,1
85,2019-12,2,10,0.2,0
85,2020-01,2,9,0.2222,0
85,2020-02,1,9,0.1111,0
85,2020-03,1,13,0.0769,0
85,2020-04,0,2,0.0,0
85,2020-05,0,3,0.0,0
85,2020-06,1,6,0.1667,0
85,2020-07,1,4,0.25,0
85,2020-08,0,2,0.0,0
85,2020-09,0,4,0.0,0
85,2020-10,0,2,0.0,0
85,2020-11,0,1,0.0,0
85,2020-12,0,4,0.0,0
85,2021-01,0,9,0.0,0
85,2021-02,2,9,0.2222,0
85,2021-03,0,5,0.0,0
85,2021-04,0,0,,0
85,2021-05,0,0,,0
85,2021-06,0,4,0.0,0
85,2021-07,0,6,0.0,0
85,2021-08,0,4,0.0,0
85,2021-09,0,0,,0
85,2021-10,1,1,1.0,0
85,2021-11,0,9,0.0,0
85,2021-12,0,3,0.0,0
85,2022-01,0,4,0.0,0
85,2022-02,0,3,0.0,0
85,2022-03,0,9,0.0,0
85,2022-04,0,3,0.0,0
85,2022-05,1,10,0.1,0
85,2022-06,0,7,0.0,0
85,2022-07,0,4,0.0,0
86,2019-01,0,2,0.0,0
86,2019-02,0,8,0.0,0
86,2019-03,1,2,0.5,0
86,2019-04,1,2,0.5,0
86,2019-05,1,3,0.3333,0
86,2019-06,0,5,0.0,0
86,2019-07,0,0,,0
86,2019-08,0,3,0.0,0
86,2019-09,0,0,,0
86,2019-10,3,6,0.5,1
86,2019-11,1,7,0.1429,0
86,2019-12,1,4,0.25,0
86,2020-01,0,5,0.0,0
86,2020-02,0,5,0.0,0
86,2020-03,0,4,0.0,0
86,2020-04,0,0,,0
86,2020-05,0,1,0.0,0
86,2020-06,0,1,0.0,0
86,2020-07,0,0,,0
86,2020-08,0,0,,0
86,2020-09,0,5,0.0,0
86,2020-10,0,1,0.0,0
86,2020-11,0,1,0.0,0
86,2020-12,0,2,0.0,0
86,2021-01,0,3,0.0,0
86,2021-02,0,2,0.0,0
86,2021-03,1,1,1.0,0
86,2021-04,0,0,,0
86,2021-05,0,0,,0
86,2021-06,0,0,,0
86,2021-07,0,1,0.0,0
86,2021-08,1,1,1.0,0
86,2021-09,0,0,,0
86,2021-10,0,0,,0
86,2021-11,0,0,,0
86,2021-12,0,1,0.0,0
86,2022-01,0,3,0.0,0
86,2022-02,0,0,,0
86,2022-03,0,0,,0
86,2022-04,0,2,0.0,0
86,2022-05,0,0,,0
86,2022-06,0,2,0.0,0
86,2022-07,0,0,,0
87,2019-01,0,0,,0
87,2019-02,0,1,0.0,0
87,2019-03,0,2,0.0,0
87,2019-04,0,4,0.0,0
87,2019-05,0,3,0.0,0
87,2019-06,0,6,0.0,0
87,2019-07,0,3,0.0,0
87,2019-08,0,0,,0
87,2019-09,0,1,0.0,0
87,2019-10,0,4,0.0,0
87,2019-11,1,8,0.125,0
87,2019-12,0,3,0.0,0
87,2020-01,0,2,0.0,0
87,2020-02,1,3,0.3333,0
87,2020-03,0,4,0.0,0
87,2020-04,0,0,,0
87,2020-05,0,0,,0
87,2020-06,0,0,,0
87,2020-07,0,2,0.0,0
87,2020-08,0,0,,0
87,2020-09,0,0,,0
87,2020-10,0,4,0.0,0
87,2020-11,0,0,,0
87,2020-12,0,3,0.0,0
87,2021-01,0,2,0.0,0
87,2021-02,0,2,0.0,0
87,2021-03,0,0,,0
87,2021-04,0,0,,0
87,2021-05,0,0,,0
87,2021-06,0,0,,0
87,2021-07,0,0,,0
87,2021-08,0,0,,0
87,2021-09,0,0,,0
87,2021-10,0,0,,0
87,2021-11,0,1,0.0,0
87,2021-12,0,0,,0
87,2022-01,1,2,0.5,0
87,2022-02,0,0,,0
87,2022-03,0,0,,0
87,2022-04,0,0,,0
87,2022-05,0,1,0.0,0
87,2022-06,0,1,0.0,0
87,2022-07,0,0,,0
88,2019-01,0,0,,0
88,2019-02,0,0,,0
88,2019-03,0,8,0.0,0
88,2019-04,0,0,,0
88,2019-05,1,2,0.5,0
88,2019-06,0,1,0.0,0
88,2019-07,0,1,0.0,0
88,2019-08,0,6,0.0,0
88,2019-09,0,3,0.0,0
88,2019-10,2,4,0.5,1
88,2019-11,0,2,0.0,0
88,2019-12,0,2,0.0,0
88,2020-01,0,3,0.0,0
88,2020-02,2,3,0.6667,1
88,2020-03,0,3,0.0,0
88,2020-04,0,0,,0
88,2020-05,0,2,0.0,0
88,2020-06,0,1,0.0,0
88,2020-07,0,0,,0
88,2020-08,0,2,0.0,0
88,2020-09,0,1,0.0,0
88,2020-10,0,2,0.0,0
88,2020-11,0,0,,0
88,2020-12,0,17,0.0,0
88,2021-01,0,3,0.0,0
88,2021-02,0,1,0.0,0
88,2021-03,0,0,,0
88,2021-04,0,0,,0
88,2021-05,0,0,,0
88,2021-06,0,0,,0
88,2021-07,0,0,,0
88,2021-08,0,0,,0
88,2021-09,0,0,,0
88,2021-10,0,1,0.0,0
88,2021-11,0,1,0.0,0
88,2021-12,0,1,0.0,0
88,2022-01,0,0,,0
88,2022-02,0,1,0.0,0
88,2022-03,0,0,,0
88,2022-04,0,1,0.0,0
88,2022-05,0,1,0.0,0
88,2022-06,0,3,0.0,0
88,2022-07,0,1,0.0,0
89,2019-01,0,4,0.0,0
89,2019-02,0,6,0.0,0
89,2019-03,0,1,0.0,0
89,2019-04,0,2,0.0,0
89,2019-05,0,0,,0
89,2019-06,0,1,0.0,0
89,2019-07,0,0,,0
89,2019-08,0,0,,0
89,2019-09,0,3,0.0,0
89,2019-10,0,2,0.0,0
89,2019-11,0,0,,0
89,2019-12,0,2,0.0,0
89,2020-01,0,4,0.0,0
89,2020-02,0,2,0.0,0
89,2020-03,1,1,1.0,0
89,2020-04,0,1,0.0,0
89,2020-05,0,1,0.0,0
89,2020-06,0,0,,0
89,2020-07,0,0,,0
89,2020-08,0,1,0.0,0
89,2020-09,0,5,0.0,0
89,2020-10,0,0,,0
89,2020-11,0,0,,0
89,2020-12,0,4,0.0,0
89,2021-01,0,5,0.0,0
89,2021-02,0,2,0.0,0
89,2021-03,0,1,0.0,0
89,2021-04,0,1,0.0,0
89,2021-05,0,0,,0
89,2021-06,0,0,,0
89,2021-07,0,0,,0
89,2021-08,0,0,,0
89,2021-09,0,0,,0
89,2021-10,0,1,0.0,0
89,2021-11,0,0,,0
89,2021-12,0,0,,0
89,2022-01,0,0,,0
89,2022-02,0,2,0.0,0
89,2022-03,1,4,0.25,0
89,2022-04,0,0,,0
89,2022-05,0,0,,0
89,2022-06,0,0,,0
89,2022-07,0,0,,0
90,2019-01,0,1,0.0,0
90,2019-02,0,0,,0
90,2019-03,0,3,0.0,0
90,2019-04,0,1,0.0,0
90,2019-05,0,2,0.0,0
90,2019-06,0,3,0.0,0
90,2019-07,0,3,0.0,0
90,2019-08,3,6,0.5,1
90,2019-09,1,7,0.1429,0
90,2019-10,4,7,0.5714,1
90,2019-11,0,4,0.0,0
90,2019-12,0,1,0.0,0
90,2020-01,0,1,0.0,0
90,2020-02,0,0,,0
90,2020-03,0,0,,0
90,2020-04,0,0,,0
90,2020-05,0,1,0.0,0
90,2020-06,0,3,0.0,0
90,2020-07,0,0,,0
90,2020-08,0,0,,0
90,2020-09,0,3,0.0,0
90,2020-10,0,2,0.0,0
90,2020-11,0,2,0.0,0
90,2020-12,0,1,0.0,0
90,2021-01,0,1,0.0,0
90,2021-02,0,1,0.0,0
90,2021-03,0,0,,0
90,2021-04,0,1,0.0,0
90,2021-05,0,0,,0
90,2021-06,0,0,,0
90,2021-07,1,1,1.0,0
90,2021-08,0,0,,0
90,2021-09,0,1,0.0,0
90,2021-10,0,1,0.0,0
90,2021-11,0,0,,0
90,2021-12,0,0,,0
90,2022-01,1,2,0.5,0
90,2022-02,0,4,0.0,0
90,2022-03,0,1,0.0,0
90,2022-04,0,0,,0
90,2022-05,0,1,0.0,0
90,2022-06,0,1,0.0,0
90,2022-07,0,1,0.0,0
91,2019-01,0,0,,0
91,2019-02,0,0,,0
91,2019-03,0,1,0.0,0
91,2019-04,0,2,0.0,0
91,2019-05,0,3,0.0,0
91,2019-06,0,3,0.0,0
91,2019-07,1,2,0.5,1
91,2019-08,0,0,,0
91,2019-09,0,1,0.0,0
91,2019-10,0,1,0.0,0
91,2019-11,1,2,0.5,1
91,2019-12,0,0,,0
91,2020-01,1,5,0.2,1
91,2020-02,0,3,0.0,0
91,2020-03,0,1,0.0,0
91,2020-04,0,1,0.0,0
91,2020-05,0,0,,0
91,2020-06,0,0,,0
91,2020-07,0,0,,0
91,2020-08,0,0,,0
91,2020-09,0,3,0.0,0
91,2020-10,0,0,,0
91,2020-11,0,0,,0
91,2020-12,0,1,0.0,0
91,2021-01,0,1,0.0,0
91,2021-02,0,1,0.0,0
91,2021-03,0,1,0.0,0
91,2021-04,0,0,,0
91,2021-05,0,2,0.0,0
91,2021-06,0,2,0.0,0
91,2021-07,0,0,,0
91,2021-08,0,0,,0
91,2021-09,0,1,0.0,0
91,2021-10,0,1,0.0,0
91,2021-11,0,2,0.0,0
91,2021-12,0,0,,0
91,2022-01,0,0,,0
91,2022-02,0,0,,0
91,2022-03,0,1,0.0,0
91,2022-04,0,4,0.0,0
91,2022-05,0,0,,0
91,2022-06,0,0,,0
91,2022-07,0,0,,0
92,2019-01,0,2,0.0,0
92,2019-02,0,1,0.0,0
92,2019-03,0,0,,0
92,2019-04,0,0,,0
92,2019-05,0,1,0.0,0
92,2019-06,0,1,0.0,0
92,2019-07,0,1,0.0,0
92,2019-08,0,0,,0
92,2019-09,0,0,,0
92,2019-10,0,0,,0
92,2019-11,0,0,,0
92,2019-12,0,1,0.0,0
92,2020-01,0,0,,0
92,2020-02,0,1,0.0,0
92,2020-03,0,0,,0
92,2020-04,0,0,,0
92,2020-05,0,0,,0
92,2020-06,0,0,,0
92,2020-07,0,0,,0
92,2020-08,0,1,0.0,0
92,2020-09,0,0,,0
92,2020-10,0,2,0.0,0
92,2020-11,0,0,,0
92,2020-12,0,0,,0
92,2021-01,0,1,0.0,0
92,2021-02,0,0,,0
92,2021-03,0,1,0.0,0
92,2021-04,0,0,,0
92,2021-05,0,0,,0
92,2021-06,0,0,,0
92,2021-07,0,0,,0
92,2021-08,0,0,,0
92,2021-09,0,0,,0
92,2021-10,0,0,,0
92,2021-11,0,0,,0
92,2021-12,0,0,,0
92,2022-01,0,0,,0
92,2022-02,0,0,,0
92,2022-03,0,0,,0
92,2022-04,0,0,,0
92,2022-05,0,0,,0
92,2022-06,0,0,,0
92,2022-07,0,0,,0
93,2019-01,1,8,0.125,0
93,2019-02,0,4,0.0,0
93,2019-03,0,1,0.0,0
93,2019-04,2,8,0.25,1
93,2019-05,2,11,0.1818,1
93,2019-06,0,4,0.0,0
93,2019-07,0,3,0.0,0
93,2019-08,0,1,0.0,0
93,2019-09,1,1,1.0,0
93,2019-10,4,5,0.8,1
93,2019-11,0,2,0.0,0
93,2019-12,0,0,,0
93,2020-01,0,3,0.0,0
93,2020-02,7,14,0.5,1
93,2020-03,1,6,0.1667,0
93,2020-04,0,2,0.0,0
93,2020-05,1,2,0.5,0
93,2020-06,0,1,0.0,0
93,2020-07,0,3,0.0,0
93,2020-08,0,0,,0
93,2020-09,0,0,,0
93,2020-10,0,1,0.0,0
93,2020-11,0,5,0.0,0
93,2020-12,0,18,0.0,0
93,2021-01,0,0,,0
93,2021-02,0,0,,0
93,2021-03,0,2,0.0,0
93,2021-04,0,0,,0
93,2021-05,0,0,,0
93,2021-06,0,0,,0
93,2021-07,0,0,,0
93,2021-08,0,3,0.0,0
93,2021-09,0,1,0.0,0
93,2021-10,0,4,0.0,0
93,2021-11,0,1,0.0,0
93,2021-12,0,1,0.0,0
93,2022-01,0,0,,0
93,2022-02,1,4,0.25,0
93,2022-03,0,1,0.0,0
93,2022-04,0,0,,0
93,2022-05,0,2,0.0,0
93,2022-06,0,1,0.0,0
93,2022-07,0,0,,0
94,2019-01,0,1,0.0,0
94,2019-02,0,2,0.0,0
94,2019-03,0,1,0.0,0
94,2019-04,0,1,0.0,0
94,2019-05,0,1,0.0,0
94,2019-06,0,0,,0
94,2019-07,0,1,0.0,0
94,2019-08,0,3,0.0,0
94,2019-09,0,1,0.0,0
94,2019-10,0,1,0.0,0
94,2019-11,0,1,0.0,0
94,2019-12,1,2,0.5,0
94,2020-01,0,0,,0
94,2020-02,1,4,0.25,0
94,2020-03,0,1,0.0,0
94,2020-04,0,0,,0
94,2020-05,0,0,,0
94,2020-06,0,0,,0
94,2020-07,0,1,0.0,0
94,2020-08,0,0,,0
94,2020-09,2,4,0.5,1
94,2020-10,0,1,0.0,0
94,2020-11,0,1,0.0,0
94,2020-12,0,13,0.0,0
94,2021-01,0,9,0.0,0
94,2021-02,0,1,0.0,0
94,2021-03,0,1,0.0,0
94,2021-04,0,0,,0
94,2021-05,0,0,,0
94,2021-06,0,0,,0
94,2021-07,0,2,0.0,0
94,2021-08,0,0,,0
94,2021-09,0,3,0.0,0
94,2021-10,0,0,,0
94,2021-11,0,0,,0
94,2021-12,0,0,,0
94,2022-01,0,1,0.0,0
94,2022-02,0,0,,0
94,2022-03,0,1,0.0,0
94,2022-04,0,1,0.0,0
94,2022-05,0,1,0.0,0
94,2022-06,0,0,,0
94,2022-07,0,2,0.0,0
95,2019-01,0,1,0.0,0
95,2019-02,0,4,0.0,0
95,2019-03,0,3,0.0,0
95,2019-04,0,1,0.0,0
95,2019-05,0,0,,0
95,2019-06,0,0,,0
95,2019-07,0,1,0.0,0
95,2019-08,0,0,,0
95,2019-09,0,1,0.0,0
95,2019-10,0,2,0.0,0
95,2019-11,0,2,0.0,0
95,2019-12,0,0,,0
95,2020-01,0,0,,0
95,2020-02,0,1,0.0,0
95,2020-03,0,1,0.0,0
95,2020-04,0,0,,0
95,2020-05,0,1,0.0,0
95,2020-06,0,0,,0
95,2020-07,0,0,,0
95,2020-08,0,0,,0
95,2020-09,0,0,,0
95,2020-10,0,0,,0
95,2020-11,0,0,,0
95,2020-12,0,1,0.0,0
95,2021-01,0,0,,0
95,2021-02,0,2,0.0,0
95,2021-03,0,0,,0
95,2021-04,1,1,1.0,0
95,2021-05,0,0,,0
95,2021-06,0,0,,0
95,2021-07,0,0,,0
95,2021-08,0,0,,0
95,2021-09,0,0,,0
95,2021-10,0,0,,0
95,2021-11,0,0,,0
95,2021-12,0,0,,0
95,2022-01,0,0,,0
95,2022-02,0,0,,0
95,2022-03,0,0,,0
95,2022-04,0,0,,0
95,2022-05,0,0,,0
95,2022-06,0,0,,0
95,2022-07,0,1,0.0,0
96,2019-01,0,0,,0
96,2019-02,0,2,0.0,0
96,2019-03,0,0,,0
96,2019-04,0,0,,0
96,2019-05,0,0,,0
96,2019-06,1,1,1.0,0
96,2019-07,0,1,0.0,0
96,2019-08,0,0,,0
96,2019-09,0,0,,0
96,2019-10,0,0,,0
96,2019-11,0,0,,0
96,2019-12,0,0,,0
96,2020-01,0,1,0.0,0
96,2020-02,0,0,,0
96,2020-03,0,1,0.0,0
96,2020-04,0,0,,0
96,2020-05,0,0,,0
96,2020-06,0,0,,0
96,2020-07,1,1,1.0,0
96,2020-08,0,1,0.0,0
96,2020-09,0,0,,0
96,2020-10,0,0,,0
96,2020-11,0,0,,0
96,2020-12,0,0,,0
96,2021-01,0,0,,0
96,2021-02,0,0,,0
96,2021-03,0,1,0.0,0
96,2021-04,0,0,,0
96,2021-05,0,0,,0
96,2021-06,0,0,,0
96,2021-07,0,0,,0
96,2021-08,0,0,,0
96,2021-09,0,0,,0
96,2021-10,0,0,,0
96,2021-11,0,0,,0
96,2021-12,0,0,,0
96,2022-01,0,1,0.0,0
96,2022-02,0,0,,0
96,2022-03,0,2,0.0,0
96,2022-04,0,0,,0
96,2022-05,0,1,0.0,0
96,2022-06,0,2,0.0,0
96,2022-07,0,1,0.0,0
97,2019-01,0,0,,0
97,2019-02,0,0,,0
97,2019-03,0,1,0.0,0
97,2019-04,0,1,0.0,0
97,2019-05,0,0,,0
97,2019-06,0,0,,0
97,2019-07,0,0,,0
97,2019-08,0,0,,0
97,2019-09,0,0,,0
97,2019-10,0,0,,0
97,2019-11,0,0,,0
97,2019-12,0,0,,0
97,2020-01,0,0,,0
97,2020-02,0,0,,0
97,2020-03,0,1,0.0,0
97,2020-04,0,0,,0
97,2020-05,0,1,0.0,0
97,2020-06,0,0,,0
97,2020-07,0,0,,0
97,2020-08,0,0,,0
97,2020-09,0,0,,0
97,2020-10,0,1,0.0,0
97,2020-11,0,0,,0
97,2020-12,0,0,,0
97,2021-01,1,1,1.0,1
97,2021-02,0,0,,0
97,2021-03,0,0,,0
97,2021-04,0,0,,0
97,2021-05,0,0,,0
97,2021-06,0,0,,0
97,2021-07,0,0,,0
97,2021-08,0,1,0.0,0
97,2021-09,0,0,,0
97,2021-10,0,0,,0
97,2021-11,0,0,,0
97,2021-12,0,1,0.0,0
97,2022-01,0,0,,0
97,2022-02,0,1,0.0,0
97,2022-03,0,0,,0
97,2022-04,0,0,,0
97,2022-05,0,0,,0
97,2022-06,0,0,,0
97,2022-07,0,0,,0
98,2019-01,0,0,,0
98,2019-02,0,1,0.0,0
98,2019-03,0,1,0.0,0
98,2019-04,0,1,0.0,0
98,2019-05,0,0,,0
98,2019-06,0,0,,0
98,2019-07,0,1,0.0,0
98,2019-08,0,1,0.0,0
98,2019-09,0,0,,0
98,2019-10,1,1,1.0,1
98,2019-11,0,3,0.0,0
98,2019-12,0,0,,0
98,2020-01,0,0,,0
98,2020-02,0,0,,0
98,2020-03,1,1,1.0,1
98,2020-04,0,1,0.0,0
98,2020-05,0,1,0.0,0
98,2020-06,0,0,,0
98,2020-07,0,0,,0
98,2020-08,0,0,,0
98,2020-09,0,0,,0
98,2020-10,0,0,,0
98,2020-11,0,1,0.0,0
98,2020-12,0,1,0.0,0
98,2021-01,0,1,0.0,0
98,2021-02,0,1,0.0,0
98,2021-03,0,0,,0
98,2021-04,0,0,,0
98,2021-05,0,0,,0
98,2021-06,0,0,,0
98,2021-07,0,0,,0
98,2021-08,0,0,,0
98,2021-09,0,0,,0
98,2021-10,0,0,,0
98,2021-11,0,2,0.0,0
98,2021-12,0,0,,0
98,2022-01,0,0,,0
98,2022-02,0,1,0.0,0
98,2022-03,0,0,,0
98,2022-04,0,0,,0
98,2022-05,0,0,,0
98,2022-06,0,0,,0
98,2022-07,0,0,,0
99,2019-01,0,1,0.0,0
99,2019-02,0,1,0.0,0
99,2019-03,0,0,,0
99,2019-04,0,0,,0
99,2019-05,1,2,0.5,0
99,2019-06,0,0,,0
99,2019-07,0,0,,0
99,2019-08,0,3,0.0,0
99,2019-09,0,2,0.0,0
99,2019-10,0,0,,0
99,2019-11,1,3,0.3333,0
99,2019-12,0,0,,0
99,2020-01,0,1,0.0,0
99,2020-02,0,0,,0
99,2020-03,0,1,0.0,0
99,2020-04,0,0,,0
99,2020-05,0,2,0.0,0
99,2020-06,0,0,,0
99,2020-07,1,2,0.5,0
99,2020-08,0,0,,0
99,2020-09,0,1,0.0,0
99,2020-10,0,1,0.0,0
99,2020-11,0,4,0.0,0
99,2020-12,0,2,0.0,0
99,2021-01,0,0,,0
99,2021-02,0,0,,0
99,2021-03,0,0,,0
99,2021-04,0,1,0.0,0
99,2021-05,0,0,,0
99,2021-06,0,0,,0
99,2021-07,0,0,,0
99,2021-08,0,1,0.0,0
99,2021-09,0,0,,0
99,2021-10,0,0,,0
99,2021-11,0,1,0.0,0
99,2021-12,0,0,,0
99,2022-01,0,0,,0
99,2022-02,0,3,0.0,0
99,2022-03,0,0,,0
99,2022-04,0,2,0.0,0
99,2022-05,0,1,0.0,0
99,2022-06,0,0,,0
99,2022-07,0,0,,0
100,2019-01,0,0,,0
100,2019-02,0,0,,0
100,2019-03,0,1,0.0,0
100,2019-04,0,0,,0
100,2019-05,0,0,,0
100,2019-06,0,0,,0
100,2019-07,0,1,0.0,0
100,2019-08,0,0,,0
100,2019-09,0,0,,0
100,2019-10,0,1,0.0,0
100,2019-11,0,2,0.0,0
100,2019-12,0,0,,0
100,2020-01,0,0,,0
100,2020-02,0,1,0.0,0
100,2020-03,0,1,0.0,0
100,2020-04,0,0,,0
100,2020-05,0,0,,0
100,2020-06,0,1,0.0,0
100,2020-07,0,0,,0
100,2020-08,0,0,,0
100,2020-09,0,1,0.0,0
100,2020-10,0,0,,0
100,2020-11,0,1,0.0,0
100,2020-12,0,3,0.0,0
100,2021-01,0,1,0.0,0
100,2021-02,0,0,,0
100,2021-03,0,2,0.0,0
100,2021-04,0,0,,0
100,2021-05,0,0,,0
100,2021-06,0,0,,0
100,2021-07,0,0,,0
100,2021-08,0,4,0.0,0
100,2021-09,0,1,0.0,0
100,2021-10,0,4,0.0,0
100,2021-11,0,1,0.0,0
100,2021-12,0,1,0.0,0
100,2022-01,0,3,0.0,0
100,2022-02,1,1,1.0,0
100,2022-03,0,0,,0
100,2022-04,0,0,,0
100,2022-05,0,0,,0
100,2022-06,0,2,0.0,0
100,2022-07,0,6,0.0,0
101,2019-01,0,1,0.0,0
101,2019-02,0,1,0.0,0
101,2019-03,0,2,0.0,0
101,2019-04,0,0,,0
101,2019-05,0,0,,0
101,2019-06,0,0,,0
101,2019-07,0,0,,0
101,2019-08,0,2,0.0,0
101,2019-09,0,1,0.0,0
101,2019-10,0,0,,0
101,2019-11,0,0,,0
101,2019-12,0,0,,0
101,2020-01,0,0,,0
101,2020-02,0,1,0.0,0
101,2020-03,0,0,,0
101,2020-04,0,0,,0
101,2020-05,0,0,,0
101,2020-06,0,0,,0
101,2020-07,0,0,,0
101,2020-08,0,0,,0
101,2020-09,0,0,,0
101,2020-10,0,0,,0
101,2020-11,0,0,,0
101,2020-12,0,0,,0
101,2021-01,0,0,,0
101,2021-02,0,0,,0
101,2021-03,0,0,,0
101,2021-04,0,0,,0
101,2021-05,0,0,,0
101,2021-06,0,0,,0
101,2021-07,0,1,0.0,0
101,2021-08,0,0,,0
101,2021-09,0,0,,0
101,2021-10,0,0,,0
101,2021-11,0,0,,0
101,2021-12,0,0,,0
101,2022-01,0,0,,0
101,2022-02,0,0,,0
101,2022-03,0,1,0.0,0
101,2022-04,0,0,,0
101,2022-05,0,0,,0
101,2022-06,0,0,,0
101,2022-07,0,0,,0
102,2019-01,0,0,,0
102,2019-02,0,0,,0
102,2019-03,0,1,0.0,0
102,2019-04,1,1,1.0,0
102,2019-05,0,0,,0
102,2019-06,0,0,,0
102,2019-07,0,0,,0
102,2019-08,0,0,,0
102,2019-09,0,0,,0
102,2019-10,1,1,1.0,0
102,2019-11,0,1,0.0,0
102,2019-12,0,1,0.0,0
102,2020-01,0,0,,0
102,2020-02,0,0,,0
102,2020-03,0,4,0.0,0
102,2020-04,0,0,,0
102,2020-05,0,1,0.0,0
102,2020-06,0,0,,0
102,2020-07,0,0,,0
102,2020-08,0,1,0.0,0
102,2020-09,0,0,,0
102,2020-10,0,1,0.0,0
102,2020-11,0,0,,0
102,2020-12,0,1,0.0,0
102,2021-01,0,0,,0
102,2021-02,0,0,,0
102,2021-03,0,0,,0
102,2021-04,0,1,0.0,0
102,2021-05,0,0,,0
102,2021-06,0,0,,0
102,2021-07,0,0,,0
102,2021-08,0,0,,0
102,2021-09,0,0,,0
102,2021-10,0,1,0.0,0
102,2021-11,0,0,,0
102,2021-12,0,0,,0
102,2022-01,0,0,,0
102,2022-02,0,0,,0
102,2022-03,0,1,0.0,0
102,2022-04,0,0,,0
102,2022-05,0,0,,0
102,2022-06,0,0,,0
102,2022-07,0,1,0.0,0
103,2019-01,1,2,0.5,0
103,2019-02,0,1,0.0,0
103,2019-03,2,3,0.6667,1
103,2019-04,0,0,,0
103,2019-05,0,1,0.0,0
103,2019-06,1,2,0.5,0
103,2019-07,0,0,,0
103,2019-08,0,1,0.0,0
103,2019-09,1,1,1.0,0
103,2019-10,0,0,,0
103,2019-11,1,2,0.5,0
103,2019-12,0,0,,0
103,2020-01,0,0,,0
103,2020-02,0,1,0.0,0
103,2020-03,0,1,0.0,0
103,2020-04,0,0,,0
103,2020-05,0,0,,0
103,2020-06,0,0,,0
103,2020-07,0,0,,0
103,2020-08,0,0,,0
103,2020-09,0,0,,0
103,2020-10,0,0,,0
103,2020-11,0,0,,0
103,2020-12,0,1,0.0,0
103,2021-01,0,1,0.0,0
103,2021-02,0,1,0.0,0
103,2021-03,0,1,0.0,0
103,2021-04,0,0,,0
103,2021-05,0,3,0.0,0
103,2021-06,0,0,,0
103,2021-07,0,0,,0
103,2021-08,0,0,,0
103,2021-09,0,0,,0
103,2021-10,0,0,,0
103,2021-11,0,0,,0
103,2021-12,0,0,,0
103,2022-01,0,0,,0
103,2022-02,0,0,,0
103,2022-03,0,0,,0
103,2022-04,0,0,,0
103,2022-05,0,0,,0
103,2022-06,0,0,,0
103,2022-07,0,3,0.0,0
104,2019-01,0,1,0.0,0
104,2019-02,0,0,,0
104,2019-03,0,0,,0
104,2019-04,0,2,0.0,0
104,2019-05,0,0,,0
104,2019-06,0,2,0.0,0
104,2019-07,0,1,0.0,0
104,2019-08,0,1,0.0,0
104,2019-09,0,1,0.0,0
104,2019-10,0,0,,0
104,2019-11,0,2,0.0,0
104,2019-12,0,0,,0
104,2020-01,0,0,,0
104,2020-02,0,0,,0
104,2020-03,0,3,0.0,0
104,2020-04,0,0,,0
104,2020-05,0,0,,0
104,2020-06,0,1,0.0,0
104,2020-07,0,0,,0
104,2020-08,0,1,0.0,0
104,2020-09,0,3,0.0,0
104,2020-10,0,0,,0
104,2020-11,0,3,0.0,0
104,2020-12,1,2,0.5,1
104,2021-01,0,2,0.0,0
104,2021-02,0,1,0.0,0
104,2021-03,0,0,,0
104,2021-04,0,1,0.0,0
104,2021-05,0,0,,0
104,2021-06,0,1,0.0,0
104,2021-07,0,0,,0
104,2021-08,0,1,0.0,0
104,2021-09,0,1,0.0,0
104,2021-10,0,0,,0
104,2021-11,0,1,0.0,0
104,2021-12,0,0,,0
104,2022-01,0,0,,0
104,2022-02,0,1,0.0,0
104,2022-03,0,0,,0
104,2022-04,0,1,0.0,0
104,2022-05,0,0,,0
104,2022-06,0,1,0.0,0
104,2022-07,0,0,,0
105,2019-01,0,0,,0
105,2019-02,0,1,0.0,0
105,2019-03,0,2,0.0,0
105,2019-04,0,1,0.0,0
105,2019-05,0,0,,0
105,2019-06,0,1,0.0,0
105,2019-07,0,0,,0
105,2019-08,0,0,,0
105,2019-09,0,1,0.0,0
105,2019-10,0,0,,0
105,2019-11,0,1,0.0,0
105,2019-12,0,0,,0
105,2020-01,0,0,,0
105,2020-02,0,0,,0
105,2020-03,0,0,,0
105,2020-04,0,0,,0
105,2020-05,0,1,0.0,0
105,2020-06,0,0,,0
105,2020-07,0,0,,0
105,2020-08,0,2,0.0,0
105,2020-09,0,0,,0
105,2020-10,0,0,,0
105,2020-11,0,0,,0
105,2020-12,0,1,0.0,0
105,2021-01,0,1,0.0,0
105,2021-02,0,0,,0
105,2021-03,0,0,,0
105,2021-04,0,0,,0
105,2021-05,0,0,,0
105,2021-06,0,0,,0
105,2021-07,0,0,,0
105,2021-08,0,0,,0
105,2021-09,0,0,,0
105,2021-10,0,1,0.0,0
105,2021-11,0,2,0.0,0
105,2021-12,0,0,,0
105,2022-01,0,0,,0
105,2022-02,0,0,,0
105,2022-03,0,1,0.0,0
105,2022-04,0,0,,0
105,2022-05,0,0,,0
105,2022-06,0,2,0.0,0
105,2022-07,0,0,,0
106,2019-01,0,1,0.0,0
106,2019-02,0,0,,0
106,2019-03,0,1,0.0,0
106,2019-04,0,0,,0
106,2019-05,0,0,,0
106,2019-06,0,1,0.0,0
106,2019-07,0,2,0.0,0
106,2019-08,0,0,,0
106,2019-09,0,0,,0
106,2019-10,0,1,0.0,0
106,2019-11,1,3,0.3333,0
106,2019-12,0,0,,0
106,2020-01,0,0,,0
106,2020-02,0,1,0.0,0
106,2020-03,0,2,0.0,0
106,2020-04,0,0,,0
106,2020-05,0,0,,0
106,2020-06,0,0,,0
106,2020-07,1,1,1.0,0
106,2020-08,0,1,0.0,0
106,2020-09,0,0,,0
106,2020-10,0,0,,0
106,2020-11,0,5,0.0,0
106,2020-12,0,5,0.0,0
106,2021-01,0,1,0.0,0
106,2021-02,0,1,0.0,0
106,2021-03,0,0,,0
106,2021-04,0,0,,0
106,2021-05,0,1,0.0,0
106,2021-06,0,2,0.0,0
106,2021-07,0,0,,0
106,2021-08,0,0,,0
106,2021-09,0,0,,0
106,2021-10,0,0,,0
106,2021-11,0,0,,0
106,2021-12,0,0,,0
106,2022-01,0,0,,0
106,2022-02,0,0,,0
106,2022-03,0,2,0.0,0
106,2022-04,0,3,0.0,0
106,2022-05,0,1,0.0,0
106,2022-06,0,0,,0
106,2022-07,0,0,,0
107,2019-01,0,0,,0
107,2019-02,0,0,,0
107,2019-03,0,1,0.0,0
107,2019-04,0,0,,0
107,2019-05,0,0,,0
107,2019-06,0,0,,0
107,2019-07,1,1,1.0,1
107,2019-08,0,1,0.0,0
107,2019-09,0,1,0.0,0
107,2019-10,0,1,0.0,0
107,2019-11,0,0,,0
107,2019-12,0,0,,0
107,2020-01,0,0,,0
107,2020-02,0,0,,0
107,2020-03,0,2,0.0,0
107,2020-04,0,0,,0
107,2020-05,0,0,,0
107,2020-06,0,0,,0
107,2020-07,0,0,,0
107,2020-08,0,0,,0
107,2020-09,0,0,,0
107,2020-10,0,0,,0
107,2020-11,1,1,1.0,1
107,2020-12,0,0,,0
107,2021-01,0,2,0.0,0
107,2021-02,0,3,0.0,0
107,2021-03,0,0,,0
107,2021-04,0,1,0.0,0
107,2021-05,0,0,,0
107,2021-06,0,0,,0
107,2021-07,0,0,,0
107,2021-08,0,0,,0
107,2021-09,0,1,0.0,0
107,2021-10,0,0,,0
107,2021-11,0,0,,0
107,2021-12,0,0,,0
107,2022-01,0,0,,0
107,2022-02,0,0,,0
107,2022-03,0,0,,0
107,2022-04,0,3,0.0,0
107,2022-05,0,0,,0
107,2022-06,0,0,,0
107,2022-07,0,0,,0
108,2019-01,1,1,1.0,0
108,2019-02,0,0,,0
108,2019-03,0,0,,0
108,2019-04,0,1,0.0,0
108,2019-05,0,2,0.0,0
108,2019-06,0,0,,0
108,2019-07,0,1,0.0,0
108,2019-08,0,4,0.0,0
108,2019-09,0,3,0.0,0
108,2019-10,0,2,0.0,0
108,2019-11,0,5,0.0,0
108,2019-12,0,0,,0
108,2020-01,0,0,,0
108,2020-02,0,1,0.0,0
108,2020-03,0,1,0.0,0
108,2020-04,0,0,,0
108,2020-05,0,0,,0
108,2020-06,0,1,0.0,0
108,2020-07,0,1,0.0,0
108,2020-08,0,0,,0
108,2020-09,0,0,,0
108,2020-10,0,10,0.0,0
108,2020-11,0,0,,0
108,2020-12,0,0,,0
108,2021-01,0,0,,0
108,2021-02,0,0,,0
108,2021-03,0,0,,0
108,2021-04,0,0,,0
108,2021-05,0,0,,0
108,2021-06,0,0,,0
108,2021-07,0,0,,0
108,2021-08,0,0,,0
108,2021-09,0,0,,0
108,2021-10,0,0,,0
108,2021-11,0,0,,0
108,2021-12,0,0,,0
108,2022-01,0,2,0.0,0
108,2022-02,0,1,0.0,0
108,2022-03,0,3,0.0,0
108,2022-04,0,0,,0
108,2022-05,0,0,,0
108,2022-06,0,0,,0
108,2022-07,0,0,,0
109,2019-01,3,4,0.75,1
109,2019-02,0,1,0.0,0
109,2019-03,0,0,,0
109,2019-04,0,2,0.0,0
109,2019-05,1,3,0.3333,1
109,2019-06,1,2,0.5,1
109,2019-07,0,0,,0
109,2019-08,0,1,0.0,0
109,2019-09,0,7,0.0,0
109,2019-10,0,8,0.0,0
109,2019-11,2,2,1.0,1
109,2019-12,0,1,0.0,0
109,2020-01,0,0,,0
109,2020-02,0,4,0.0,0
109,2020-03,2,6,0.3333,1
109,2020-04,0,1,0.0,0
109,2020-05,1,2,0.5,1
109,2020-06,0,2,0.0,0
109,2020-07,0,0,,0
109,2020-08,0,0,,0
109,2020-09,0,0,,0
109,2020-10,0,1,0.0,0
109,2020-11,1,7,0.1429,1
109,2020-12,0,5,0.0,0
109,2021-01,0,1,0.0,0
109,2021-02,0,0,,0
109,2021-03,0,0,,0
109,2021-04,0,0,,0
109,2021-05,0,1,0.0,0
109,2021-06,0,0,,0
109,2021-07,0,0,,0
109,2021-08,0,2,0.0,0
109,2021-09,0,2,0.0,0
109,2021-10,0,2,0.0,0
109,2021-11,0,1,0.0,0
109,2021-12,0,1,0.0,0
109,2022-01,0,0,,0
109,2022-02,0,0,,0
109,2022-03,0,0,,0
109,2022-04,0,5,0.0,0
109,2022-05,0,0,,0
109,2022-06,0,2,0.0,0
109,2022-07,0,2,0.0,0
110,2019-01,2,9,0.2222,1
110,2019-02,1,2,0.5,0
110,2019-03,0,4,0.0,0
110,2019-04,1,3,0.3333,0
110,2019-05,0,1,0.0,0
110,2019-06,0,1,0.0,0
110,2019-07,0,0,,0
110,2019-08,1,4,0.25,0
110,2019-09,0,5,0.0,0
110,2019-10,0,0,,0
110,2019-11,1,4,0.25,0
110,2019-12,1,3,0.3333,0
110,2020-01,0,4,0.0,0
110,2020-02,2,7,0.2857,1
110,2020-03,0,5,0.0,0
110,2020-04,0,2,0.0,0
110,2020-05,0,0,,0
110,2020-06,0,3,0.0,0
110,2020-07,0,4,0.0,0
110,2020-08,0,2,0.0,0
110,2020-09,0,0,,0
110,2020-10,0,3,0.0,0
110,2020-11,0,2,0.0,0
110,2020-12,0,10,0.0,0
110,2021-01,1,5,0.2,0
110,2021-02,0,2,0.0,0
110,2021-03,0,1,0.0,0
110,2021-04,0,2,0.0,0
110,2021-05,0,0,,0
110,2021-06,0,1,0.0,0
110,2021-07,0,0,,0
110,2021-08,0,1,0.0,0
110,2021-09,0,1,0.0,0
110,2021-10,0,3,0.0,0
110,2021-11,0,1,0.0,0
110,2021-12,0,0,,0
110,2022-01,0,0,,0
110,2022-02,0,5,0.0,0
110,2022-03,0,4,0.0,0
110,2022-04,0,5,0.0,0
110,2022-05,0,4,0.0,0
110,2022-06,0,1,0.0,0
110,2022-07,1,2,0.5,0
111,2019-01,0,11,0.0,0
111,2019-02,0,3,0.0,0
111,2019-03,0,5,0.0,0
111,2019-04,0,5,0.0,0
111,2019-05,0,6,0.0,0
111,2019-06,2,11,0.1818,1
111,2019-07,1,7,0.1429,0
111,2019-08,2,9,0.2222,1
111,2019-09,2,12,0.1667,1
111,2019-10,1,9,0.1111,0
111,2019-11,0,10,0.0,0
111,2019-12,0,3,0.0,0
111,2020-01,0,3,0.0,0
111,2020-02,3,8,0.375,1
111,2020-03,0,3,0.0,0
111,2020-04,0,0,,0
111,2020-05,0,1,0.0,0
111,2020-06,0,0,,0
111,2020-07,0,0,,0
111,2020-08,0,2,0.0,0
111,2020-09,0,0,,0
111,2020-10,1,2,0.5,0
111,2020-11,0,0,,0
111,2020-12,0,8,0.0,0
111,2021-01,7,12,0.5833,1
111,2021-02,0,1,0.0,0
111,2021-03,0,0,,0
111,2021-04,0,2,0.0,0
111,2021-05,0,0,,0
111,2021-06,0,1,0.0,0
111,2021-07,0,0,,0
111,2021-08,0,4,0.0,0
111,2021-09,0,3,0.0,0
111,2021-10,0,0,,0
111,2021-11,0,4,0.0,0
111,2021-12,0,2,0.0,0
111,2022-01,0,1,0.0,0
111,2022-02,0,1,0.0,0
111,2022-03,0,2,0.0,0
111,2022-04,0,4,0.0,0
111,2022-05,0,1,0.0,0
111,2022-06,0,1,0.0,0
111,2022-07,0,2,0.0,0
112,2019-01,0,3,0.0,0
112,2019-02,1,2,0.5,0
112,2019-03,0,0,,0
112,2019-04,0,1,0.0,0
112,2019-05,0,1,0.0,0
112,2019-06,0,1,0.0,0
112,2019-07,0,3,0.0,0
112,2019-08,1,2,0.5,0
112,2019-09,0,0,,0
112,2019-10,1,2,0.5,0
112,2019-11,0,1,0.0,0
112,2019-12,0,0,,0
112,2020-01,0,0,,0
112,2020-02,0,0,,0
112,2020-03,1,2,0.5,0
112,2020-04,0,1,0.0,0
112,2020-05,0,1,0.0,0
112,2020-06,1,2,0.5,0
112,2020-07,0,0,,0
112,2020-08,0,0,,0
112,2020-09,0,2,0.0,0
112,2020-10,0,0,,0
112,2020-11,0,1,0.0,0
112,2020-12,0,4,0.0,0
112,2021-01,1,7,0.1429,0
112,2021-02,0,0,,0
112,2021-03,0,0,,0
112,2021-04,0,0,,0
112,2021-05,0,3,0.0,0
112,2021-06,0,0,,0
112,2021-07,0,9,0.0,0
112,2021-08,0,2,0.0,0
112,2021-09,2,2,1.0,1
112,2021-10,0,1,0.0,0
112,2021-11,0,1,0.0,0
112,2021-12,0,0,,0
112,2022-01,0,0,,0
112,2022-02,0,4,0.0,0
112,2022-03,0,0,,0
112,2022-04,0,0,,0
112,2022-05,0,0,,0
112,2022-06,0,4,0.0,0
112,2022-07,0,0,,0
113,2019-01,2,4,0.5,1
113,2019-02,0,4,0.0,0
113,2019-03,2,10,0.2,1
113,2019-04,1,1,1.0,0
113,2019-05,0,2,0.0,0
113,2019-06,1,6,0.1667,0
113,2019-07,0,6,0.0,0
113,2019-08,0,4,0.0,0
113,2019-09,1,5,0.2,0
113,2019-10,2,2,1.0,1
113,2019-11,2,8,0.25,1
113,2019-12,0,0,,0
113,2020-01,2,9,0.2222,1
113,2020-02,1,11,0.0909,0
113,2020-03,0,1,0.0,0
113,2020-04,0,1,0.0,0
113,2020-05,1,5,0.2,0
113,2020-06,0,6,0.0,0
113,2020-07,0,2,0.0,0
113,2020-08,1,3,0.3333,0
113,2020-09,0,3,0.0,0
113,2020-10,0,3,0.0,0
113,2020-11,0,3,0.0,0
113,2020-12,0,2,0.0,0
113,2021-01,0,7,0.0,0
113,2021-02,0,14,0.0,0
113,2021-03,0,2,0.0,0
113,2021-04,0,2,0.0,0
113,2021-05,0,0,,0
113,2021-06,0,2,0.0,0
113,2021-07,0,0,,0
113,2021-08,0,2,0.0,0
113,2021-09,0,0,,0
113,2021-10,0,0,,0
113,2021-11,0,0,,0
113,2021-12,0,0,,0
113,2022-01,0,0,,0
113,2022-02,0,0,,0
113,2022-03,0,0,,0
113,2022-04,0,0,,0
113,2022-05,0,1,0.0,0
113,2022-06,0,0,,0
113,2022-07,0,0,,0
114,2019-01,0,1,0.0,0
114,2019-02,3,6,0.5,1
114,2019-03,0,1,0.0,0
114,2019-04,0,2,0.0,0
114,2019-05,2,5,0.4,0
114,2019-06,1,6,0.1667,0
114,2019-07,0,5,0.0,0
114,2019-08,0,2,0.0,0
114,2019-09,0,2,0.0,0
114,2019-10,1,2,0.5,0
114,2019-11,1,5,0.2,0
114,2019-12,0,2,0.0,0
114,2020-01,0,2,0.0,0
114,2020-02,2,4,0.5,0
114,2020-03,1,3,0.3333,0
114,2020-04,0,0,,0
114,2020-05,0,0,,0
114,2020-06,0,0,,0
114,2020-07,1,1,1.0,0
114,2020-08,1,1,1.0,0
114,2020-09,0,6,0.0,0
114,2020-10,0,0,,0
114,2020-11,0,1,0.0,0
114,2020-12,1,5,0.2,0
114,2021-01,0,3,0.0,0
114,2021-02,0,0,,0
114,2021-03,0,0,,0
114,2021-04,0,1,0.0,0
114,2021-05,0,0,,0
114,2021-06,0,0,,0
114,2021-07,0,2,0.0,0
114,2021-08,0,0,,0
114,2021-09,0,0,,0
114,2021-10,1,2,0.5,0
114,2021-11,0,2,0.0,0
114,2021-12,0,0,,0
114,2022-01,0,1,0.0,0
114,2022-02,0,2,0.0,0
114,2022-03,0,2,0.0,0
114,2022-04,0,0,,0
114,2022-05,0,1,0.0,0
114,2022-06,0,0,,0
114,2022-07,0,0,,0
115,2019-01,0,1,0.0,0
115,2019-02,0,1,0.0,0
115,2019-03,0,1,0.0,0
115,2019-04,0,2,0.0,0
115,2019-05,0,1,0.0,0
115,2019-06,0,0,,0
115,2019-07,0,1,0.0,0
115,2019-08,0,1,0.0,0
115,2019-09,0,0,,0
115,2019-10,0,1,0.0,0
115,2019-11,0,2,0.0,0
115,2019-12,0,1,0.0,0
115,2020-01,0,0,,0
115,2020-02,0,0,,0
115,2020-03,0,0,,0
115,2020-04,0,0,,0
115,2020-05,0,1,0.0,0
115,2020-06,0,0,,0
115,2020-07,0,0,,0
115,2020-08,0,1,0.0,0
115,2020-09,0,0,,0
115,2020-10,0,0,,0
115,2020-11,0,0,,0
115,2020-12,0,1,0.0,0
115,2021-01,1,2,0.5,1
115,2021-02,0,0,,0
115,2021-03,0,1,0.0,0
115,2021-04,0,0,,0
115,2021-05,0,0,,0
115,2021-06,0,0,,0
115,2021-07,0,1,0.0,0
115,2021-08,0,0,,0
115,2021-09,0,0,,0
115,2021-10,0,0,,0
115,2021-11,0,0,,0
115,2021-12,0,0,,0
115,2022-01,0,0,,0
115,2022-02,0,2,0.0,0
115,2022-03,0,2,0.0,0
115,2022-04,0,0,,0
115,2022-05,0,0,,0
115,2022-06,0,0,,0
115,2022-07,0,0,,0
116,2019-01,0,0,,0
116,2019-02,0,0,,0
116,2019-03,0,1,0.0,0
116,2019-04,0,0,,0
116,2019-05,0,0,,0
116,2019-06,0,0,,0
116,2019-07,0,0,,0
116,2019-08,0,0,,0
116,2019-09,0,0,,0
116,2019-10,0,0,,0
116,2019-11,0,0,,0
116,2019-12,0,0,,0
116,2020-01,0,1,0.0,0
116,2020-02,0,0,,0
116,2020-03,0,0,,0
116,2020-04,0,0,,0
116,2020-05,0,0,,0
116,2020-06,0,3,0.0,0
116,2020-07,0,0,,0
116,2020-08,1,1,1.0,1
116,2020-09,0,0,,0
116,2020-10,0,0,,0
116,2020-11,0,0,,0
116,2020-12,0,0,,0
116,2021-01,0,0,,0
116,2021-02,0,0,,0
116,2021-03,0,0,,0
116,2021-04,0,0,,0
116,2021-05,0,0,,0
116,2021-06,0,0,,0
116,2021-07,0,0,,0
116,2021-08,0,0,,0
116,2021-09,0,0,,0
116,2021-10,1,2,0.5,1
116,2021-11,0,1,0.0,0
116,2021-12,0,0,,0
116,2022-01,0,0,,0
116,2022-02,0,0,,0
116,2022-03,0,1,0.0,0
116,2022-04,0,0,,0
116,2022-05,0,0,,0
116,2022-06,0,0,,0
116,2022-07,0,0,,0
117,2019-01,0,0,,0
117,2019-02,0,0,,0
117,2019-03,0,2,0.0,0
117,2019-04,0,1,0.0,0
117,2019-05,0,0,,0
117,2019-06,0,0,,0
117,2019-07,0,3,0.0,0
117,2019-08,0,0,,0
117,2019-09,0,0,,0
117,2019-10,1,1,1.0,0
117,2019-11,0,3,0.0,0
117,2019-12,0,1,0.0,0
117,2020-01,0,5,0.0,0
117,2020-02,0,3,0.0,0
117,2020-03,1,1,1.0,0
117,2020-04,0,0,,0
117,2020-05,0,0,,0
117,2020-06,0,4,0.0,0
117,2020-07,0,0,,0
117,2020-08,0,0,,0
117,2020-09,0,0,,0
117,2020-10,0,1,0.0,0
117,2020-11,0,0,,0
117,2020-12,0,3,0.0,0
117,2021-01,0,0,,0
117,2021-02,0,2,0.0,0
117,2021-03,0,0,,0
117,2021-04,0,0,,0
117,2021-05,0,0,,0
117,2021-06,0,0,,0
117,2021-07,0,2,0.0,0
117,2021-08,0,1,0.0,0
117,2021-09,0,0,,0
117,2021-10,0,1,0.0,0
117,2021-11,0,0,,0
117,2021-12,0,0,,0
117,2022-01,0,0,,0
117,2022-02,0,0,,0
117,2022-03,0,1,0.0,0
117,2022-04,0,0,,0
117,2022-05,0,0,,0
117,2022-06,0,1,0.0,0
117,2022-07,0,0,,0
118,2019-01,0,1,0.0,0
118,2019-02,0,1,0.0,0
118,2019-03,0,2,0.0,0
118,2019-04,0,0,,0
118,2019-05,0,0,,0
118,2019-06,2,3,0.6667,1
118,2019-07,0,0,,0
118,2019-08,1,3,0.3333,0
118,2019-09,0,2,0.0,0
118,2019-10,0,2,0.0,0
118,2019-11,0,1,0.0,0
118,2019-12,2,2,1.0,1
118,2020-01,0,0,,0
118,2020-02,0,3,0.0,0
118,2020-03,0,3,0.0,0
118,2020-04,0,2,0.0,0
118,2020-05,0,0,,0
118,2020-06,0,0,,0
118,2020-07,0,0,,0
118,2020-08,0,1,0.0,0
118,2020-09,0,0,,0
118,2020-10,0,0,,0
118,2020-11,0,0,,0
118,2020-12,0,2,0.0,0
118,2021-01,0,1,0.0,0
118,2021-02,0,0,,0
118,2021-03,0,0,,0
118,2021-04,0,0,,0
118,2021-05,0,0,,0
118,2021-06,0,0,,0
118,2021-07,0,1,0.0,0
118,2021-08,0,0,,0
118,2021-09,0,0,,0
118,2021-10,0,0,,0
118,2021-11,0,1,0.0,0
118,2021-12,0,1,0.0,0
118,2022-01,0,0,,0
118,2022-02,0,0,,0
118,2022-03,0,0,,0
118,2022-04,0,1,0.0,0
118,2022-05,0,2,0.0,0
118,2022-06,0,0,,0
118,2022-07,0,0,,0
119,2019-01,0,3,0.0,0
119,2019-02,0,1,0.0,0
119,2019-03,0,3,0.0,0
119,2019-04,0,1,0.0,0
119,2019-05,0,1,0.0,0
119,2019-06,1,2,0.5,0
119,2019-07,0,1,0.0,0
119,2019-08,0,0,,0
119,2019-09,0,2,0.0,0
119,2019-10,1,4,0.25,0
119,2019-11,0,0,,0
119,2019-12,0,1,0.0,0
119,2020-01,0,0,,0
119,2020-02,0,1,0.0,0
119,2020-03,0,1,0.0,0
119,2020-04,0,1,0.0,0
119,2020-05,0,1,0.0,0
119,2020-06,0,1,0.0,0
119,2020-07,0,0,,0
119,2020-08,1,1,1.0,0
119,2020-09,0,1,0.0,0
119,2020-10,0,1,0.0,0
119,2020-11,0,1,0.0,0
119,2020-12,0,4,0.0,0
119,2021-01,0,6,0.0,0
119,2021-02,0,0,,0
119,2021-03,0,1,0.0,0
119,2021-04,0,1,0.0,0
119,2021-05,0,0,,0
119,2021-06,0,0,,0
119,2021-07,0,4,0.0,0
119,2021-08,0,0,,0
119,2021-09,0,0,,0
119,2021-10,0,1,0.0,0
119,2021-11,0,5,0.0,0
119,2021-12,0,1,0.0,0
119,2022-01,0,1,0.0,0
119,2022-02,0,0,,0
119,2022-03,0,0,,0
119,2022-04,0,1,0.0,0
119,2022-05,0,0,,0
119,2022-06,0,0,,0
119,2022-07,0,0,,0
120,2019-01,0,0,,0
120,2019-02,0,0,,0
120,2019-03,0,2,0.0,0
120,2019-04,0,1,0.0,0
120,2019-05,0,0,,0
120,2019-06,0,0,,0
120,2019-07,0,0,,0
120,2019-08,0,0,,0
120,2019-09,0,0,,0
120,2019-10,0,1,0.0,0
120,2019-11,1,1,1.0,1
120,2019-12,0,0,,0
120,2020-01,0,0,,0
120,2020-02,0,1,0.0,0
120,2020-03,0,1,0.0,0
120,2020-04,0,0,,0
120,2020-05,0,0,,0
120,2020-06,0,0,,0
120,2020-07,0,0,,0
120,2020-08,0,0,,0
120,2020-09,0,0,,0
120,2020-10,0,0,,0
120,2020-11,0,0,,0
120,2020-12,0,4,0.0,0
120,2021-01,0,6,0.0,0
120,2021-02,0,1,0.0,0
120,2021-03,0,0,,0
120,2021-04,0,1,0.0,0
120,2021-05,0,0,,0
120,2021-06,0,0,,0
120,2021-07,0,0,,0
120,2021-08,0,0,,0
120,2021-09,0,0,,0
120,2021-10,0,1,0.0,0
120,2021-11,0,3,0.0,0
120,2021-12,0,0,,0
120,2022-01,0,0,,0
120,2022-02,0,0,,0
120,2022-03,0,1,0.0,0
120,2022-04,0,0,,0
120,2022-05,0,0,,0
120,2022-06,1,1,1.0,1
120,2022-07,0,2,0.0,0
121,2019-01,0,0,,0
121,2019-02,0,1,0.0,0
121,2019-03,1,1,1.0,1
121,2019-04,0,0,,0
121,2019-05,0,0,,0
121,2019-06,0,0,,0
121,2019-07,0,0,,0
121,2019-08,0,0,,0
121,2019-09,0,0,,0
121,2019-10,0,0,,0
121,2019-11,0,1,0.0,0
121,2019-12,0,0,,0
121,2020-01,0,0,,0
121,2020-02,0,2,0.0,0
121,2020-03,0,0,,0
121,2020-04,0,0,,0
121,2020-05,0,1,0.0,0
121,2020-06,0,0,,0
121,2020-07,0,0,,0
121,2020-08,0,0,,0
121,2020-09,0,0,,0
121,2020-10,0,0,,0
121,2020-11,0,0,,0
121,2020-12,0,3,0.0,0
121,2021-01,0,0,,0
121,2021-02,0,1,0.0,0
121,2021-03,0,1,0.0,0
121,2021-04,0,0,,0
121,2021-05,0,0,,0
121,2021-06,0,0,,0
121,2021-07,0,0,,0
121,2021-08,0,0,,0
121,2021-09,0,0,,0
121,2021-10,0,0,,0
121,2021-11,0,1,0.0,0
121,2021-12,0,0,,0
121,2022-01,0,0,,0
121,2022-02,0,0,,0
121,2022-03,0,0,,0
121,2022-04,0,0,,0
121,2022-05,0,0,,0
121,2022-06,0,0,,0
121,2022-07,0,0,,0
122,2019-01,0,0,,0
122,2019-02,0,0,,0
122,2019-03,0,0,,0
122,2019-04,0,0,,0
122,2019-05,0,0,,0
122,2019-06,0,0,,0
122,2019-07,0,0,,0
122,2019-08,0,0,,0
122,2019-09,0,0,,0
122,2019-10,0,0,,0
122,2019-11,0,0,,0
122,2019-12,0,0,,0
122,2020-01,0,0,,0
122,2020-02,0,0,,0
122,2020-03,0,0,,0
122,2020-04,0,0,,0
122,2020-05,0,0,,0
122,2020-06,0,0,,0
122,2020-07,0,0,,0
122,2020-08,0,0,,0
122,2020-09,0,0,,0
122,2020-10,0,0,,0
122,2020-11,1,1,1.0,1
122,2020-12,0,3,0.0,0
122,2021-01,0,0,,0
122,2021-02,0,0,,0
122,2021-03,0,0,,0
122,2021-04,0,0,,0
122,2021-05,0,0,,0
122,2021-06,0,0,,0
122,2021-07,0,0,,0
122,2021-08,0,0,,0
122,2021-09,0,0,,0
122,2021-10,0,0,,0
122,2021-11,0,0,,0
122,2021-12,0,0,,0
122,2022-01,0,0,,0
122,2022-02,0,0,,0
122,2022-03,0,0,,0
122,2022-04,0,0,,0
122,2022-05,0,0,,0
122,2022-06,0,0,,0
122,2022-07,0,0,,0
123,2019-01,0,0,,0
123,2019-02,0,1,0.0,0
123,2019-03,0,0,,0
123,2019-04,0,1,0.0,0
123,2019-05,0,1,0.0,0
123,2019-06,0,0,,0
123,2019-07,1,3,0.3333,1
123,2019-08,0,1,0.0,0
123,2019-09,0,0,,0
123,2019-10,0,2,0.0,0
123,2019-11,0,1,0.0,0
123,2019-12,0,0,,0
123,2020-01,0,0,,0
123,2020-02,0,1,0.0,0
123,2020-03,0,0,,0
123,2020-04,0,0,,0
123,2020-05,0,0,,0
123,2020-06,0,1,0.0,0
123,2020-07,0,0,,0
123,2020-08,0,0,,0
123,2020-09,0,0,,0
123,2020-10,0,1,0.0,0
123,2020-11,0,1,0.0,0
123,2020-12,0,2,0.0,0
123,2021-01,0,4,0.0,0
123,2021-02,0,1,0.0,0
123,2021-03,0,0,,0
123,2021-04,0,0,,0
123,2021-05,0,0,,0
123,2021-06,0,0,,0
123,2021-07,0,1,0.0,0
123,2021-08,0,0,,0
123,2021-09,0,0,,0
123,2021-10,0,0,,0
123,2021-11,0,1,0.0,0
123,2021-12,0,0,,0
123,2022-01,0,0,,0
123,2022-02,0,1,0.0,0
123,2022-03,0,1,0.0,0
123,2022-04,0,1,0.0,0
123,2022-05,1,1,1.0,1
123,2022-06,1,6,0.1667,1
123,2022-07,0,1,0.0,0
124,2019-01,0,0,,0
124,2019-02,0,1,0.0,0
124,2019-03,0,0,,0
124,2019-04,0,2,0.0,0
124,2019-05,0,1,0.0,0
124,2019-06,0,0,,0
124,2019-07,0,0,,0
124,2019-08,0,0,,0
124,2019-09,0,1,0.0,0
124,2019-10,0,1,0.0,0
124,2019-11,0,1,0.0,0
124,2019-12,0,0,,0
124,2020-01,0,0,,0
124,2020-02,0,0,,0
124,2020-03,0,0,,0
124,2020-04,0,0,,0
124,2020-05,0,1,0.0,0
124,2020-06,0,0,,0
124,2020-07,0,0,,0
124,2020-08,0,1,0.0,0
124,2020-09,0,0,,0
124,2020-10,0,0,,0
124,2020-11,0,1,0.0,0
124,2020-12,0,2,0.0,0
124,2021-01,0,0,,0
124,2021-02,0,0,,0
124,2021-03,0,0,,0
124,2021-04,0,1,0.0,0
124,2021-05,0,0,,0
124,2021-06,0,0,,0
124,2021-07,0,0,,0
124,2021-08,0,0,,0
124,2021-09,0,0,,0
124,2021-10,0,2,0.0,0
124,2021-11,0,1,0.0,0
124,2021-12,0,0,,0
124,2022-01,0,0,,0
124,2022-02,0,0,,0
124,2022-03,0,0,,0
124,2022-04,0,0,,0
124,2022-05,0,1,0.0,0
124,2022-06,0,0,,0
124,2022-07,0,1,0.0,0
125,2019-01,0,0,,0
125,2019-02,0,0,,0
125,2019-03,0,4,0.0,0
125,2019-04,0,0,,0
125,2019-05,0,0,,0
125,2019-06,1,1,1.0,1
125,2019-07,1,1,1.0,1
125,2019-08,0,2,0.0,0
125,2019-09,0,0,,0
125,2019-10,0,2,0.0,0
125,2019-11,0,1,0.0,0
125,2019-12,0,1,0.0,0
125,2020-01,0,2,0.0,0
125,2020-02,0,2,0.0,0
125,2020-03,0,0,,0
125,2020-04,0,0,,0
125,2020-05,0,0,,0
125,2020-06,0,0,,0
125,2020-07,0,0,,0
125,2020-08,0,1,0.0,0
125,2020-09,0,0,,0
125,2020-10,0,2,0.0,0
125,2020-11,0,0,,0
125,2020-12,0,2,0.0,0
125,2021-01,0,1,0.0,0
125,2021-02,0,2,0.0,0
125,2021-03,0,2,0.0,0
125,2021-04,0,1,0.0,0
125,2021-05,0,0,,0
125,2021-06,0,0,,0
125,2021-07,0,0,,0
125,2021-08,0,0,,0
125,2021-09,0,0,,0
125,2021-10,1,1,1.0,1
125,2021-11,0,1,0.0,0
125,2021-12,0,1,0.0,0
125,2022-01,0,0,,0
125,2022-02,0,0,,0
125,2022-03,0,0,,0
125,2022-04,0,1,0.0,0
125,2022-05,0,0,,0
125,2022-06,0,1,0.0,0
125,2022-07,0,1,0.0,0
126,2019-01,0,0,,0
126,2019-02,1,1,1.0,1
126,2019-03,0,1,0.0,0
126,2019-04,1,1,1.0,1
126,2019-05,0,1,0.0,0
126,2019-06,0,1,0.0,0
126,2019-07,0,2,0.0,0
126,2019-08,0,1,0.0,0
126,2019-09,0,2,0.0,0
126,2019-10,0,0,,0
126,2019-11,2,2,1.0,1
126,2019-12,0,3,0.0,0
126,2020-01,0,0,,0
126,2020-02,0,2,0.0,0
126,2020-03,0,1,0.0,0
126,2020-04,0,0,,0
126,2020-05,0,0,,0
126,2020-06,0,0,,0
126,2020-07,0,0,,0
126,2020-08,0,0,,0
126,2020-09,0,0,,0
126,2020-10,0,0,,0
126,2020-11,0,1,0.0,0
126,2020-12,0,0,,0
126,2021-01,0,0,,0
126,2021-02,0,0,,0
126,2021-03,0,0,,0
126,2021-04,0,0,,0
126,2021-05,0,0,,0
126,2021-06,0,0,,0
126,2021-07,0,0,,0
126,2021-08,0,0,,0
126,2021-09,0,0,,0
126,2021-10,0,1,0.0,0
126,2021-11,0,0,,0
126,2021-12,0,1,0.0,0
126,2022-01,0,0,,0
126,2022-02,0,0,,0
126,2022-03,0,0,,0
126,2022-04,0,1,0.0,0
126,2022-05,0,0,,0
126,2022-06,0,0,,0
126,2022-07,0,0,,0
127,2019-01,0,0,,0
127,2019-02,0,1,0.0,0
127,2019-03,0,0,,0
127,2019-04,0,0,,0
127,2019-05,0,0,,0
127,2019-06,0,0,,0
127,2019-07,0,1,0.0,0
127,2019-08,0,0,,0
127,2019-09,0,0,,0
127,2019-10,0,0,,0
127,2019-11,0,1,0.0,0
127,2019-12,0,1,0.0,0
127,2020-01,0,1,0.0,0
127,2020-02,0,0,,0
127,2020-03,0,0,,0
127,2020-04,0,0,,0
127,2020-05,0,0,,0
127,2020-06,0,0,,0
127,2020-07,0,0,,0
127,2020-08,0,0,,0
127,2020-09,0,0,,0
127,2020-10,0,0,,0
127,2020-11,0,0,,0
127,2020-12,0,0,,0
127,2021-01,0,0,,0
127,2021-02,0,2,0.0,0
127,2021-03,0,0,,0
127,2021-04,0,0,,0
127,2021-05,0,0,,0
127,2021-06,0,1,0.0,0
127,2021-07,0,0,,0
127,2021-08,0,0,,0
127,2021-09,0,0,,0
127,2021-10,0,1,0.0,0
127,2021-11,0,0,,0
127,2021-12,0,0,,0
127,2022-01,0,0,,0
127,2022-02,0,0,,0
127,2022-03,0,1,0.0,0
127,2022-04,0,0,,0
127,2022-05,0,0,,0
127,2022-06,0,0,,0
127,2022-07,0,0,,0
128,2019-01,0,0,,0
128,2019-02,0,2,0.0,0
128,2019-03,0,6,0.0,0
128,2019-04,0,2,0.0,0
128,2019-05,0,1,0.0,0
128,2019-06,0,3,0.0,0
128,2019-07,1,2,0.5,0
128,2019-08,0,0,,0
128,2019-09,0,0,,0
128,2019-10,0,0,,0
128,2019-11,2,4,0.5,1
128,2019-12,0,0,,0
128,2020-01,0,0,,0
128,2020-02,0,0,,0
128,2020-03,0,0,,0
128,2020-04,0,0,,0
128,2020-05,0,0,,0
128,2020-06,0,0,,0
128,2020-07,0,0,,0
128,2020-08,0,0,,0
128,2020-09,0,0,,0
128,2020-10,0,1,0.0,0
128,2020-11,0,1,0.0,0
128,2020-12,0,0,,0
128,2021-01,0,0,,0
128,2021-02,0,0,,0
128,2021-03,0,0,,0
128,2021-04,0,0,,0
128,2021-05,0,2,0.0,0
128,2021-06,1,1,1.0,0
128,2021-07,0,0,,0
128,2021-08,0,3,0.0,0
128,2021-09,0,0,,0
128,2021-10,0,1,0.0,0
128,2021-11,0,0,,0
128,2021-12,0,0,,0
128,2022-01,0,0,,0
128,2022-02,0,0,,0
128,2022-03,0,0,,0
128,2022-04,0,0,,0
128,2022-05,0,2,0.0,0
128,2022-06,1,1,1.0,0
128,2022-07,1,2,0.5,0
129,2019-01,0,3,0.0,0
129,2019-02,0,3,0.0,0
129,2019-03,0,4,0.0,0
129,2019-04,0,4,0.0,0
129,2019-05,0,2,0.0,0
129,2019-06,0,1,0.0,0
129,2019-07,0,2,0.0,0
129,2019-08,0,4,0.0,0
129,2019-09,2,6,0.3333,0
129,2019-10,0,5,0.0,0
129,2019-11,2,8,0.25,0
129,2019-12,0,0,,0
129,2020-01,1,4,0.25,0
129,2020-02,1,6,0.1667,0
129,2020-03,1,4,0.25,0
129,2020-04,0,5,0.0,0
129,2020-05,0,4,0.0,0
129,2020-06,0,5,0.0,0
129,2020-07,0,4,0.0,0
129,2020-08,0,1,0.0,0
129,2020-09,0,5,0.0,0
129,2020-10,0,2,0.0,0
129,2020-11,0,1,0.0,0
129,2020-12,0,6,0.0,0
129,2021-01,0,8,0.0,0
129,2021-02,0,3,0.0,0
129,2021-03,0,3,0.0,0
129,2021-04,0,1,0.0,0
129,2021-05,0,3,0.0,0
129,2021-06,0,2,0.0,0
129,2021-07,0,2,0.0,0
129,2021-08,0,0,,0
129,2021-09,0,2,0.0,0
129,2021-10,0,1,0.0,0
129,2021-11,2,3,0.6667,0
129,2021-12,0,0,,0
129,2022-01,0,0,,0
129,2022-02,0,2,0.0,0
129,2022-03,0,2,0.0,0
129,2022-04,1,2,0.5,0
129,2022-05,0,2,0.0,0
129,2022-06,0,0,,0
129,2022-07,0,0,,0
130,2019-01,0,1,0.0,0
130,2019-02,0,3,0.0,0
130,2019-03,1,5,0.2,0
130,2019-04,2,4,0.5,0
130,2019-05,0,1,0.0,0
130,2019-06,0,6,0.0,0
130,2019-07,0,2,0.0,0
130,2019-08,0,4,0.0,0
130,2019-09,1,1,1.0,0
130,2019-10,1,6,0.1667,0
130,2019-11,0,3,0.0,0
130,2019-12,0,0,,0
130,2020-01,0,1,0.0,0
130,2020-02,1,4,0.25,0
130,2020-03,0,2,0.0,0
130,2020-04,0,2,0.0,0
130,2020-05,0,3,0.0,0
130,2020-06,1,4,0.25,0
130,2020-07,2,4,0.5,0
130,2020-08,0,3,0.0,0
130,2020-09,0,0,,0
130,2020-10,0,2,0.0,0
130,2020-11,0,4,0.0,0
130,2020-12,0,4,0.0,0
130,2021-01,0,4,0.0,0
130,2021-02,0,0,,0
130,2021-03,0,1,0.0,0
130,2021-04,0,3,0.0,0
130,2021-05,0,0,,0
130,2021-06,0,1,0.0,0
130,2021-07,0,1,0.0,0
130,2021-08,0,1,0.0,0
130,2021-09,0,2,0.0,0
130,2021-10,0,0,,0
130,2021-11,0,0,,0
130,2021-12,0,2,0.0,0
130,2022-01,0,2,0.0,0
130,2022-02,0,2,0.0,0
130,2022-03,0,3,0.0,0
130,2022-04,0,2,0.0,0
130,2022-05,0,0,,0
130,2022-06,0,0,,0
130,2022-07,0,5,0.0,0
131,2019-01,0,0,,0
131,2019-02,0,1,0.0,0
131,2019-03,0,1,0.0,0
131,2019-04,0,0,,0
131,2019-05,0,0,,0
131,2019-06,0,0,,0
131,2019-07,0,2,0.0,0
131,2019-08,0,1,0.0,0
131,2019-09,0,0,,0
131,2019-10,0,0,,0
131,2019-11,1,2,0.5,0
131,2019-12,0,0,,0
131,2020-01,0,1,0.0,0
131,2020-02,0,0,,0
131,2020-03,1,1,1.0,0
131,2020-04,0,0,,0
131,2020-05,0,0,,0
131,2020-06,0,0,,0
131,2020-07,0,0,,0
131,2020-08,0,0,,0
131,2020-09,0,0,,0
131,2020-10,0,0,,0
131,2020-11,0,1,0.0,0
131,2020-12,0,0,,0
131,2021-01,0,2,0.0,0
131,2021-02,0,0,,0
131,2021-03,0,0,,0
131,2021-04,0,0,,0
131,2021-05,0,0,,0
131,2021-06,0,0,,0
131,2021-07,0,0,,0
131,2021-08,0,1,0.0,0
131,2021-09,0,0,,0
131,2021-10,1,1,1.0,0
131,2021-11,0,0,,0
131,2021-12,1,1,1.0,0
131,2022-01,0,1,0.0,0
131,2022-02,0,2,0.0,0
131,2022-03,0,0,,0
131,2022-04,0,1,0.0,0
131,2022-05,0,0,,0
131,2022-06,0,0,,0
131,2022-07,0,1,0.0,0
132,2019-01,0,3,0.0,0
132,2019-02,0,4,0.0,0
132,2019-03,0,0,,0
132,2019-04,1,2,0.5,0
132,2019-05,0,0,,0
132,2019-06,0,1,0.0,0
132,2019-07,0,1,0.0,0
132,2019-08,0,0,,0
132,2019-09,0,0,,0
132,2019-10,0,2,0.0,0
132,2019-11,2,3,0.6667,1
132,2019-12,0,0,,0
132,2020-01,0,0,,0
132,2020-02,0,0,,0
132,2020-03,0,0,,0
132,2020-04,0,0,,0
132,2020-05,0,0,,0
132,2020-06,0,1,0.0,0
132,2020-07,0,0,,0
132,2020-08,0,0,,0
132,2020-09,0,2,0.0,0
132,2020-10,0,0,,0
132,2020-11,0,0,,0
132,2020-12,0,0,,0
132,2021-01,0,1,0.0,0
132,2021-02,0,0,,0
132,2021-03,0,0,,0
132,2021-04,0,0,,0
132,2021-05,0,1,0.0,0
132,2021-06,0,0,,0
132,2021-07,0,0,,0
132,2021-08,0,0,,0
132,2021-09,0,1,0.0,0
132,2021-10,0,1,0.0,0
132,2021-11,0,0,,0
132,2021-12,0,1,0.0,0
132,2022-01,0,0,,0
132,2022-02,0,0,,0
132,2022-03,0,0,,0
132,2022-04,0,1,0.0,0
132,2022-05,0,0,,0
132,2022-06,0,0,,0
132,2022-07,0,0,,0
133,2019-01,0,2,0.0,0
133,2019-02,0,0,,0
133,2019-03,0,0,,0
133,2019-04,0,1,0.0,0
133,2019-05,0,0,,0
133,2019-06,1,1,1.0,0
133,2019-07,0,0,,0
133,2019-08,1,1,1.0,0
133,2019-09,0,0,,0
133,2019-10,1,2,0.5,0
133,2019-11,0,4,0.0,0
133,2019-12,0,2,0.0,0
133,2020-01,0,0,,0
133,2020-02,0,2,0.0,0
133,2020-03,0,4,0.0,0
133,2020-04,0,0,,0
133,2020-05,0,0,,0
133,2020-06,0,0,,0
133,2020-07,0,0,,0
133,2020-08,1,1,1.0,0
133,2020-09,0,0,,0
133,2020-10,0,0,,0
133,2020-11,0,0,,0
133,2020-12,0,1,0.0,0
133,2021-01,0,1,0.0,0
133,2021-02,0,2,0.0,0
133,2021-03,0,0,,0
133,2021-04,0,0,,0
133,2021-05,0,0,,0
133,2021-06,0,0,,0
133,2021-07,0,0,,0
133,2021-08,0,0,,0
133,2021-09,0,0,,0
133,2021-10,0,0,,0
133,2021-11,0,0,,0
133,2021-12,0,0,,0
133,2022-01,0,0,,0
133,2022-02,0,0,,0
133,2022-03,0,1,0.0,0
133,2022-04,0,0,,0
133,2022-05,0,0,,0
133,2022-06,0,2,0.0,0
133,2022-07,0,1,0.0,0
134,2019-01,0,0,,0
134,2019-02,0,1,0.0,0
134,2019-03,0,0,,0
134,2019-04,0,0,,0
134,2019-05,0,0,,0
134,2019-06,0,0,,0
134,2019-07,0,0,,0
134,2019-08,0,0,,0
134,2019-09,0,0,,0
134,2019-10,0,0,,0
134,2019-11,0,0,,0
134,2019-12,0,0,,0
134,2020-01,0,1,0.0,0
134,2020-02,0,0,,0
134,2020-03,0,0,,0
134,2020-04,0,0,,0
134,2020-05,0,0,,0
134,2020-06,0,0,,0
134,2020-07,0,0,,0
134,2020-08,0,0,,0
134,2020-09,0,0,,0
134,2020-10,0,0,,0
134,2020-11,0,0,,0
134,2020-12,0,0,,0
134,2021-01,0,0,,0
134,2021-02,0,0,,0
134,2021-03,0,2,0.0,0
134,2021-04,0,0,,0
134,2021-05,0,0,,0
134,2021-06,0,0,,0
134,2021-07,0,1,0.0,0
134,2021-08,0,0,,0
134,2021-09,0,0,,0
134,2021-10,0,0,,0
134,2021-11,0,0,,0
134,2021-12,0,0,,0
134,2022-01,0,0,,0
134,2022-02,0,0,,0
134,2022-03,0,0,,0
134,2022-04,0,0,,0
134,2022-05,0,0,,0
134,2022-06,0,0,,0
134,2022-07,1,1,1.0,1
135,2019-01,0,0,,0
135,2019-02,0,0,,0
135,2019-03,0,0,,0
135,2019-04,0,0,,0
135,2019-05,0,0,,0
135,2019-06,0,1,0.0,0
135,2019-07,0,0,,0
135,2019-08,0,0,,0
135,2019-09,0,0,,0
135,2019-10,0,0,,0
135,2019-11,0,0,,0
135,2019-12,0,0,,0
135,2020-01,0,0,,0
135,2020-02,0,1,0.0,0
135,2020-03,0,0,,0
135,2020-04,0,0,,0
135,2020-05,0,0,,0
135,2020-06,0,0,,0
135,2020-07,0,0,,0
135,2020-08,0,0,,0
135,2020-09,0,0,,0
135,2020-10,0,0,,0
135,2020-11,0,0,,0
135,2020-12,0,0,,0
135,2021-01,0,0,,0
135,2021-02,0,0,,0
135,2021-03,0,0,,0
135,2021-04,0,0,,0
135,2021-05,0,0,,0
135,2021-06,0,0,,0
135,2021-07,0,0,,0
135,2021-08,0,0,,0
135,2021-09,0,0,,0
135,2021-10,0,0,,0
135,2021-11,0,0,,0
135,2021-12,0,0,,0
135,2022-01,0,0,,0
135,2022-02,0,0,,0
135,2022-03,0,0,,0
135,2022-04,0,0,,0
135,2022-05,0,0,,0
135,2022-06,0,0,,0
135,2022-07,0,0,,0
136,2019-01,0,0,,0
136,2019-02,0,0,,0
136,2019-03,0,0,,0
136,2019-04,0,0,,0
136,2019-05,0,0,,0
136,2019-06,0,1,0.0,0
136,2019-07,0,0,,0
136,2019-08,0,0,,0
136,2019-09,0,0,,0
136,2019-10,0,0,,0
136,2019-11,0,0,,0
136,2019-12,0,0,,0
136,2020-01,0,0,,0
136,2020-02,0,1,0.0,0
136,2020-03,0,0,,0
136,2020-04,0,0,,0
136,2020-05,0,0,,0
136,2020-06,0,0,,0
136,2020-07,0,0,,0
136,2020-08,0,1,0.0,0
136,2020-09,0,0,,0
136,2020-10,0,0,,0
136,2020-11,0,0,,0
136,2020-12,0,0,,0
136,2021-01,0,0,,0
136,2021-02,0,0,,0
136,2021-03,0,0,,0
136,2021-04,0,3,0.0,0
136,2021-05,0,0,,0
136,2021-06,0,0,,0
136,2021-07,0,0,,0
136,2021-08,0,0,,0
136,2021-09,0,1,0.0,0
136,2021-10,0,0,,0
136,2021-11,0,0,,0
136,2021-12,0,0,,0
136,2022-01,0,0,,0
136,2022-02,0,0,,0
136,2022-03,0,0,,0
136,2022-04,0,2,0.0,0
136,2022-05,0,0,,0
136,2022-06,0,2,0.0,0
136,2022-07,0,0,,0
137,2019-01,0,0,,0
137,2019-02,0,0,,0
137,2019-03,0,1,0.0,0
137,2019-04,0,0,,0
137,2019-05,0,0,,0
137,2019-06,0,0,,0
137,2019-07,0,0,,0
137,2019-08,0,1,0.0,0
137,2019-09,0,1,0.0,0
137,2019-10,0,1,0.0,0
137,2019-11,0,0,,0
137,2019-12,0,0,,0
137,2020-01,0,0,,0
137,2020-02,0,0,,0
137,2020-03,0,0,,0
137,2020-04,0,0,,0
137,2020-05,0,0,,0
137,2020-06,0,0,,0
137,2020-07,0,0,,0
137,2020-08,0,0,,0
137,2020-09,0,0,,0
137,2020-10,0,0,,0
137,2020-11,0,0,,0
137,2020-12,0,0,,0
137,2021-01,0,0,,0
137,2021-02,0,0,,0
137,2021-03,0,0,,0
137,2021-04,0,0,,0
137,2021-05,0,0,,0
137,2021-06,0,0,,0
137,2021-07,0,0,,0
137,2021-08,0,0,,0
137,2021-09,0,0,,0
137,2021-10,0,0,,0
137,2021-11,0,0,,0
137,2021-12,0,0,,0
137,2022-01,0,1,0.0,0
137,2022-02,0,0,,0
137,2022-03,0,0,,0
137,2022-04,0,0,,0
137,2022-05,0,0,,0
137,2022-06,0,0,,0
137,2022-07,0,0,,0
138,2019-01,0,0,,0
138,2019-02,0,0,,0
138,2019-03,0,0,,0
138,2019-04,0,0,,0
138,2019-05,0,0,,0
138,2019-06,0,0,,0
138,2019-07,0,0,,0
138,2019-08,0,0,,0
138,2019-09,0,0,,0
138,2019-10,0,0,,0
138,2019-11,0,0,,0
138,2019-12,0,0,,0
138,2020-01,0,0,,0
138,2020-02,0,0,,0
138,2020-03,0,0,,0
138,2020-04,0,0,,0
138,2020-05,0,0,,0
138,2020-06,0,0,,0
138,2020-07,0,0,,0
138,2020-08,0,0,,0
138,2020-09,0,0,,0
138,2020-10,0,0,,0
138,2020-11,0,0,,0
138,2020-12,0,0,,0
138,2021-01,0,0,,0
138,2021-02,0,0,,0
138,2021-03,0,0,,0
138,2021-04,0,0,,0
138,2021-05,0,0,,0
138,2021-06,0,1,0.0,0
138,2021-07,0,0,,0
138,2021-08,0,0,,0
138,2021-09,0,0,,0
138,2021-10,0,0,,0
138,2021-11,0,0,,0
138,2021-12,0,0,,0
138,2022-01,0,0,,0
138,2022-02,0,0,,0
138,2022-03,0,0,,0
138,2022-04,0,0,,0
138,2022-05,0,0,,0
138,2022-06,0,0,,0
138,2022-07,0,0,,0
139,2019-01,4,4,1.0,1
139,2019-02,1,2,0.5,0
139,2019-03,1,1,1.0,0
139,2019-04,1,3,0.3333,0
139,2019-05,0,0,,0
139,2019-06,0,0,,0
139,2019-07,0,2,0.0,0
139,2019-08,0,2,0.0,0
139,2019-09,0,0,,0
139,2019-10,0,3,0.0,0
139,2019-11,0,1,0.0,0
139,2019-12,0,2,0.0,0
139,2020-01,0,1,0.0,0
139,2020-02,0,0,,0
139,2020-03,0,1,0.0,0
139,2020-04,0,0,,0
139,2020-05,0,0,,0
139,2020-06,0,1,0.0,0
139,2020-07,0,0,,0
139,2020-08,0,0,,0
139,2020-09,0,1,0.0,0
139,2020-10,0,0,,0
139,2020-11,1,3,0.3333,0
139,2020-12,0,0,,0
139,2021-01,0,1,0.0,0
139,2021-02,0,0,,0
139,2021-03,0,0,,0
139,2021-04,0,1,0.0,0
139,2021-05,0,0,,0
139,2021-06,0,0,,0
139,2021-07,0,0,,0
139,2021-08,0,0,,0
139,2021-09,0,0,,0
139,2021-10,0,0,,0
139,2021-11,0,0,,0
139,2021-12,0,0,,0
139,2022-01,1,1,1.0,0
139,2022-02,0,1,0.0,0
139,2022-03,0,0,,0
139,2022-04,0,0,,0
139,2022-05,0,0,,0
139,2022-06,0,0,,0
139,2022-07,0,0,,0
140,2019-01,0,1,0.0,0
140,2019-02,0,0,,0
140,2019-03,0,1,0.0,0
140,2019-04,0,0,,0
140,2019-05,0,0,,0
140,2019-06,0,1,0.0,0
140,2019-07,0,0,,0
140,2019-08,1,1,1.0,0
140,2019-09,0,1,0.0,0
140,2019-10,0,0,,0
140,2019-11,0,1,0.0,0
140,2019-12,0,1,0.0,0
140,2020-01,0,0,,0
140,2020-02,2,5,0.4,1
140,2020-03,0,2,0.0,0
140,2020-04,0,0,,0
140,2020-05,0,0,,0
140,2020-06,0,1,0.0,0
140,2020-07,0,1,0.0,0
140,2020-08,0,0,,0
140,2020-09,0,0,,0
140,2020-10,0,0,,0
140,2020-11,0,0,,0
140,2020-12,0,1,0.0,0
140,2021-01,0,0,,0
140,2021-02,0,0,,0
140,2021-03,0,0,,0
140,2021-04,0,0,,0
140,2021-05,0,0,,0
140,2021-06,0,0,,0
140,2021-07,0,0,,0
140,2021-08,0,1,0.0,0
140,2021-09,0,0,,0
140,2021-10,0,0,,0
140,2021-11,0,0,,0
140,2021-12,0,0,,0
140,2022-01,0,0,,0
140,2022-02,0,1,0.0,0
140,2022-03,0,0,,0
140,2022-04,0,0,,0
140,2022-05,0,1,0.0,0
140,2022-06,0,0,,0
140,2022-07,0,0,,0
141,2019-01,0,0,,0
141,2019-02,0,0,,0
141,2019-03,0,0,,0
141,2019-04,0,0,,0
141,2019-05,0,0,,0
141,2019-06,0,0,,0
141,2019-07,0,0,,0
141,2019-08,0,0,,0
141,2019-09,0,0,,0
141,2019-10,0,0,,0
141,2019-11,1,1,1.0,1
141,2019-12,0,1,0.0,0
141,2020-01,0,0,,0
141,2020-02,0,0,,0
141,2020-03,0,0,,0
141,2020-04,0,1,0.0,0
141,2020-05,0,0,,0
141,2020-06,0,0,,0
141,2020-07,0,0,,0
141,2020-08,0,0,,0
141,2020-09,0,0,,0
141,2020-10,0,1,0.0,0
141,2020-11,0,0,,0
141,2020-12,0,1,0.0,0
141,2021-01,0,1,0.0,0
141,2021-02,0,0,,0
141,2021-03,0,0,,0
141,2021-04,0,0,,0
141,2021-05,0,0,,0
141,2021-06,0,0,,0
141,2021-07,0,0,,0
141,2021-08,0,0,,0
141,2021-09,0,0,,0
141,2021-10,1,2,0.5,1
141,2021-11,0,0,,0
141,2021-12,0,0,,0
141,2022-01,0,0,,0
141,2022-02,0,0,,0
141,2022-03,0,0,,0
141,2022-04,0,0,,0
141,2022-05,0,0,,0
141,2022-06,0,1,0.0,0
141,2022-07,0,0,,0
142,2019-01,2,2,1.0,1
142,2019-02,0,2,0.0,0
142,2019-03,0,4,0.0,0
142,2019-04,1,4,0.25,0
142,2019-05,0,0,,0
142,2019-06,0,5,0.0,0
142,2019-07,0,2,0.0,0
142,2019-08,0,0,,0
142,2019-09,0,0,,0
142,2019-10,0,2,0.0,0
142,2019-11,2,4,0.5,1
142,2019-12,0,2,0.0,0
142,2020-01,0,2,0.0,0
142,2020-02,0,2,0.0,0
142,2020-03,0,1,0.0,0
142,2020-04,0,0,,0
142,2020-05,1,1,1.0,0
142,2020-06,0,0,,0
142,2020-07,0,0,,0
142,2020-08,1,2,0.5,0
142,2020-09,0,0,,0
142,2020-10,0,2,0.0,0
142,2020-11,0,2,0.0,0
142,2020-12,0,5,0.0,0
142,2021-01,0,5,0.0,0
142,2021-02,0,1,0.0,0
142,2021-03,0,0,,0
142,2021-04,0,1,0.0,0
142,2021-05,0,0,,0
142,2021-06,0,0,,0
142,2021-07,0,0,,0
142,2021-08,1,2,0.5,0
142,2021-09,0,1,0.0,0
142,2021-10,0,1,0.0,0
142,2021-11,0,0,,0
142,2021-12,0,0,,0
142,2022-01,0,0,,0
142,2022-02,0,0,,0
142,2022-03,0,2,0.0,0
142,2022-04,1,1,1.0,0
142,2022-05,0,1,0.0,0
142,2022-06,0,2,0.0,0
142,2022-07,0,0,,0
143,2019-01,0,1,0.0,0
143,2019-02,0,1,0.0,0
143,2019-03,0,1,0.0,0
143,2019-04,0,0,,0
143,2019-05,0,0,,0
143,2019-06,0,2,0.0,0
143,2019-07,0,4,0.0,0
143,2019-08,0,2,0.0,0
143,2019-09,0,0,,0
143,2019-10,2,5,0.4,1
143,2019-11,2,4,0.5,1
143,2019-12,1,1,1.0,0
143,2020-01,2,4,0.5,1
143,2020-02,0,1,0.0,0
143,2020-03,0,0,,0
143,2020-04,0,0,,0
143,2020-05,0,2,0.0,0
143,2020-06,0,0,,0
143,2020-07,0,0,,0
143,2020-08,1,1,1.0,0
143,2020-09,0,1,0.0,0
143,2020-10,0,2,0.0,0
143,2020-11,0,1,0.0,0
143,2020-12,0,0,,0
143,2021-01,0,2,0.0,0
143,2021-02,0,2,0.0,0
143,2021-03,0,0,,0
143,2021-04,0,1,0.0,0
143,2021-05,0,0,,0
143,2021-06,0,0,,0
143,2021-07,0,0,,0
143,2021-08,0,0,,0
143,2021-09,0,0,,0
143,2021-10,0,0,,0
143,2021-11,0,4,0.0,0
143,2021-12,0,0,,0
143,2022-01,0,3,0.0,0
143,2022-02,0,0,,0
143,2022-03,0,1,0.0,0
143,2022-04,0,0,,0
143,2022-05,0,2,0.0,0
143,2022-06,0,1,0.0,0
143,2022-07,0,0,,0
144,2019-01,0,1,0.0,0
144,2019-02,0,1,0.0,0
144,2019-03,0,0,,0
144,2019-04,0,0,,0
144,2019-05,0,0,,0
144,2019-06,0,0,,0
144,2019-07,0,1,0.0,0
144,2019-08,0,0,,0
144,2019-09,0,0,,0
144,2019-10,0,0,,0
144,2019-11,0,1,0.0,0
144,2019-12,0,1,0.0,0
144,2020-01,0,1,0.0,0
144,2020-02,0,0,,0
144,2020-03,0,1,0.0,0
144,2020-04,0,0,,0
144,2020-05,0,0,,0
144,2020-06,0,0,,0
144,2020-07,0,0,,0
144,2020-08,0,0,,0
144,2020-09,0,0,,0
144,2020-10,1,4,0.25,1
144,2020-11,0,0,,0
144,2020-12,0,1,0.0,0
144,2021-01,0,0,,0
144,2021-02,0,0,,0
144,2021-03,0,0,,0
144,2021-04,0,0,,0
144,2021-05,0,0,,0
144,2021-06,0,0,,0
144,2021-07,0,0,,0
144,2021-08,0,0,,0
144,2021-09,0,0,,0
144,2021-10,0,0,,0
144,2021-11,0,0,,0
144,2021-12,0,0,,0
144,2022-01,0,0,,0
144,2022-02,0,0,,0
144,2022-03,0,0,,0
144,2022-04,0,0,,0
144,2022-05,0,0,,0
144,2022-06,0,0,,0
144,2022-07,0,0,,0
145,2019-01,0,0,,0
145,2019-02,0,3,0.0,0
145,2019-03,1,4,0.25,0
145,2019-04,0,2,0.0,0
145,2019-05,0,4,0.0,0
145,2019-06,0,2,0.0,0
145,2019-07,0,1,0.0,0
145,2019-08,0,3,0.0,0
145,2019-09,1,3,0.3333,0
145,2019-10,0,0,,0
145,2019-11,1,5,0.2,0
145,2019-12,0,0,,0
145,2020-01,0,0,,0
145,2020-02,0,4,0.0,0
145,2020-03,0,0,,0
145,2020-04,0,1,0.0,0
145,2020-05,0,1,0.0,0
145,2020-06,0,2,0.0,0
145,2020-07,0,0,,0
145,2020-08,0,0,,0
145,2020-09,0,2,0.0,0
145,2020-10,0,3,0.0,0
145,2020-11,0,2,0.0,0
145,2020-12,0,0,,0
145,2021-01,0,3,0.0,0
145,2021-02,0,0,,0
145,2021-03,0,0,,0
145,2021-04,0,0,,0
145,2021-05,0,0,,0
145,2021-06,0,3,0.0,0
145,2021-07,0,0,,0
145,2021-08,0,0,,0
145,2021-09,0,0,,0
145,2021-10,0,0,,0
145,2021-11,0,0,,0
145,2021-12,0,0,,0
145,2022-01,0,0,,0
145,2022-02,0,0,,0
145,2022-03,0,0,,0
145,2022-04,0,0,,0
145,2022-05,0,0,,0
145,2022-06,0,1,0.0,0
145,2022-07,0,3,0.0,0
146,2019-01,0,0,,0
146,2019-02,0,0,,0
146,2019-03,0,2,0.0,0
146,2019-04,0,1,0.0,0
146,2019-05,0,1,0.0,0
146,2019-06,0,0,,0
146,2019-07,0,2,0.0,0
146,2019-08,0,1,0.0,0
146,2019-09,0,0,,0
146,2019-10,0,1,0.0,0
146,2019-11,1,1,1.0,0
146,2019-12,0,2,0.0,0
146,2020-01,0,0,,0
146,2020-02,0,0,,0
146,2020-03,0,0,,0
146,2020-04,0,0,,0
146,2020-05,0,0,,0
146,2020-06,0,0,,0
146,2020-07,0,1,0.0,0
146,2020-08,0,0,,0
146,2020-09,0,2,0.0,0
146,2020-10,0,2,0.0,0
146,2020-11,0,1,0.0,0
146,2020-12,0,0,,0
146,2021-01,0,1,0.0,0
146,2021-02,0,0,,0
146,2021-03,0,0,,0
146,2021-04,0,0,,0
146,2021-05,0,1,0.0,0
146,2021-06,0,0,,0
146,2021-07,0,0,,0
146,2021-08,0,1,0.0,0
146,2021-09,0,0,,0
146,2021-10,0,1,0.0,0
146,2021-11,0,0,,0
146,2021-12,0,1,0.0,0
146,2022-01,0,0,,0
146,2022-02,0,0,,0
146,2022-03,0,0,,0
146,2022-04,0,0,,0
146,2022-05,0,0,,0
146,2022-06,0,0,,0
146,2022-07,0,0,,0
147,2019-01,0,0,,0
147,2019-02,0,0,,0
147,2019-03,0,0,,0
147,2019-04,0,0,,0
147,2019-05,0,0,,0
147,2019-06,0,0,,0
147,2019-07,0,1,0.0,0
147,2019-08,0,1,0.0,0
147,2019-09,1,2,0.5,0
147,2019-10,0,0,,0
147,2019-11,0,1,0.0,0
147,2019-12,0,1,0.0,0
147,2020-01,0,0,,0
147,2020-02,0,0,,0
147,2020-03,0,0,,0
147,2020-04,0,0,,0
147,2020-05,0,1,0.0,0
147,2020-06,0,2,0.0,0
147,2020-07,0,0,,0
147,2020-08,0,0,,0
147,2020-09,0,1,0.0,0
147,2020-10,0,0,,0
147,2020-11,0,2,0.0,0
147,2020-12,0,0,,0
147,2021-01,0,0,,0
147,2021-02,0,0,,0
147,2021-03,0,0,,0
147,2021-04,0,0,,0
147,2021-05,0,0,,0
147,2021-06,0,0,,0
147,2021-07,0,1,0.0,0
147,2021-08,0,1,0.0,0
147,2021-09,0,1,0.0,0
147,2021-10,0,1,0.0,0
147,2021-11,0,0,,0
147,2021-12,0,0,,0
147,2022-01,0,0,,0
147,2022-02,0,0,,0
147,2022-03,0,0,,0
147,2022-04,0,0,,0
147,2022-05,0,1,0.0,0
147,2022-06,0,0,,0
147,2022-07,0,0,,0
148,2019-01,0,4,0.0,0
148,2019-02,0,0,,0
148,2019-03,2,4,0.5,1
148,2019-04,1,6,0.1667,0
148,2019-05,0,8,0.0,0
148,2019-06,0,0,,0
148,2019-07,0,4,0.0,0
148,2019-08,0,1,0.0,0
148,2019-09,0,5,0.0,0
148,2019-10,1,12,0.0833,0
148,2019-11,0,5,0.0,0
148,2019-12,0,3,0.0,0
148,2020-01,0,3,0.0,0
148,2020-02,0,1,0.0,0
148,2020-03,0,5,0.0,0
148,2020-04,0,1,0.0,0
148,2020-05,0,3,0.0,0
148,2020-06,0,1,0.0,0
148,2020-07,0,0,,0
148,2020-08,0,0,,0
148,2020-09,0,3,0.0,0
148,2020-10,1,1,1.0,0
148,2020-11,0,2,0.0,0
148,2020-12,0,2,0.0,0
148,2021-01,0,1,0.0,0
148,2021-02,0,1,0.0,0
148,2021-03,0,4,0.0,0
148,2021-04,0,0,,0
148,2021-05,0,1,0.0,0
148,2021-06,0,0,,0
148,2021-07,0,0,,0
148,2021-08,0,1,0.0,0
148,2021-09,0,0,,0
148,2021-10,0,1,0.0,0
148,2021-11,0,0,,0
148,2021-12,0,0,,0
148,2022-01,0,2,0.0,0
148,2022-02,0,5,0.0,0
148,2022-03,0,3,0.0,0
148,2022-04,0,0,,0
148,2022-05,0,1,0.0,0
148,2022-06,0,0,,0
148,2022-07,0,0,,0
149,2019-01,1,12,0.0833,0
149,2019-02,1,7,0.1429,0
149,2019-03,2,7,0.2857,0
149,2019-04,1,7,0.1429,0
149,2019-05,0,7,0.0,0
149,2019-06,4,17,0.2353,0
149,2019-07,0,16,0.0,0
149,2019-08,5,14,0.3571,1
149,2019-09,5,10,0.5,1
149,2019-10,9,16,0.5625,1
149,2019-11,10,30,0.3333,1
149,2019-12,5,16,0.3125,1
149,2020-01,1,17,0.0588,0
149,2020-02,3,14,0.2143,0
149,2020-03,6,15,0.4,1
149,2020-04,0,1,0.0,0
149,2020-05,0,1,0.0,0
149,2020-06,3,6,0.5,0
149,2020-07,1,2,0.5,0
149,2020-08,0,1,0.0,0
149,2020-09,0,2,0.0,0
149,2020-10,3,7,0.4286,0
149,2020-11,5,11,0.4545,1
149,2020-12,1,10,0.1,0
149,2021-01,5,8,0.625,1
149,2021-02,0,6,0.0,0
149,2021-03,0,3,0.0,0
149,2021-04,1,1,1.0,0
149,2021-05,0,0,,0
149,2021-06,0,2,0.0,0
149,2021-07,0,3,0.0,0
149,2021-08,1,4,0.25,0
149,2021-09,1,4,0.25,0
149,2021-10,0,6,0.0,0
149,2021-11,0,3,0.0,0
149,2021-12,1,3,0.3333,0
149,2022-01,0,1,0.0,0
149,2022-02,0,0,,0
149,2022-03,0,1,0.0,0
149,2022-04,0,0,,0
149,2022-05,0,1,0.0,0
149,2022-06,0,0,,0
149,2022-07,0,5,0.0,0
150,2019-01,8,27,0.2963,1
150,2019-02,6,26,0.2308,1
150,2019-03,5,37,0.1351,1
150,2019-04,5,14,0.3571,1
150,2019-05,10,41,0.2439,1
150,2019-06,6,20,0.3,1
150,2019-07,5,25,0.2,1
150,2019-08,18,44,0.4091,1
150,2019-09,15,33,0.4545,1
150,2019-10,24,56,0.4286,1
150,2019-11,13,37,0.3514,1
150,2019-12,6,24,0.25,1
150,2020-01,4,30,0.1333,0
150,2020-02,8,32,0.25,1
150,2020-03,2,8,0.25,0
150,2020-04,4,7,0.5714,0
150,2020-05,2,8,0.25,0
150,2020-06,1,2,0.5,0
150,2020-07,1,2,0.5,0
150,2020-08,1,2,0.5,0
150,2020-09,0,11,0.0,0
150,2020-10,0,8,0.0,0
150,2020-11,1,5,0.2,0
150,2020-12,1,16,0.0625,0
150,2021-01,0,19,0.0,0
150,2021-02,0,3,0.0,0
150,2021-03,0,3,0.0,0
150,2021-04,2,6,0.3333,0
150,2021-05,0,1,0.0,0
150,2021-06,1,5,0.2,0
150,2021-07,0,7,0.0,0
150,2021-08,0,1,0.0,0
150,2021-09,3,10,0.3,0
150,2021-10,1,2,0.5,0
150,2021-11,2,6,0.3333,0
150,2021-12,1,12,0.0833,0
150,2022-01,0,11,0.0,0
150,2022-02,1,3,0.3333,0
150,2022-03,0,6,0.0,0
150,2022-04,0,2,0.0,0
150,2022-05,0,7,0.0,0
150,2022-06,0,9,0.0,0
150,2022-07,0,6,0.0,0
151,2019-01,0,5,0.0,0
151,2019-02,0,7,0.0,0
151,2019-03,0,3,0.0,0
151,2019-04,0,3,0.0,0
151,2019-05,0,6,0.0,0
151,2019-06,0,5,0.0,0
151,2019-07,0,3,0.0,0
151,2019-08,1,12,0.0833,0
151,2019-09,0,7,0.0,0
151,2019-10,3,16,0.1875,1
151,2019-11,1,14,0.0714,0
151,2019-12,1,11,0.0909,0
151,2020-01,0,6,0.0,0
151,2020-02,1,9,0.1111,0
151,2020-03,0,4,0.0,0
151,2020-04,0,0,,0
151,2020-05,0,1,0.0,0
151,2020-06,0,3,0.0,0
151,2020-07,0,1,0.0,0
151,2020-08,0,3,0.0,0
151,2020-09,0,1,0.0,0
151,2020-10,0,6,0.0,0
151,2020-11,0,4,0.0,0
151,2020-12,0,11,0.0,0
151,2021-01,0,4,0.0,0
151,2021-02,0,0,,0
151,2021-03,0,0,,0
151,2021-04,1,5,0.2,0
151,2021-05,0,1,0.0,0
151,2021-06,0,8,0.0,0
151,2021-07,0,0,,0
151,2021-08,0,0,,0
151,2021-09,1,5,0.2,0
151,2021-10,0,1,0.0,0
151,2021-11,0,0,,0
151,2021-12,1,1,1.0,0
151,2022-01,0,1,0.0,0
151,2022-02,0,5,0.0,0
151,2022-03,0,3,0.0,0
151,2022-04,0,3,0.0,0
151,2022-05,0,1,0.0,0
151,2022-06,0,3,0.0,0
151,2022-07,0,3,0.0,0
152,2019-01,0,0,,0
152,2019-02,1,2,0.5,0
152,2019-03,0,1,0.0,0
152,2019-04,0,0,,0
152,2019-05,0,3,0.0,0
152,2019-06,1,2,0.5,0
152,2019-07,1,7,0.1429,0
152,2019-08,2,2,1.0,1
152,2019-09,1,4,0.25,0
152,2019-10,0,2,0.0,0
152,2019-11,0,4,0.0,0
152,2019-12,0,1,0.0,0
152,2020-01,0,1,0.0,0
152,2020-02,0,0,,0
152,2020-03,0,4,0.0,0
152,2020-04,0,1,0.0,0
152,2020-05,0,1,0.0,0
152,2020-06,0,0,,0
152,2020-07,0,0,,0
152,2020-08,0,0,,0
152,2020-09,0,1,0.0,0
152,2020-10,0,1,0.0,0
152,2020-11,0,0,,0
152,2020-12,0,0,,0
152,2021-01,0,0,,0
152,2021-02,0,0,,0
152,2021-03,0,0,,0
152,2021-04,0,1,0.0,0
152,2021-05,0,0,,0
152,2021-06,0,0,,0
152,2021-07,0,0,,0
152,2021-08,0,1,0.0,0
152,2021-09,0,0,,0
152,2021-10,0,0,,0
152,2021-11,0,0,,0
152,2021-12,0,0,,0
152,2022-01,0,1,0.0,0
152,2022-02,0,1,0.0,0
152,2022-03,0,0,,0
152,2022-04,0,0,,0
152,2022-05,0,0,,0
152,2022-06,0,2,0.0,0
152,2022-07,0,0,,0
153,2019-01,2,4,0.5,1
153,2019-02,0,1,0.0,0
153,2019-03,0,0,,0
153,2019-04,0,1,0.0,0
153,2019-05,1,1,1.0,0
153,2019-06,1,1,1.0,0
153,2019-07,0,1,0.0,0
153,2019-08,2,2,1.0,1
153,2019-09,0,2,0.0,0
153,2019-10,0,1,0.0,0
153,2019-11,1,1,1.0,0
153,2019-12,0,0,,0
153,2020-01,0,4,0.0,0
153,2020-02,0,0,,0
153,2020-03,0,1,0.0,0
153,2020-04,0,0,,0
153,2020-05,0,0,,0
153,2020-06,0,1,0.0,0
153,2020-07,0,0,,0
153,2020-08,1,2,0.5,0
153,2020-09,0,0,,0
153,2020-10,0,9,0.0,0
153,2020-11,1,3,0.3333,0
153,2020-12,0,3,0.0,0
153,2021-01,0,1,0.0,0
153,2021-02,0,1,0.0,0
153,2021-03,0,1,0.0,0
153,2021-04,0,0,,0
153,2021-05,0,0,,0
153,2021-06,0,0,,0
153,2021-07,0,1,0.0,0
153,2021-08,0,0,,0
153,2021-09,0,0,,0
153,2021-10,0,1,0.0,0
153,2021-11,0,0,,0
153,2021-12,0,0,,0
153,2022-01,0,1,0.0,0
153,2022-02,0,1,0.0,0
153,2022-03,0,0,,0
153,2022-04,0,0,,0
153,2022-05,0,0,,0
153,2022-06,0,0,,0
153,2022-07,0,0,,0
154,2019-01,0,2,0.0,0
154,2019-02,0,1,0.0,0
154,2019-03,0,1,0.0,0
154,2019-04,0,2,0.0,0
154,2019-05,0,2,0.0,0
154,2019-06,0,2,0.0,0
154,2019-07,0,3,0.0,0
154,2019-08,1,2,0.5,0
154,2019-09,0,0,,0
154,2019-10,0,1,0.0,0
154,2019-11,1,4,0.25,0
154,2019-12,0,2,0.0,0
154,2020-01,0,0,,0
154,2020-02,0,1,0.0,0
154,2020-03,0,1,0.0,0
154,2020-04,0,0,,0
154,2020-05,0,1,0.0,0
154,2020-06,0,1,0.0,0
154,2020-07,0,0,,0
154,2020-08,0,1,0.0,0
154,2020-09,0,1,0.0,0
154,2020-10,0,0,,0
154,2020-11,0,1,0.0,0
154,2020-12,0,3,0.0,0
154,2021-01,0,0,,0
154,2021-02,0,2,0.0,0
154,2021-03,0,0,,0
154,2021-04,0,0,,0
154,2021-05,0,0,,0
154,2021-06,0,0,,0
154,2021-07,1,4,0.25,0
154,2021-08,0,0,,0
154,2021-09,0,0,,0
154,2021-10,0,2,0.0,0
154,2021-11,0,1,0.0,0
154,2021-12,0,0,,0
154,2022-01,0,1,0.0,0
154,2022-02,0,1,0.0,0
154,2022-03,0,1,0.0,0
154,2022-04,0,2,0.0,0
154,2022-05,0,1,0.0,0
154,2022-06,0,1,0.0,0
154,2022-07,0,0,,0
155,2019-01,0,0,,0
155,2019-02,0,1,0.0,0
155,2019-03,0,1,0.0,0
155,2019-04,0,0,,0
155,2019-05,0,1,0.0,0
155,2019-06,0,1,0.0,0
155,2019-07,0,1,0.0,0
155,2019-08,1,2,0.5,0
155,2019-09,0,1,0.0,0
155,2019-10,0,0,,0
155,2019-11,1,2,0.5,0
155,2019-12,0,0,,0
155,2020-01,0,4,0.0,0
155,2020-02,0,2,0.0,0
155,2020-03,0,1,0.0,0
155,2020-04,0,1,0.0,0
155,2020-05,0,0,,0
155,2020-06,0,2,0.0,0
155,2020-07,0,0,,0
155,2020-08,0,0,,0
155,2020-09,0,0,,0
155,2020-10,0,0,,0
155,2020-11,0,0,,0
155,2020-12,0,2,0.0,0
155,2021-01,0,2,0.0,0
155,2021-02,0,0,,0
155,2021-03,0,0,,0
155,2021-04,0,0,,0
155,2021-05,0,0,,0
155,2021-06,0,1,0.0,0
155,2021-07,0,0,,0
155,2021-08,0,0,,0
155,2021-09,0,0,,0
155,2021-10,0,1,0.0,0
155,2021-11,0,0,,0
155,2021-12,0,0,,0
155,2022-01,0,2,0.0,0
155,2022-02,0,1,0.0,0
155,2022-03,0,0,,0
155,2022-04,0,0,,0
155,2022-05,0,0,,0
155,2022-06,0,0,,0
155,2022-07,0,1,0.0,0
156,2019-01,0,0,,0
156,2019-02,0,0,,0
156,2019-03,0,1,0.0,0
156,2019-04,1,2,0.5,0
156,2019-05,0,0,,0
156,2019-06,0,0,,0
156,2019-07,0,1,0.0,0
156,2019-08,0,0,,0
156,2019-09,0,0,,0
156,2019-10,0,0,,0
156,2019-11,0,1,0.0,0
156,2019-12,0,1,0.0,0
156,2020-01,0,0,,0
156,2020-02,0,2,0.0,0
156,2020-03,0,6,0.0,0
156,2020-04,0,1,0.0,0
156,2020-05,0,1,0.0,0
156,2020-06,0,2,0.0,0
156,2020-07,0,0,,0
156,2020-08,0,0,,0
156,2020-09,1,2,0.5,0
156,2020-10,0,0,,0
156,2020-11,0,0,,0
156,2020-12,0,0,,0
156,2021-01,0,1,0.0,0
156,2021-02,0,1,0.0,0
156,2021-03,0,0,,0
156,2021-04,0,0,,0
156,2021-05,0,1,0.0,0
156,2021-06,0,1,0.0,0
156,2021-07,1,1,1.0,0
156,2021-08,0,0,,0
156,2021-09,0,0,,0
156,2021-10,0,0,,0
156,2021-11,0,1,0.0,0
156,2021-12,0,0,,0
156,2022-01,0,0,,0
156,2022-02,0,0,,0
156,2022-03,0,1,0.0,0
156,2022-04,0,0,,0
156,2022-05,0,0,,0
156,2022-06,0,1,0.0,0
156,2022-07,0,0,,0
157,2019-01,0,0,,0
157,2019-02,0,0,,0
157,2019-03,0,0,,0
157,2019-04,0,0,,0
157,2019-05,0,0,,0
157,2019-06,0,0,,0
157,2019-07,0,1,0.0,0
157,2019-08,0,0,,0
157,2019-09,0,0,,0
157,2019-10,0,2,0.0,0
157,2019-11,0,0,,0
157,2019-12,0,1,0.0,0
157,2020-01,1,4,0.25,0
157,2020-02,0,0,,0
157,2020-03,0,0,,0
157,2020-04,0,0,,0
157,2020-05,0,0,,0
157,2020-06,0,6,0.0,0
157,2020-07,0,0,,0
157,2020-08,0,0,,0
157,2020-09,0,1,0.0,0
157,2020-10,0,0,,0
157,2020-11,0,0,,0
157,2020-12,0,0,,0
157,2021-01,0,0,,0
157,2021-02,0,0,,0
157,2021-03,0,0,,0
157,2021-04,0,0,,0
157,2021-05,0,0,,0
157,2021-06,0,0,,0
157,2021-07,0,0,,0
157,2021-08,0,0,,0
157,2021-09,0,0,,0
157,2021-10,0,0,,0
157,2021-11,0,4,0.0,0
157,2021-12,0,0,,0
157,2022-01,0,1,0.0,0
157,2022-02,0,0,,0
157,2022-03,0,0,,0
157,2022-04,0,0,,0
157,2022-05,0,0,,0
157,2022-06,0,1,0.0,0
157,2022-07,0,0,,0
158,2019-01,0,1,0.0,0
158,2019-02,0,1,0.0,0
158,2019-03,0,1,0.0,0
158,2019-04,0,0,,0
158,2019-05,2,2,1.0,1
158,2019-06,0,1,0.0,0
158,2019-07,0,0,,0
158,2019-08,0,2,0.0,0
158,2019-09,1,3,0.3333,0
158,2019-10,2,6,0.3333,1
158,2019-11,0,1,0.0,0
158,2019-12,0,0,,0
158,2020-01,0,0,,0
158,2020-02,0,0,,0
158,2020-03,0,0,,0
158,2020-04,0,0,,0
158,2020-05,0,0,,0
158,2020-06,0,0,,0
158,2020-07,0,2,0.0,0
158,2020-08,0,0,,0
158,2020-09,0,1,0.0,0
158,2020-10,0,0,,0
158,2020-11,0,0,,0
158,2020-12,0,1,0.0,0
158,2021-01,0,0,,0
158,2021-02,0,0,,0
158,2021-03,0,0,,0
158,2021-04,0,1,0.0,0
158,2021-05,0,0,,0
158,2021-06,0,0,,0
158,2021-07,0,0,,0
158,2021-08,0,0,,0
158,2021-09,0,0,,0
158,2021-10,0,0,,0
158,2021-11,0,0,,0
158,2021-12,0,0,,0
158,2022-01,0,0,,0
158,2022-02,0,1,0.0,0
158,2022-03,0,0,,0
158,2022-04,0,0,,0
158,2022-05,0,0,,0
158,2022-06,0,0,,0
158,2022-07,0,2,0.0,0
159,2019-01,0,0,,0
159,2019-02,0,0,,0
159,2019-03,0,1,0.0,0
159,2019-04,0,0,,0
159,2019-05,0,0,,0
159,2019-06,0,0,,0
159,2019-07,0,2,0.0,0
159,2019-08,0,3,0.0,0
159,2019-09,0,0,,0
159,2019-10,0,5,0.0,0
159,2019-11,0,0,,0
159,2019-12,0,0,,0
159,2020-01,0,1,0.0,0
159,2020-02,0,1,0.0,0
159,2020-03,0,1,0.0,0
159,2020-04,0,0,,0
159,2020-05,0,2,0.0,0
159,2020-06,0,0,,0
159,2020-07,0,2,0.0,0
159,2020-08,0,1,0.0,0
159,2020-09,0,0,,0
159,2020-10,0,1,0.0,0
159,2020-11,0,0,,0
159,2020-12,0,1,0.0,0
159,2021-01,0,1,0.0,0
159,2021-02,0,0,,0
159,2021-03,0,0,,0
159,2021-04,0,0,,0
159,2021-05,0,1,0.0,0
159,2021-06,0,2,0.0,0
159,2021-07,0,0,,0
159,2021-08,0,0,,0
159,2021-09,0,1,0.0,0
159,2021-10,0,2,0.0,0
159,2021-11,0,0,,0
159,2021-12,0,0,,0
159,2022-01,0,1,0.0,0
159,2022-02,0,1,0.0,0
159,2022-03,0,1,0.0,0
159,2022-04,0,1,0.0,0
159,2022-05,0,2,0.0,0
159,2022-06,0,1,0.0,0
159,2022-07,0,2,0.0,0
160,2019-01,0,8,0.0,0
160,2019-02,0,4,0.0,0
160,2019-03,0,3,0.0,0
160,2019-04,0,6,0.0,0
160,2019-05,0,3,0.0,0
160,2019-06,0,5,0.0,0
160,2019-07,1,7,0.1429,0
160,2019-08,2,6,0.3333,0
160,2019-09,2,6,0.3333,0
160,2019-10,2,12,0.1667,0
160,2019-11,2,7,0.2857,0
160,2019-12,1,3,0.3333,0
160,2020-01,1,15,0.0667,0
160,2020-02,1,5,0.2,0
160,2020-03,0,13,0.0,0
160,2020-04,0,2,0.0,0
160,2020-05,1,7,0.1429,0
160,2020-06,0,3,0.0,0
160,2020-07,1,5,0.2,0
160,2020-08,0,3,0.0,0
160,2020-09,0,3,0.0,0
160,2020-10,1,3,0.3333,0
160,2020-11,1,6,0.1667,0
160,2020-12,0,6,0.0,0
160,2021-01,0,6,0.0,0
160,2021-02,0,2,0.0,0
160,2021-03,1,6,0.1667,0
160,2021-04,0,2,0.0,0
160,2021-05,0,2,0.0,0
160,2021-06,0,4,0.0,0
160,2021-07,0,4,0.0,0
160,2021-08,0,1,0.0,0
160,2021-09,1,6,0.1667,0
160,2021-10,0,1,0.0,0
160,2021-11,1,2,0.5,0
160,2021-12,0,2,0.0,0
160,2022-01,0,6,0.0,0
160,2022-02,0,0,,0
160,2022-03,0,10,0.0,0
160,2022-04,0,0,,0
160,2022-05,1,5,0.2,0
160,2022-06,0,6,0.0,0
160,2022-07,0,12,0.0,0
161,2019-01,0,1,0.0,0
161,2019-02,1,2,0.5,0
161,2019-03,0,0,,0
161,2019-04,0,1,0.0,0
161,2019-05,2,3,0.6667,1
161,2019-06,0,1,0.0,0
161,2019-07,0,0,,0
161,2019-08,1,2,0.5,0
161,2019-09,0,2,0.0,0
161,2019-10,0,1,0.0,0
161,2019-11,1,1,1.0,0
161,2019-12,0,1,0.0,0
161,2020-01,0,0,,0
161,2020-02,0,0,,0
161,2020-03,0,1,0.0,0
161,2020-04,0,0,,0
161,2020-05,2,2,1.0,1
161,2020-06,0,1,0.0,0
161,2020-07,0,3,0.0,0
161,2020-08,0,0,,0
161,2020-09,0,1,0.0,0
161,2020-10,0,0,,0
161,2020-11,0,2,0.0,0
161,2020-12,1,2,0.5,0
161,2021-01,0,0,,0
161,2021-02,0,0,,0
161,2021-03,0,0,,0
161,2021-04,0,0,,0
161,2021-05,0,0,,0
161,2021-06,0,1,0.0,0
161,2021-07,0,0,,0
161,2021-08,0,0,,0
161,2021-09,0,1,0.0,0
161,2021-10,0,1,0.0,0
161,2021-11,0,0,,0
161,2021-12,0,0,,0
161,2022-01,0,0,,0
161,2022-02,0,0,,0
161,2022-03,0,0,,0
161,2022-04,0,0,,0
161,2022-05,1,1,1.0,0
161,2022-06,0,1,0.0,0
161,2022-07,0,0,,0
162,2019-01,1,2,0.5,0
162,2019-02,0,4,0.0,0
162,2019-03,0,2,0.0,0
162,2019-04,0,1,0.0,0
162,2019-05,0,1,0.0,0
162,2019-06,0,6,0.0,0
162,2019-07,0,2,0.0,0
162,2019-08,0,2,0.0,0
162,2019-09,0,1,0.0,0
162,2019-10,1,4,0.25,0
162,2019-11,1,4,0.25,0
162,2019-12,0,0,,0
162,2020-01,2,5,0.4,1
162,2020-02,0,4,0.0,0
162,2020-03,0,1,0.0,0
162,2020-04,0,1,0.0,0
162,2020-05,0,1,0.0,0
162,2020-06,0,4,0.0,0
162,2020-07,0,0,,0
162,2020-08,1,1,1.0,0
162,2020-09,0,1,0.0,0
162,2020-10,0,9,0.0,0
162,2020-11,0,1,0.0,0
162,2020-12,0,1,0.0,0
162,2021-01,0,0,,0
162,2021-02,0,2,0.0,0
162,2021-03,0,3,0.0,0
162,2021-04,0,3,0.0,0
162,2021-05,0,1,0.0,0
162,2021-06,0,1,0.0,0
162,2021-07,0,1,0.0,0
162,2021-08,0,1,0.0,0
162,2021-09,0,5,0.0,0
162,2021-10,0,1,0.0,0
162,2021-11,0,2,0.0,0
162,2021-12,0,1,0.0,0
162,2022-01,0,0,,0
162,2022-02,0,1,0.0,0
162,2022-03,0,1,0.0,0
162,2022-04,0,6,0.0,0
162,2022-05,0,5,0.0,0
162,2022-06,0,1,0.0,0
162,2022-07,0,0,,0
163,2019-01,0,0,,0
163,2019-02,0,1,0.0,0
163,2019-03,0,0,,0
163,2019-04,0,1,0.0,0
163,2019-05,0,1,0.0,0
163,2019-06,0,1,0.0,0
163,2019-07,0,1,0.0,0
163,2019-08,0,2,0.0,0
163,2019-09,0,2,0.0,0
163,2019-10,0,1,0.0,0
163,2019-11,1,3,0.3333,0
163,2019-12,0,0,,0
163,2020-01,0,0,,0
163,2020-02,0,1,0.0,0
163,2020-03,0,3,0.0,0
163,2020-04,0,0,,0
163,2020-05,0,1,0.0,0
163,2020-06,0,1,0.0,0
163,2020-07,0,0,,0
163,2020-08,0,0,,0
163,2020-09,0,0,,0
163,2020-10,0,1,0.0,0
163,2020-11,0,2,0.0,0
163,2020-12,0,3,0.0,0
163,2021-01,0,1,0.0,0
163,2021-02,0,0,,0
163,2021-03,0,0,,0
163,2021-04,0,2,0.0,0
163,2021-05,0,1,0.0,0
163,2021-06,0,0,,0
163,2021-07,0,2,0.0,0
163,2021-08,0,1,0.0,0
163,2021-09,0,0,,0
163,2021-10,0,1,0.0,0
163,2021-11,0,1,0.0,0
163,2021-12,0,0,,0
163,2022-01,0,0,,0
163,2022-02,0,0,,0
163,2022-03,0,0,,0
163,2022-04,0,0,,0
163,2022-05,0,0,,0
163,2022-06,0,0,,0
163,2022-07,0,0,,0
164,2019-01,0,2,0.0,0
164,2019-02,0,1,0.0,0
164,2019-03,0,1,0.0,0
164,2019-04,0,2,0.0,0
164,2019-05,0,0,,0
164,2019-06,0,1,0.0,0
164,2019-07,0,4,0.0,0
164,2019-08,1,2,0.5,0
164,2019-09,1,1,1.0,0
164,2019-10,0,1,0.0,0
164,2019-11,0,2,0.0,0
164,2019-12,0,1,0.0,0
164,2020-01,0,0,,0
164,2020-02,0,3,0.0,0
164,2020-03,0,1,0.0,0
164,2020-04,0,0,,0
164,2020-05,0,0,,0
164,2020-06,0,1,0.0,0
164,2020-07,0,1,0.0,0
164,2020-08,0,0,,0
164,2020-09,0,1,0.0,0
164,2020-10,0,3,0.0,0
164,2020-11,0,1,0.0,0
164,2020-12,1,3,0.3333,0
164,2021-01,0,3,0.0,0
164,2021-02,0,0,,0
164,2021-03,0,0,,0
164,2021-04,0,0,,0
164,2021-05,0,1,0.0,0
164,2021-06,0,0,,0
164,2021-07,0,1,0.0,0
164,2021-08,0,0,,0
164,2021-09,0,0,,0
164,2021-10,0,1,0.0,0
164,2021-11,0,1,0.0,0
164,2021-12,0,0,,0
164,2022-01,0,0,,0
164,2022-02,0,0,,0
164,2022-03,0,0,,0
164,2022-04,0,1,0.0,0
164,2022-05,0,0,,0
164,2022-06,0,0,,0
164,2022-07,0,0,,0
165,2019-01,0,2,0.0,0
165,2019-02,0,1,0.0,0
165,2019-03,0,1,0.0,0
165,2019-04,0,3,0.0,0
165,2019-05,0,1,0.0,0
165,2019-06,0,2,0.0,0
165,2019-07,0,0,,0
165,2019-08,0,4,0.0,0
165,2019-09,0,1,0.0,0
165,2019-10,0,0,,0
165,2019-11,0,0,,0
165,2019-12,0,0,,0
165,2020-01,0,1,0.0,0
165,2020-02,0,0,,0
165,2020-03,0,4,0.0,0
165,2020-04,0,0,,0
165,2020-05,0,0,,0
165,2020-06,2,3,0.6667,1
165,2020-07,0,1,0.0,0
165,2020-08,0,0,,0
165,2020-09,0,1,0.0,0
165,2020-10,0,0,,0
165,2020-11,1,1,1.0,0
165,2020-12,0,0,,0
165,2021-01,0,5,0.0,0
165,2021-02,0,0,,0
165,2021-03,0,0,,0
165,2021-04,0,0,,0
165,2021-05,0,1,0.0,0
165,2021-06,0,1,0.0,0
165,2021-07,0,0,,0
165,2021-08,0,1,0.0,0
165,2021-09,0,0,,0
165,2021-10,0,0,,0
165,2021-11,0,0,,0
165,2021-12,0,1,0.0,0
165,2022-01,0,0,,0
165,2022-02,0,0,,0
165,2022-03,0,3,0.0,0
165,2022-04,0,0,,0
165,2022-05,0,0,,0
165,2022-06,0,1,0.0,0
165,2022-07,0,0,,0
166,2019-01,0,1,0.0,0
166,2019-02,0,0,,0
166,2019-03,0,0,,0
166,2019-04,0,0,,0
166,2019-05,0,2,0.0,0
166,2019-06,0,0,,0
166,2019-07,0,1,0.0,0
166,2019-08,0,0,,0
166,2019-09,0,3,0.0,0
166,2019-10,0,2,0.0,0
166,2019-11,0,1,0.0,0
166,2019-12,0,0,,0
166,2020-01,0,2,0.0,0
166,2020-02,0,0,,0
166,2020-03,0,2,0.0,0
166,2020-04,0,0,,0
166,2020-05,0,1,0.0,0
166,2020-06,0,0,,0
166,2020-07,0,4,0.0,0
166,2020-08,0,0,,0
166,2020-09,0,0,,0
166,2020-10,0,1,0.0,0
166,2020-11,1,2,0.5,0
166,2020-12,0,2,0.0,0
166,2021-01,0,1,0.0,0
166,2021-02,0,0,,0
166,2021-03,0,1,0.0,0
166,2021-04,0,0,,0
166,2021-05,0,0,,0
166,2021-06,0,0,,0
166,2021-07,0,1,0.0,0
166,2021-08,0,3,0.0,0
166,2021-09,0,0,,0
166,2021-10,0,0,,0
166,2021-11,0,0,,0
166,2021-12,0,1,0.0,0
166,2022-01,0,0,,0
166,2022-02,0,0,,0
166,2022-03,0,1,0.0,0
166,2022-04,0,0,,0
166,2022-05,0,2,0.0,0
166,2022-06,0,0,,0
166,2022-07,0,0,,0
167,2019-01,2,2,1.0,1
167,2019-02,0,0,,0
167,2019-03,0,1,0.0,0
167,2019-04,0,0,,0
167,2019-05,0,1,0.0,0
167,2019-06,0,1,0.0,0
167,2019-07,0,0,,0
167,2019-08,1,2,0.5,0
167,2019-09,0,2,0.0,0
167,2019-10,1,4,0.25,0
167,2019-11,0,1,0.0,0
167,2019-12,0,1,0.0,0
167,2020-01,0,2,0.0,0
167,2020-02,1,8,0.125,0
167,2020-03,0,2,0.0,0
167,2020-04,0,0,,0
167,2020-05,0,1,0.0,0
167,2020-06,0,0,,0
167,2020-07,0,0,,0
167,2020-08,0,0,,0
167,2020-09,0,2,0.0,0
167,2020-10,0,0,,0
167,2020-11,0,0,,0
167,2020-12,0,0,,0
167,2021-01,0,1,0.0,0
167,2021-02,0,1,0.0,0
167,2021-03,0,0,,0
167,2021-04,0,0,,0
167,2021-05,0,0,,0
167,2021-06,0,0,,0
167,2021-07,0,3,0.0,0
167,2021-08,0,0,,0
167,2021-09,0,0,,0
167,2021-10,0,1,0.0,0
167,2021-11,0,0,,0
167,2021-12,0,1,0.0,0
167,2022-01,0,3,0.0,0
167,2022-02,0,2,0.0,0
167,2022-03,1,2,0.5,0
167,2022-04,0,0,,0
167,2022-05,0,1,0.0,0
167,2022-06,1,1,1.0,0
167,2022-07,0,0,,0
168,2019-01,7,12,0.5833,1
168,2019-02,0,1,0.0,0
168,2019-03,0,6,0.0,0
168,2019-04,0,0,,0
168,2019-05,0,5,0.0,0
168,2019-06,0,0,,0
168,2019-07,0,2,0.0,0
168,2019-08,1,6,0.1667,0
168,2019-09,1,6,0.1667,0
168,2019-10,0,6,0.0,0
168,2019-11,0,2,0.0,0
168,2019-12,0,9,0.0,0
168,2020-01,0,3,0.0,0
168,2020-02,0,4,0.0,0
168,2020-03,0,4,0.0,0
168,2020-04,0,2,0.0,0
168,2020-05,0,1,0.0,0
168,2020-06,0,1,0.0,0
168,2020-07,0,3,0.0,0
168,2020-08,0,0,,0
168,2020-09,0,2,0.0,0
168,2020-10,0,1,0.0,0
168,2020-11,0,0,,0
168,2020-12,0,5,0.0,0
168,2021-01,0,7,0.0,0
168,2021-02,0,1,0.0,0
168,2021-03,0,2,0.0,0
168,2021-04,0,2,0.0,0
168,2021-05,0,0,,0
168,2021-06,0,0,,0
168,2021-07,0,0,,0
168,2021-08,1,1,1.0,0
168,2021-09,1,1,1.0,0
168,2021-10,0,1,0.0,0
168,2021-11,0,1,0.0,0
168,2021-12,0,2,0.0,0
168,2022-01,0,1,0.0,0
168,2022-02,0,0,,0
168,2022-03,0,2,0.0,0
168,2022-04,0,1,0.0,0
168,2022-05,0,0,,0
168,2022-06,0,3,0.0,0
168,2022-07,0,1,0.0,0
169,2019-01,0,0,,0
169,2019-02,0,0,,0
169,2019-03,0,0,,0
169,2019-04,0,0,,0
169,2019-05,0,1,0.0,0
169,2019-06,0,2,0.0,0
169,2019-07,0,2,0.0,0
169,2019-08,0,0,,0
169,2019-09,0,1,0.0,0
169,2019-10,0,0,,0
169,2019-11,0,0,,0
169,2019-12,0,1,0.0,0
169,2020-01,0,5,0.0,0
169,2020-02,0,3,0.0,0
169,2020-03,0,1,0.0,0
169,2020-04,0,0,,0
169,2020-05,0,0,,0
169,2020-06,0,0,,0
169,2020-07,0,0,,0
169,2020-08,0,0,,0
169,2020-09,0,0,,0
169,2020-10,0,0,,0
169,2020-11,0,1,0.0,0
169,2020-12,0,3,0.0,0
169,2021-01,0,0,,0
169,2021-02,0,0,,0
169,2021-03,0,2,0.0,0
169,2021-04,0,0,,0
169,2021-05,0,0,,0
169,2021-06,0,0,,0
169,2021-07,0,0,,0
169,2021-08,0,0,,0
169,2021-09,0,0,,0
169,2021-10,0,0,,0
169,2021-11,0,0,,0
169,2021-12,0,1,0.0,0
169,2022-01,0,1,0.0,0
169,2022-02,0,0,,0
169,2022-03,0,0,,0
169,2022-04,0,0,,0
169,2022-05,0,0,,0
169,2022-06,0,0,,0
169,2022-07,0,0,,0
170,2019-01,6,6,1.0,1
170,2019-02,0,1,0.0,0
170,2019-03,1,3,0.3333,0
170,2019-04,0,2,0.0,0
170,2019-05,1,1,1.0,0
170,2019-06,0,0,,0
170,2019-07,0,1,0.0,0
170,2019-08,0,0,,0
170,2019-09,0,0,,0
170,2019-10,0,1,0.0,0
170,2019-11,1,2,0.5,0
170,2019-12,0,2,0.0,0
170,2020-01,0,0,,0
170,2020-02,0,1,0.0,0
170,2020-03,0,3,0.0,0
170,2020-04,0,0,,0
170,2020-05,0,2,0.0,0
170,2020-06,0,2,0.0,0
170,2020-07,0,0,,0
170,2020-08,0,1,0.0,0
170,2020-09,0,0,,0
170,2020-10,0,2,0.0,0
170,2020-11,0,1,0.0,0
170,2020-12,0,3,0.0,0
170,2021-01,0,2,0.0,0
170,2021-02,0,0,,0
170,2021-03,0,2,0.0,0
170,2021-04,0,0,,0
170,2021-05,0,0,,0
170,2021-06,0,0,,0
170,2021-07,0,0,,0
170,2021-08,0,1,0.0,0
170,2021-09,0,0,,0
170,2021-10,0,0,,0
170,2021-11,0,2,0.0,0
170,2021-12,0,0,,0
170,2022-01,0,2,0.0,0
170,2022-02,0,0,,0
170,2022-03,0,0,,0
170,2022-04,0,2,0.0,0
170,2022-05,0,1,0.0,0
170,2022-06,0,0,,0
170,2022-07,0,0,,0
171,2019-01,1,1,1.0,1
171,2019-02,0,0,,0
171,2019-03,0,1,0.0,0
171,2019-04,0,0,,0
171,2019-05,0,0,,0
171,2019-06,0,1,0.0,0
171,2019-07,0,10,0.0,0
171,2019-08,0,0,,0
171,2019-09,0,1,0.0,0
171,2019-10,0,2,0.0,0
171,2019-11,0,1,0.0,0
171,2019-12,0,0,,0
171,2020-01,0,0,,0
171,2020-02,0,0,,0
171,2020-03,0,1,0.0,0
171,2020-04,0,0,,0
171,2020-05,0,0,,0
171,2020-06,0,0,,0
171,2020-07,0,0,,0
171,2020-08,0,0,,0
171,2020-09,0,0,,0
171,2020-10,0,0,,0
171,2020-11,0,0,,0
171,2020-12,0,0,,0
171,2021-01,0,0,,0
171,2021-02,0,1,0.0,0
171,2021-03,0,0,,0
171,2021-04,0,0,,0
171,2021-05,0,0,,0
171,2021-06,0,0,,0
171,2021-07,0,0,,0
171,2021-08,0,0,,0
171,2021-09,0,1,0.0,0
171,2021-10,0,0,,0
171,2021-11,0,0,,0
171,2021-12,0,0,,0
171,2022-01,0,0,,0
171,2022-02,0,0,,0
171,2022-03,0,0,,0
171,2022-04,0,0,,0
171,2022-05,0,1,0.0,0
171,2022-06,0,0,,0
171,2022-07,0,1,0.0,0
172,2019-01,0,2,0.0,0
172,2019-02,0,4,0.0,0
172,2019-03,0,3,0.0,0
172,2019-04,0,4,0.0,0
172,2019-05,2,2,1.0,1
172,2019-06,0,5,0.0,0
172,2019-07,0,4,0.0,0
172,2019-08,0,1,0.0,0
172,2019-09,0,3,0.0,0
172,2019-10,0,1,0.0,0
172,2019-11,0,4,0.0,0
172,2019-12,0,4,0.0,0
172,2020-01,1,4,0.25,0
172,2020-02,0,1,0.0,0
172,2020-03,0,3,0.0,0
172,2020-04,0,0,,0
172,2020-05,0,0,,0
172,2020-06,0,0,,0
172,2020-07,0,1,0.0,0
172,2020-08,1,5,0.2,0
172,2020-09,0,0,,0
172,2020-10,0,1,0.0,0
172,2020-11,0,0,,0
172,2020-12,0,0,,0
172,2021-01,0,4,0.0,0
172,2021-02,0,0,,0
172,2021-03,0,1,0.0,0
172,2021-04,0,0,,0
172,2021-05,0,0,,0
172,2021-06,0,0,,0
172,2021-07,0,0,,0
172,2021-08,0,1,0.0,0
172,2021-09,0,0,,0
172,2021-10,0,1,0.0,0
172,2021-11,0,0,,0
172,2021-12,0,0,,0
172,2022-01,0,0,,0
172,2022-02,0,0,,0
172,2022-03,0,1,0.0,0
172,2022-04,0,1,0.0,0
172,2022-05,0,0,,0
172,2022-06,0,0,,0
172,2022-07,0,0,,0
173,2019-01,0,0,,0
173,2019-02,0,2,0.0,0
173,2019-03,0,0,,0
173,2019-04,0,4,0.0,0
173,2019-05,1,1,1.0,0
173,2019-06,0,2,0.0,0
173,2019-07,0,6,0.0,0
173,2019-08,0,5,0.0,0
173,2019-09,0,4,0.0,0
173,2019-10,1,5,0.2,0
173,2019-11,0,6,0.0,0
173,2019-12,0,2,0.0,0
173,2020-01,0,0,,0
173,2020-02,0,4,0.0,0
173,2020-03,0,0,,0
173,2020-04,0,0,,0
173,2020-05,0,0,,0
173,2020-06,0,0,,0
173,2020-07,0,0,,0
173,2020-08,0,3,0.0,0
173,2020-09,0,4,0.0,0
173,2020-10,0,1,0.0,0
173,2020-11,0,0,,0
173,2020-12,0,0,,0
173,2021-01,0,1,0.0,0
173,2021-02,0,0,,0
173,2021-03,0,2,0.0,0
173,2021-04,0,1,0.0,0
173,2021-05,0,0,,0
173,2021-06,0,1,0.0,0
173,2021-07,0,3,0.0,0
173,2021-08,0,1,0.0,0
173,2021-09,0,0,,0
173,2021-10,0,1,0.0,0
173,2021-11,0,1,0.0,0
173,2021-12,0,2,0.0,0
173,2022-01,0,0,,0
173,2022-02,0,0,,0
173,2022-03,0,0,,0
173,2022-04,0,0,,0
173,2022-05,0,1,0.0,0
173,2022-06,0,0,,0
173,2022-07,0,0,,0
174,2019-01,0,4,0.0,0
174,2019-02,2,13,0.1538,0
174,2019-03,2,12,0.1667,0
174,2019-04,0,14,0.0,0
174,2019-05,0,18,0.0,0
174,2019-06,1,10,0.1,0
174,2019-07,3,15,0.2,1
174,2019-08,2,15,0.1333,0
174,2019-09,3,12,0.25,1
174,2019-10,3,13,0.2308,1
174,2019-11,1,14,0.0714,0
174,2019-12,0,9,0.0,0
174,2020-01,1,11,0.0909,0
174,2020-02,1,14,0.0714,0
174,2020-03,0,9,0.0,0
174,2020-04,0,1,0.0,0
174,2020-05,0,5,0.0,0
174,2020-06,0,2,0.0,0
174,2020-07,0,1,0.0,0
174,2020-08,1,2,0.5,0
174,2020-09,0,5,0.0,0
174,2020-10,0,1,0.0,0
174,2020-11,1,7,0.1429,0
174,2020-12,0,5,0.0,0
174,2021-01,2,13,0.1538,0
174,2021-02,0,1,0.0,0
174,2021-03,0,3,0.0,0
174,2021-04,0,1,0.0,0
174,2021-05,0,2,0.0,0
174,2021-06,0,1,0.0,0
174,2021-07,0,1,0.0,0
174,2021-08,0,1,0.0,0
174,2021-09,0,5,0.0,0
174,2021-10,0,2,0.0,0
174,2021-11,0,5,0.0,0
174,2021-12,0,4,0.0,0
174,2022-01,0,1,0.0,0
174,2022-02,0,2,0.0,0
174,2022-03,0,5,0.0,0
174,2022-04,0,1,0.0,0
174,2022-05,1,3,0.3333,0
174,2022-06,0,3,0.0,0
174,2022-07,0,4,0.0,0
175,2019-01,0,0,,0
175,2019-02,0,2,0.0,0
175,2019-03,2,2,1.0,1
175,2019-04,0,1,0.0,0
175,2019-05,0,1,0.0,0
175,2019-06,0,4,0.0,0
175,2019-07,0,0,,0
175,2019-08,0,1,0.0,0
175,2019-09,1,3,0.3333,0
175,2019-10,0,0,,0
175,2019-11,0,2,0.0,0
175,2019-12,0,0,,0
175,2020-01,2,4,0.5,1
175,2020-02,0,3,0.0,0
175,2020-03,1,1,1.0,0
175,2020-04,0,0,,0
175,2020-05,0,0,,0
175,2020-06,0,1,0.0,0
175,2020-07,0,0,,0
175,2020-08,0,1,0.0,0
175,2020-09,0,2,0.0,0
175,2020-10,0,1,0.0,0
175,2020-11,0,1,0.0,0
175,2020-12,0,0,,0
175,2021-01,0,0,,0
175,2021-02,0,0,,0
175,2021-03,0,0,,0
175,2021-04,0,0,,0
175,2021-05,0,0,,0
175,2021-06,0,0,,0
175,2021-07,0,1,0.0,0
175,2021-08,0,0,,0
175,2021-09,0,0,,0
175,2021-10,0,1,0.0,0
175,2021-11,0,3,0.0,0
175,2021-12,0,2,0.0,0
175,2022-01,0,0,,0
175,2022-02,0,0,,0
175,2022-03,0,1,0.0,0
175,2022-04,0,0,,0
175,2022-05,2,2,1.0,1
175,2022-06,0,5,0.0,0
175,2022-07,0,2,0.0,0
176,2019-01,0,13,0.0,0
176,2019-02,0,6,0.0,0
176,2019-03,1,17,0.0588,0
176,2019-04,1,5,0.2,0
176,2019-05,0,6,0.0,0
176,2019-06,0,11,0.0,0
176,2019-07,0,13,0.0,0
176,2019-08,2,12,0.1667,1
176,2019-09,3,10,0.3,1
176,2019-10,2,14,0.1429,1
176,2019-11,2,11,0.1818,1
176,2019-12,0,5,0.0,0
176,2020-01,0,5,0.0,0
176,2020-02,0,6,0.0,0
176,2020-03,1,10,0.1,0
176,2020-04,0,6,0.0,0
176,2020-05,0,9,0.0,0
176,2020-06,0,2,0.0,0
176,2020-07,0,0,,0
176,2020-08,0,5,0.0,0
176,2020-09,0,0,,0
176,2020-10,0,1,0.0,0
176,2020-11,0,7,0.0,0
176,2020-12,1,4,0.25,0
176,2021-01,0,1,0.0,0
176,2021-02,0,2,0.0,0
176,2021-03,0,4,0.0,0
176,2021-04,0,3,0.0,0
176,2021-05,0,0,,0
176,2021-06,0,1,0.0,0
176,2021-07,0,1,0.0,0
176,2021-08,0,2,0.0,0
176,2021-09,0,1,0.0,0
176,2021-10,0,2,0.0,0
176,2021-11,0,6,0.0,0
176,2021-12,0,2,0.0,0
176,2022-01,0,1,0.0,0
176,2022-02,0,2,0.0,0
176,2022-03,0,0,,0
176,2022-04,0,3,0.0,0
176,2022-05,0,3,0.0,0
176,2022-06,0,0,,0
176,2022-07,0,2,0.0,0
177,2019-01,0,1,0.0,0
177,2019-02,0,1,0.0,0
177,2019-03,2,4,0.5,1
177,2019-04,0,3,0.0,0
177,2019-05,1,3,0.3333,0
177,2019-06,1,1,1.0,0
177,2019-07,0,3,0.0,0
177,2019-08,0,3,0.0,0
177,2019-09,0,0,,0
177,2019-10,0,3,0.0,0
177,2019-11,0,3,0.0,0
177,2019-12,0,4,0.0,0
177,2020-01,1,7,0.1429,0
177,2020-02,0,2,0.0,0
177,2020-03,0,4,0.0,0
177,2020-04,0,2,0.0,0
177,2020-05,0,3,0.0,0
177,2020-06,0,3,0.0,0
177,2020-07,0,0,,0
177,2020-08,0,2,0.0,0
177,2020-09,0,0,,0
177,2020-10,0,2,0.0,0
177,2020-11,0,4,0.0,0
177,2020-12,0,6,0.0,0
177,2021-01,0,6,0.0,0
177,2021-02,0,1,0.0,0
177,2021-03,0,0,,0
177,2021-04,0,1,0.0,0
177,2021-05,0,1,0.0,0
177,2021-06,0,1,0.0,0
177,2021-07,0,3,0.0,0
177,2021-08,0,0,,0
177,2021-09,0,1,0.0,0
177,2021-10,0,0,,0
177,2021-11,0,1,0.0,0
177,2021-12,0,0,,0
177,2022-01,0,0,,0
177,2022-02,0,1,0.0,0
177,2022-03,0,0,,0
177,2022-04,0,1,0.0,0
177,2022-05,0,0,,0
177,2022-06,0,4,0.0,0
177,2022-07,0,2,0.0,0
178,2019-01,0,2,0.0,0
178,2019-02,1,3,0.3333,0
178,2019-03,0,2,0.0,0
178,2019-04,0,1,0.0,0
178,2019-05,0,2,0.0,0
178,2019-06,0,1,0.0,0
178,2019-07,0,0,,0
178,2019-08,0,1,0.0,0
178,2019-09,1,2,0.5,0
178,2019-10,1,3,0.3333,0
178,2019-11,0,5,0.0,0
178,2019-12,0,2,0.0,0
178,2020-01,3,5,0.6,1
178,2020-02,0,0,,0
178,2020-03,0,1,0.0,0
178,2020-04,0,1,0.0,0
178,2020-05,0,1,0.0,0
178,2020-06,0,1,0.0,0
178,2020-07,0,1,0.0,0
178,2020-08,0,0,,0
178,2020-09,0,2,0.0,0
178,2020-10,0,0,,0
178,2020-11,0,2,0.0,0
178,2020-12,0,4,0.0,0
178,2021-01,0,5,0.0,0
178,2021-02,0,3,0.0,0
178,2021-03,0,3,0.0,0
178,2021-04,0,0,,0
178,2021-05,0,0,,0
178,2021-06,0,0,,0
178,2021-07,0,1,0.0,0
178,2021-08,0,0,,0
178,2021-09,2,3,0.6667,1
178,2021-10,0,4,0.0,0
178,2021-11,0,0,,0
178,2021-12,0,1,0.0,0
178,2022-01,0,0,,0
178,2022-02,1,2,0.5,0
178,2022-03,0,1,0.0,0
178,2022-04,0,0,,0
178,2022-05,0,0,,0
178,2022-06,0,5,0.0,0
178,2022-07,0,0,,0
179,2019-01,0,1,0.0,0
179,2019-02,0,1,0.0,0
179,2019-03,0,1,0.0,0
179,2019-04,0,0,,0
179,2019-05,0,1,0.0,0
179,2019-06,1,8,0.125,0
179,2019-07,0,0,,0
179,2019-08,0,2,0.0,0
179,2019-09,0,0,,0
179,2019-10,0,4,0.0,0
179,2019-11,1,1,1.0,0
179,2019-12,0,4,0.0,0
179,2020-01,0,3,0.0,0
179,2020-02,0,1,0.0,0
179,2020-03,1,3,0.3333,0
179,2020-04,0,1,0.0,0
179,2020-05,0,0,,0
179,2020-06,1,2,0.5,0
179,2020-07,0,1,0.0,0
179,2020-08,0,1,0.0,0
179,2020-09,0,2,0.0,0
179,2020-10,1,1,1.0,0
179,2020-11,1,4,0.25,0
179,2020-12,0,2,0.0,0
179,2021-01,0,1,0.0,0
179,2021-02,0,1,0.0,0
179,2021-03,0,1,0.0,0
179,2021-04,0,2,0.0,0
179,2021-05,0,2,0.0,0
179,2021-06,0,3,0.0,0
179,2021-07,0,0,,0
179,2021-08,0,0,,0
179,2021-09,0,0,,0
179,2021-10,1,1,1.0,0
179,2021-11,0,0,,0
179,2021-12,0,1,0.0,0
179,2022-01,0,0,,0
179,2022-02,0,0,,0
179,2022-03,0,4,0.0,0
179,2022-04,0,1,0.0,0
179,2022-05,0,0,,0
179,2022-06,0,2,0.0,0
179,2022-07,0,0,,0
180,2019-01,0,0,,0
180,2019-02,0,1,0.0,0
180,2019-03,0,0,,0
180,2019-04,0,0,,0
180,2019-05,0,0,,0
180,2019-06,0,0,,0
180,2019-07,0,1,0.0,0
180,2019-08,0,0,,0
180,2019-09,0,0,,0
180,2019-10,0,1,0.0,0
180,2019-11,0,1,0.0,0
180,2019-12,0,0,,0
180,2020-01,0,1,0.0,0
180,2020-02,0,1,0.0,0
180,2020-03,0,1,0.0,0
180,2020-04,0,0,,0
180,2020-05,0,0,,0
180,2020-06,0,0,,0
180,2020-07,0,0,,0
180,2020-08,0,0,,0
180,2020-09,0,0,,0
180,2020-10,0,0,,0
180,2020-11,0,1,0.0,0
180,2020-12,0,0,,0
180,2021-01,1,1,1.0,1
180,2021-02,0,0,,0
180,2021-03,0,0,,0
180,2021-04,0,0,,0
180,2021-05,0,0,,0
180,2021-06,0,0,,0
180,2021-07,0,0,,0
180,2021-08,0,0,,0
180,2021-09,0,0,,0
180,2021-10,0,0,,0
180,2021-11,0,0,,0
180,2021-12,0,0,,0
180,2022-01,0,0,,0
180,2022-02,0,0,,0
180,2022-03,0,0,,0
180,2022-04,0,1,0.0,0
180,2022-05,0,1,0.0,0
180,2022-06,0,0,,0
180,2022-07,0,1,0.0,0
181,2019-01,0,1,0.0,0
181,2019-02,0,1,0.0,0
181,2019-03,0,3,0.0,0
181,2019-04,0,1,0.0,0
181,2019-05,1,3,0.3333,0
181,2019-06,0,3,0.0,0
181,2019-07,0,3,0.0,0
181,2019-08,0,2,0.0,0
181,2019-09,0,1,0.0,0
181,2019-10,0,1,0.0,0
181,2019-11,0,0,,0
181,2019-12,1,3,0.3333,0
181,2020-01,0,1,0.0,0
181,2020-02,1,4,0.25,0
181,2020-03,0,3,0.0,0
181,2020-04,0,0,,0
181,2020-05,0,1,0.0,0
181,2020-06,0,2,0.0,0
181,2020-07,0,0,,0
181,2020-08,1,1,1.0,0
181,2020-09,0,0,,0
181,2020-10,0,4,0.0,0
181,2020-11,0,0,,0
181,2020-12,0,1,0.0,0
181,2021-01,0,2,0.0,0
181,2021-02,0,2,0.0,0
181,2021-03,0,0,,0
181,2021-04,0,2,0.0,0
181,2021-05,0,0,,0
181,2021-06,0,0,,0
181,2021-07,0,0,,0
181,2021-08,0,1,0.0,0
181,2021-09,0,1,0.0,0
181,2021-10,0,0,,0
181,2021-11,0,1,0.0,0
181,2021-12,0,0,,0
181,2022-01,0,0,,0
181,2022-02,0,0,,0
181,2022-03,0,1,0.0,0
181,2022-04,0,1,0.0,0
181,2022-05,1,2,0.5,0
181,2022-06,0,2,0.0,0
181,2022-07,0,1,0.0,0
182,2019-01,0,4,0.0,0
182,2019-02,0,1,0.0,0
182,2019-03,0,2,0.0,0
182,2019-04,0,6,0.0,0
182,2019-05,0,3,0.0,0
182,2019-06,0,5,0.0,0
182,2019-07,0,2,0.0,0
182,2019-08,0,3,0.0,0
182,2019-09,0,1,0.0,0
182,2019-10,1,5,0.2,0
182,2019-11,0,1,0.0,0
182,2019-12,0,0,,0
182,2020-01,0,0,,0
182,2020-02,0,5,0.0,0
182,2020-03,1,4,0.25,0
182,2020-04,0,3,0.0,0
182,2020-05,0,4,0.0,0
182,2020-06,0,3,0.0,0
182,2020-07,0,4,0.0,0
182,2020-08,0,1,0.0,0
182,2020-09,0,2,0.0,0
182,2020-10,0,2,0.0,0
182,2020-11,0,0,,0
182,2020-12,0,1,0.0,0
182,2021-01,0,3,0.0,0
182,2021-02,0,1,0.0,0
182,2021-03,0,1,0.0,0
182,2021-04,0,0,,0
182,2021-05,0,0,,0
182,2021-06,0,0,,0
182,2021-07,0,2,0.0,0
182,2021-08,0,0,,0
182,2021-09,0,0,,0
182,2021-10,0,1,0.0,0
182,2021-11,0,1,0.0,0
182,2021-12,0,1,0.0,0
182,2022-01,0,1,0.0,0
182,2022-02,0,0,,0
182,2022-03,0,1,0.0,0
182,2022-04,0,3,0.0,0
182,2022-05,0,1,0.0,0
182,2022-06,0,2,0.0,0
182,2022-07,0,0,,0
183,2019-01,0,0,,0
183,2019-02,0,1,0.0,0
183,2019-03,0,1,0.0,0
183,2019-04,0,2,0.0,0
183,2019-05,0,0,,0
183,2019-06,0,0,,0
183,2019-07,0,2,0.0,0
183,2019-08,0,2,0.0,0
183,2019-09,0,2,0.0,0
183,2019-10,0,2,0.0,0
183,2019-11,1,1,1.0,0
183,2019-12,0,1,0.0,0
183,2020-01,0,1,0.0,0
183,2020-02,1,2,0.5,0
183,2020-03,1,5,0.2,0
183,2020-04,0,0,,0
183,2020-05,0,2,0.0,0
183,2020-06,0,2,0.0,0
183,2020-07,0,0,,0
183,2020-08,0,1,0.0,0
183,2020-09,0,0,,0
183,2020-10,0,1,0.0,0
183,2020-11,0,2,0.0,0
183,2020-12,0,2,0.0,0
183,2021-01,1,4,0.25,0
183,2021-02,0,0,,0
183,2021-03,0,1,0.0,0
183,2021-04,0,0,,0
183,2021-05,0,0,,0
183,2021-06,0,0,,0
183,2021-07,0,1,0.0,0
183,2021-08,0,0,,0
183,2021-09,0,0,,0
183,2021-10,0,1,0.0,0
183,2021-11,0,1,0.0,0
183,2021-12,0,0,,0
183,2022-01,0,0,,0
183,2022-02,0,3,0.0,0
183,2022-03,0,0,,0
183,2022-04,0,0,,0
183,2022-05,0,0,,0
183,2022-06,0,2,0.0,0
183,2022-07,0,2,0.0,0
184,2019-01,1,4,0.25,0
184,2019-02,1,6,0.1667,0
184,2019-03,0,2,0.0,0
184,2019-04,0,2,0.0,0
184,2019-05,0,5,0.0,0
184,2019-06,1,6,0.1667,0
184,2019-07,1,6,0.1667,0
184,2019-08,5,16,0.3125,1
184,2019-09,1,3,0.3333,0
184,2019-10,2,6,0.3333,0
184,2019-11,0,5,0.0,0
184,2019-12,0,6,0.0,0
184,2020-01,1,3,0.3333,0
184,2020-02,1,12,0.0833,0
184,2020-03,0,8,0.0,0
184,2020-04,0,1,0.0,0
184,2020-05,0,4,0.0,0
184,2020-06,0,1,0.0,0
184,2020-07,0,0,,0
184,2020-08,2,2,1.0,0
184,2020-09,0,4,0.0,0
184,2020-10,0,4,0.0,0
184,2020-11,0,1,0.0,0
184,2020-12,1,9,0.1111,0
184,2021-01,0,5,0.0,0
184,2021-02,0,6,0.0,0
184,2021-03,0,3,0.0,0
184,2021-04,0,3,0.0,0
184,2021-05,0,0,,0
184,2021-06,0,1,0.0,0
184,2021-07,0,2,0.0,0
184,2021-08,0,2,0.0,0
184,2021-09,0,0,,0
184,2021-10,0,3,0.0,0
184,2021-11,0,2,0.0,0
184,2021-12,0,0,,0
184,2022-01,0,5,0.0,0
184,2022-02,0,7,0.0,0
184,2022-03,0,9,0.0,0
184,2022-04,1,1,1.0,0
184,2022-05,1,6,0.1667,0
184,2022-06,0,3,0.0,0
184,2022-07,0,2,0.0,0
185,2019-01,2,4,0.5,1
185,2019-02,0,1,0.0,0
185,2019-03,3,4,0.75,1
185,2019-04,0,1,0.0,0
185,2019-05,1,3,0.3333,0
185,2019-06,2,3,0.6667,1
185,2019-07,0,0,,0
185,2019-08,0,2,0.0,0
185,2019-09,2,6,0.3333,1
185,2019-10,1,7,0.1429,0
185,2019-11,1,1,1.0,0
185,2019-12,0,0,,0
185,2020-01,1,2,0.5,0
185,2020-02,1,5,0.2,0
185,2020-03,1,3,0.3333,0
185,2020-04,0,0,,0
185,2020-05,1,3,0.3333,0
185,2020-06,1,3,0.3333,0
185,2020-07,0,2,0.0,0
185,2020-08,1,1,1.0,0
185,2020-09,0,1,0.0,0
185,2020-10,0,8,0.0,0
185,2020-11,0,2,0.0,0
185,2020-12,0,5,0.0,0
185,2021-01,0,2,0.0,0
185,2021-02,0,0,,0
185,2021-03,1,1,1.0,0
185,2021-04,0,3,0.0,0
185,2021-05,0,2,0.0,0
185,2021-06,0,0,,0
185,2021-07,0,1,0.0,0
185,2021-08,0,0,,0
185,2021-09,0,2,0.0,0
185,2021-10,0,1,0.0,0
185,2021-11,0,1,0.0,0
185,2021-12,0,2,0.0,0
185,2022-01,0,0,,0
185,2022-02,0,0,,0
185,2022-03,0,1,0.0,0
185,2022-04,0,3,0.0,0
185,2022-05,0,1,0.0,0
185,2022-06,0,0,,0
185,2022-07,0,2,0.0,0
186,2019-01,0,1,0.0,0
186,2019-02,0,2,0.0,0
186,2019-03,0,1,0.0,0
186,2019-04,0,2,0.0,0
186,2019-05,0,3,0.0,0
186,2019-06,1,1,1.0,0
186,2019-07,0,0,,0
186,2019-08,0,0,,0
186,2019-09,0,1,0.0,0
186,2019-10,1,1,1.0,0
186,2019-11,1,1,1.0,0
186,2019-12,0,1,0.0,0
186,2020-01,0,4,0.0,0
186,2020-02,0,1,0.0,0
186,2020-03,1,1,1.0,0
186,2020-04,0,0,,0
186,2020-05,0,4,0.0,0
186,2020-06,0,0,,0
186,2020-07,0,0,,0
186,2020-08,0,2,0.0,0
186,2020-09,0,1,0.0,0
186,2020-10,0,0,,0
186,2020-11,0,1,0.0,0
186,2020-12,0,0,,0
186,2021-01,0,2,0.0,0
186,2021-02,0,0,,0
186,2021-03,0,0,,0
186,2021-04,0,2,0.0,0
186,2021-05,0,0,,0
186,2021-06,0,1,0.0,0
186,2021-07,0,0,,0
186,2021-08,0,0,,0
186,2021-09,0,0,,0
186,2021-10,0,0,,0
186,2021-11,0,1,0.0,0
186,2021-12,0,2,0.0,0
186,2022-01,0,0,,0
186,2022-02,0,0,,0
186,2022-03,0,0,,0
186,2022-04,0,0,,0
186,2022-05,0,2,0.0,0
186,2022-06,0,0,,0
186,2022-07,0,0,,0
187,2019-01,2,2,1.0,1
187,2019-02,1,3,0.3333,0
187,2019-03,0,5,0.0,0
187,2019-04,0,8,0.0,0
187,2019-05,1,5,0.2,0
187,2019-06,2,9,0.2222,1
187,2019-07,0,2,0.0,0
187,2019-08,6,10,0.6,1
187,2019-09,2,6,0.3333,1
187,2019-10,1,10,0.1,0
187,2019-11,3,4,0.75,1
187,2019-12,0,2,0.0,0
187,2020-01,1,9,0.1111,0
187,2020-02,1,8,0.125,0
187,2020-03,1,8,0.125,0
187,2020-04,0,1,0.0,0
187,2020-05,0,1,0.0,0
187,2020-06,0,1,0.0,0
187,2020-07,0,2,0.0,0
187,2020-08,0,4,0.0,0
187,2020-09,0,2,0.0,0
187,2020-10,1,3,0.3333,0
187,2020-11,1,3,0.3333,0
187,2020-12,1,6,0.1667,0
187,2021-01,0,1,0.0,0
187,2021-02,1,7,0.1429,0
187,2021-03,0,2,0.0,0
187,2021-04,0,1,0.0,0
187,2021-05,0,1,0.0,0
187,2021-06,0,1,0.0,0
187,2021-07,0,1,0.0,0
187,2021-08,0,0,,0
187,2021-09,0,2,0.0,0
187,2021-10,0,0,,0
187,2021-11,0,1,0.0,0
187,2021-12,0,1,0.0,0
187,2022-01,0,1,0.0,0
187,2022-02,2,4,0.5,1
187,2022-03,0,0,,0
187,2022-04,0,2,0.0,0
187,2022-05,0,1,0.0,0
187,2022-06,0,0,,0
187,2022-07,1,3,0.3333,0
188,2019-01,0,5,0.0,0
188,2019-02,2,8,0.25,1
188,2019-03,3,8,0.375,1
188,2019-04,2,12,0.1667,1
188,2019-05,2,8,0.25,1
188,2019-06,3,5,0.6,1
188,2019-07,7,13,0.5385,1
188,2019-08,3,10,0.3,1
188,2019-09,3,12,0.25,1
188,2019-10,0,4,0.0,0
188,2019-11,7,14,0.5,1
188,2019-12,0,4,0.0,0
188,2020-01,2,5,0.4,1
188,2020-02,3,14,0.2143,1
188,2020-03,4,9,0.4444,1
188,2020-04,0,0,,0
188,2020-05,0,3,0.0,0
188,2020-06,0,3,0.0,0
188,2020-07,0,2,0.0,0
188,2020-08,0,1,0.0,0
188,2020-09,2,4,0.5,1
188,2020-10,0,3,0.0,0
188,2020-11,0,2,0.0,0
188,2020-12,1,22,0.0455,0
188,2021-01,0,15,0.0,0
188,2021-02,1,4,0.25,0
188,2021-03,0,3,0.0,0
188,2021-04,0,2,0.0,0
188,2021-05,0,2,0.0,0
188,2021-06,0,0,,0
188,2021-07,0,1,0.0,0
188,2021-08,0,3,0.0,0
188,2021-09,1,3,0.3333,0
188,2021-10,0,0,,0
188,2021-11,0,2,0.0,0
188,2021-12,0,1,0.0,0
188,2022-01,0,1,0.0,0
188,2022-02,0,2,0.0,0
188,2022-03,0,2,0.0,0
188,2022-04,0,0,,0
188,2022-05,1,1,1.0,0
188,2022-06,3,4,0.75,1
188,2022-07,0,3,0.0,0
189,2019-01,0,0,,0
189,2019-02,0,3,0.0,0
189,2019-03,1,4,0.25,0
189,2019-04,1,5,0.2,0
189,2019-05,0,1,0.0,0
189,2019-06,0,0,,0
189,2019-07,2,2,1.0,1
189,2019-08,3,6,0.5,1
189,2019-09,1,3,0.3333,0
189,2019-10,5,8,0.625,1
189,2019-11,3,4,0.75,1
189,2019-12,0,3,0.0,0
189,2020-01,4,6,0.6667,1
189,2020-02,2,7,0.2857,1
189,2020-03,1,1,1.0,0
189,2020-04,0,0,,0
189,2020-05,0,0,,0
189,2020-06,1,2,0.5,0
189,2020-07,0,0,,0
189,2020-08,0,1,0.0,0
189,2020-09,0,0,,0
189,2020-10,0,1,0.0,0
189,2020-11,0,0,,0
189,2020-12,0,0,,0
189,2021-01,0,1,0.0,0
189,2021-02,0,1,0.0,0
189,2021-03,0,1,0.0,0
189,2021-04,0,0,,0
189,2021-05,0,1,0.0,0
189,2021-06,0,0,,0
189,2021-07,0,1,0.0,0
189,2021-08,0,1,0.0,0
189,2021-09,0,2,0.0,0
189,2021-10,0,0,,0
189,2021-11,1,1,1.0,0
189,2021-12,0,1,0.0,0
189,2022-01,0,1,0.0,0
189,2022-02,0,0,,0
189,2022-03,0,2,0.0,0
189,2022-04,0,0,,0
189,2022-05,0,0,,0
189,2022-06,0,3,0.0,0
189,2022-07,0,2,0.0,0
190,2019-01,0,2,0.0,0
190,2019-02,4,9,0.4444,1
190,2019-03,0,8,0.0,0
190,2019-04,2,6,0.3333,1
190,2019-05,1,3,0.3333,0
190,2019-06,2,3,0.6667,1
190,2019-07,4,10,0.4,1
190,2019-08,0,3,0.0,0
190,2019-09,1,15,0.0667,0
190,2019-10,3,7,0.4286,1
190,2019-11,5,9,0.5556,1
190,2019-12,3,8,0.375,1
190,2020-01,2,3,0.6667,1
190,2020-02,0,2,0.0,0
190,2020-03,1,2,0.5,0
190,2020-04,0,1,0.0,0
190,2020-05,0,1,0.0,0
190,2020-06,1,5,0.2,0
190,2020-07,0,0,,0
190,2020-08,0,0,,0
190,2020-09,0,1,0.0,0
190,2020-10,0,2,0.0,0
190,2020-11,0,3,0.0,0
190,2020-12,0,4,0.0,0
190,2021-01,1,4,0.25,0
190,2021-02,0,2,0.0,0
190,2021-03,0,5,0.0,0
190,2021-04,0,1,0.0,0
190,2021-05,0,1,0.0,0
190,2021-06,0,2,0.0,0
190,2021-07,0,0,,0
190,2021-08,0,0,,0
190,2021-09,0,2,0.0,0
190,2021-10,1,1,1.0,0
190,2021-11,0,0,,0
190,2021-12,0,1,0.0,0
190,2022-01,0,1,0.0,0
190,2022-02,0,1,0.0,0
190,2022-03,0,2,0.0,0
190,2022-04,0,2,0.0,0
190,2022-05,1,8,0.125,0
190,2022-06,0,0,,0
190,2022-07,0,0,,0
191,2019-01,0,5,0.0,0
191,2019-02,1,7,0.1429,0
191,2019-03,2,11,0.1818,0
191,2019-04,1,3,0.3333,0
191,2019-05,1,5,0.2,0
191,2019-06,0,6,0.0,0
191,2019-07,2,13,0.1538,0
191,2019-08,5,15,0.3333,1
191,2019-09,2,5,0.4,0
191,2019-10,6,19,0.3158,1
191,2019-11,11,31,0.3548,1
191,2019-12,1,14,0.0714,0
191,2020-01,1,10,0.1,0
191,2020-02,3,11,0.2727,1
191,2020-03,1,8,0.125,0
191,2020-04,1,2,0.5,0
191,2020-05,0,5,0.0,0
191,2020-06,1,4,0.25,0
191,2020-07,1,2,0.5,0
191,2020-08,7,21,0.3333,1
191,2020-09,2,6,0.3333,0
191,2020-10,2,4,0.5,0
191,2020-11,0,2,0.0,0
191,2020-12,0,7,0.0,0
191,2021-01,1,16,0.0625,0
191,2021-02,1,5,0.2,0
191,2021-03,0,1,0.0,0
191,2021-04,0,1,0.0,0
191,2021-05,0,0,,0
191,2021-06,0,0,,0
191,2021-07,3,4,0.75,1
191,2021-08,0,1,0.0,0
191,2021-09,0,1,0.0,0
191,2021-10,0,2,0.0,0
191,2021-11,4,8,0.5,1
191,2021-12,0,1,0.0,0
191,2022-01,0,1,0.0,0
191,2022-02,0,1,0.0,0
191,2022-03,0,4,0.0,0
191,2022-04,0,1,0.0,0
191,2022-05,0,4,0.0,0
191,2022-06,0,2,0.0,0
191,2022-07,0,8,0.0,0
192,2019-01,6,20,0.3,1
192,2019-02,6,18,0.3333,1
192,2019-03,2,21,0.0952,0
192,2019-04,1,5,0.2,0
192,2019-05,6,30,0.2,1
192,2019-06,5,24,0.2083,1
192,2019-07,1,30,0.0333,0
192,2019-08,10,24,0.4167,1
192,2019-09,5,20,0.25,1
192,2019-10,5,11,0.4545,1
192,2019-11,11,25,0.44,1
192,2019-12,2,20,0.1,0
192,2020-01,3,12,0.25,0
192,2020-02,4,22,0.1818,1
192,2020-03,2,11,0.1818,0
192,2020-04,1,4,0.25,0
192,2020-05,0,7,0.0,0
192,2020-06,2,12,0.1667,0
192,2020-07,1,5,0.2,0
192,2020-08,1,6,0.1667,0
192,2020-09,1,10,0.1,0
192,2020-10,4,11,0.3636,1
192,2020-11,0,12,0.0,0
192,2020-12,2,12,0.1667,0
192,2021-01,1,6,0.1667,0
192,2021-02,0,11,0.0,0
192,2021-03,1,8,0.125,0
192,2021-04,4,14,0.2857,1
192,2021-05,0,2,0.0,0
192,2021-06,1,2,0.5,0
192,2021-07,1,8,0.125,0
192,2021-08,2,9,0.2222,0
192,2021-09,0,1,0.0,0
192,2021-10,4,11,0.3636,1
192,2021-11,2,8,0.25,0
192,2021-12,1,5,0.2,0
192,2022-01,1,14,0.0714,0
192,2022-02,0,3,0.0,0
192,2022-03,0,11,0.0,0
192,2022-04,1,7,0.1429,0
192,2022-05,0,4,0.0,0
192,2022-06,0,4,0.0,0
192,2022-07,0,1,0.0,0
193,2019-01,1,5,0.2,0
193,2019-02,1,4,0.25,0
193,2019-03,1,6,0.1667,0
193,2019-04,1,4,0.25,0
193,2019-05,5,15,0.3333,1
193,2019-06,1,10,0.1,0
193,2019-07,0,5,0.0,0
193,2019-08,3,6,0.5,1
193,2019-09,0,7,0.0,0
193,2019-10,1,7,0.1429,0
193,2019-11,2,4,0.5,0
193,2019-12,2,5,0.4,0
193,2020-01,0,4,0.0,0
193,2020-02,4,11,0.3636,1
193,2020-03,1,4,0.25,0
193,2020-04,0,1,0.0,0
193,2020-05,0,5,0.0,0
193,2020-06,0,1,0.0,0
193,2020-07,1,1,1.0,0
193,2020-08,1,2,0.5,0
193,2020-09,0,2,0.0,0
193,2020-10,0,2,0.0,0
193,2020-11,2,3,0.6667,0
193,2020-12,0,21,0.0,0
193,2021-01,0,5,0.0,0
193,2021-02,0,1,0.0,0
193,2021-03,3,10,0.3,1
193,2021-04,0,2,0.0,0
193,2021-05,0,1,0.0,0
193,2021-06,0,4,0.0,0
193,2021-07,0,1,0.0,0
193,2021-08,0,1,0.0,0
193,2021-09,0,2,0.0,0
193,2021-10,1,5,0.2,0
193,2021-11,2,8,0.25,0
193,2021-12,0,0,,0
193,2022-01,0,1,0.0,0
193,2022-02,0,1,0.0,0
193,2022-03,0,2,0.0,0
193,2022-04,1,5,0.2,0
193,2022-05,0,2,0.0,0
193,2022-06,0,8,0.0,0
193,2022-07,0,1,0.0,0
194,2019-01,0,3,0.0,0
194,2019-02,1,6,0.1667,0
194,2019-03,1,4,0.25,0
194,2019-04,0,5,0.0,0
194,2019-05,0,5,0.0,0
194,2019-06,0,3,0.0,0
194,2019-07,0,2,0.0,0
194,2019-08,2,3,0.6667,0
194,2019-09,1,3,0.3333,0
194,2019-10,1,7,0.1429,0
194,2019-11,4,6,0.6667,1
194,2019-12,2,4,0.5,0
194,2020-01,0,1,0.0,0
194,2020-02,1,4,0.25,0
194,2020-03,0,2,0.0,0
194,2020-04,0,3,0.0,0
194,2020-05,0,1,0.0,0
194,2020-06,0,0,,0
194,2020-07,0,2,0.0,0
194,2020-08,1,3,0.3333,0
194,2020-09,0,2,0.0,0
194,2020-10,0,3,0.0,0
194,2020-11,0,1,0.0,0
194,2020-12,0,3,0.0,0
194,2021-01,0,9,0.0,0
194,2021-02,3,4,0.75,1
194,2021-03,0,0,,0
194,2021-04,0,1,0.0,0
194,2021-05,0,0,,0
194,2021-06,0,1,0.0,0
194,2021-07,0,0,,0
194,2021-08,0,8,0.0,0
194,2021-09,0,0,,0
194,2021-10,0,0,,0
194,2021-11,0,1,0.0,0
194,2021-12,0,2,0.0,0
194,2022-01,0,0,,0
194,2022-02,0,1,0.0,0
194,2022-03,0,3,0.0,0
194,2022-04,0,3,0.0,0
194,2022-05,0,3,0.0,0
194,2022-06,0,0,,0
194,2022-07,0,2,0.0,0
195,2019-01,0,4,0.0,0
195,2019-02,1,3,0.3333,0
195,2019-03,0,4,0.0,0
195,2019-04,0,1,0.0,0
195,2019-05,0,0,,0
195,2019-06,1,2,0.5,0
195,2019-07,0,3,0.0,0
195,2019-08,1,2,0.5,0
195,2019-09,0,4,0.0,0
195,2019-10,1,9,0.1111,0
195,2019-11,0,7,0.0,0
195,2019-12,0,2,0.0,0
195,2020-01,1,7,0.1429,0
195,2020-02,1,6,0.1667,0
195,2020-03,0,5,0.0,0
195,2020-04,0,0,,0
195,2020-05,1,2,0.5,0
195,2020-06,0,2,0.0,0
195,2020-07,0,1,0.0,0
195,2020-08,0,0,,0
195,2020-09,0,0,,0
195,2020-10,1,2,0.5,0
195,2020-11,0,1,0.0,0
195,2020-12,0,3,0.0,0
195,2021-01,0,3,0.0,0
195,2021-02,0,0,,0
195,2021-03,0,1,0.0,0
195,2021-04,0,0,,0
195,2021-05,0,0,,0
195,2021-06,0,0,,0
195,2021-07,0,3,0.0,0
195,2021-08,0,2,0.0,0
195,2021-09,0,0,,0
195,2021-10,0,0,,0
195,2021-11,0,1,0.0,0
195,2021-12,0,1,0.0,0
195,2022-01,0,0,,0
195,2022-02,0,1,0.0,0
195,2022-03,0,1,0.0,0
195,2022-04,0,2,0.0,0
195,2022-05,0,1,0.0,0
195,2022-06,0,0,,0
195,2022-07,2,6,0.3333,1
196,2019-01,0,1,0.0,0
196,2019-02,0,1,0.0,0
196,2019-03,0,2,0.0,0
196,2019-04,0,2,0.0,0
196,2019-05,1,9,0.1111,0
196,2019-06,2,5,0.4,0
196,2019-07,0,1,0.0,0
196,2019-08,0,0,,0
196,2019-09,3,4,0.75,1
196,2019-10,0,2,0.0,0
196,2019-11,0,7,0.0,0
196,2019-12,2,5,0.4,0
196,2020-01,0,5,0.0,0
196,2020-02,1,11,0.0909,0
196,2020-03,0,3,0.0,0
196,2020-04,0,2,0.0,0
196,2020-05,1,2,0.5,0
196,2020-06,0,0,,0
196,2020-07,1,1,1.0,0
196,2020-08,0,2,0.0,0
196,2020-09,0,1,0.0,0
196,2020-10,0,4,0.0,0
196,2020-11,0,1,0.0,0
196,2020-12,0,6,0.0,0
196,2021-01,0,2,0.0,0
196,2021-02,1,2,0.5,0
196,2021-03,1,2,0.5,0
196,2021-04,0,1,0.0,0
196,2021-05,0,1,0.0,0
196,2021-06,0,1,0.0,0
196,2021-07,0,1,0.0,0
196,2021-08,0,1,0.0,0
196,2021-09,0,1,0.0,0
196,2021-10,0,0,,0
196,2021-11,0,1,0.0,0
196,2021-12,0,0,,0
196,2022-01,0,1,0.0,0
196,2022-02,0,1,0.0,0
196,2022-03,0,2,0.0,0
196,2022-04,0,3,0.0,0
196,2022-05,0,0,,0
196,2022-06,0,1,0.0,0
196,2022-07,1,1,1.0,0
197,2019-01,0,3,0.0,0
197,2019-02,2,5,0.4,1
197,2019-03,0,7,0.0,0
197,2019-04,0,6,0.0,0
197,2019-05,2,9,0.2222,1
197,2019-06,1,8,0.125,0
197,2019-07,1,5,0.2,0
197,2019-08,4,11,0.3636,1
197,2019-09,4,7,0.5714,1
197,2019-10,6,12,0.5,1
197,2019-11,1,6,0.1667,0
197,2019-12,0,1,0.0,0
197,2020-01,0,3,0.0,0
197,2020-02,2,7,0.2857,1
197,2020-03,0,7,0.0,0
197,2020-04,0,0,,0
197,2020-05,0,1,0.0,0
197,2020-06,0,3,0.0,0
197,2020-07,2,6,0.3333,1
197,2020-08,1,1,1.0,0
197,2020-09,0,2,0.0,0
197,2020-10,0,4,0.0,0
197,2020-11,0,1,0.0,0
197,2020-12,0,8,0.0,0
197,2021-01,0,3,0.0,0
197,2021-02,0,1,0.0,0
197,2021-03,1,2,0.5,0
197,2021-04,0,0,,0
197,2021-05,0,2,0.0,0
197,2021-06,0,0,,0
197,2021-07,0,0,,0
197,2021-08,0,1,0.0,0
197,2021-09,0,0,,0
197,2021-10,0,2,0.0,0
197,2021-11,0,3,0.0,0
197,2021-12,1,2,0.5,0
197,2022-01,0,2,0.0,0
197,2022-02,0,1,0.0,0
197,2022-03,0,1,0.0,0
197,2022-04,0,2,0.0,0
197,2022-05,0,0,,0
197,2022-06,0,3,0.0,0
197,2022-07,0,3,0.0,0
198,2019-01,0,1,0.0,0
198,2019-02,0,1,0.0,0
198,2019-03,0,1,0.0,0
198,2019-04,0,2,0.0,0
198,2019-05,2,4,0.5,0
198,2019-06,2,6,0.3333,0
198,2019-07,1,10,0.1,0
198,2019-08,0,9,0.0,0
198,2019-09,2,6,0.3333,0
198,2019-10,1,7,0.1429,0
198,2019-11,2,4,0.5,0
198,2019-12,0,1,0.0,0
198,2020-01,1,7,0.1429,0
198,2020-02,2,7,0.2857,0
198,2020-03,1,4,0.25,0
198,2020-04,0,0,,0
198,2020-05,0,1,0.0,0
198,2020-06,1,5,0.2,0
198,2020-07,0,0,,0
198,2020-08,0,0,,0
198,2020-09,1,4,0.25,0
198,2020-10,0,2,0.0,0
198,2020-11,0,1,0.0,0
198,2020-12,1,10,0.1,0
198,2021-01,0,9,0.0,0
198,2021-02,0,2,0.0,0
198,2021-03,0,4,0.0,0
198,2021-04,1,2,0.5,0
198,2021-05,0,1,0.0,0
198,2021-06,0,3,0.0,0
198,2021-07,0,5,0.0,0
198,2021-08,0,4,0.0,0
198,2021-09,0,2,0.0,0
198,2021-10,0,2,0.0,0
198,2021-11,0,0,,0
198,2021-12,0,0,,0
198,2022-01,0,2,0.0,0
198,2022-02,0,7,0.0,0
198,2022-03,0,3,0.0,0
198,2022-04,0,3,0.0,0
198,2022-05,0,1,0.0,0
198,2022-06,1,1,1.0,0
198,2022-07,0,1,0.0,0
